ID,Status,Name,Description,Area,Parent Asset,Location Name,Barcode,Category,Assigned To,Warranty Expiry Date,Additional Info,Serial Number,Teams names,Associated Parts,Vendor,Contractor
1,DOWN,Monitoring-System-HN-01,SolarWinds Hybrid Cloud Observability Appliance,North,,Infrastructure Site - HN-01,MON-HN01,Network Equipment,Network Engineer,2029-11-23,Central site monitoring appliance,MONHN0117367,Network Operations,"Power Supplies, SSDs",SolarWinds,
2,MAINTENANCE,Core-Router-HN-01,Cisco ASR 9904 Core Router,North,,Network Operations Center (NOC) - HN-01,RTR-HN01,Network Equipment,Network Engineer,2029-11-21,Core network routing platform,RTRHN0118600,Network Operations,"Line Cards, Power Supplies",Cisco,Mekong Telecom Services
3,MAINTENANCE,Security-VMS-Server-HN-01,Milestone Husky IVO 350R Video Management Server,North,,Security Operations Center (SOC) - HN-01,VMS-HN01,Security,Security Officer,2027-10-05,Video management and recording server,VMSHN0178719,Security Operations,"RAID Drives, PSUs",Milestone,
4,OPERATIONAL,Virtualization-Host-HN-01,Dell PowerEdge R750 Virtualization Host,North,,Server Room A - HN-01,SRV-HN01,Servers,System Administrator,2027-03-01,Virtualization compute cluster node,SRVHN0136309,Server Operations,"RAM, NVMe Drives",Dell,
5,OPERATIONAL,Storage-Array-HN-01,NetApp AFF A250 Storage Array,North,,Server Room B - HN-01,SAN-HN01,Storage,Storage Administrator,2027-04-29,Shared storage array for critical workloads,SANHN0169827,Server Operations,"SSDs, Controllers",NetApp,
6,DOWN,Access-Switch-HN-01,Juniper EX4300 Access Switch,North,,Network Closet - HN-01,SW-HN01,Network Equipment,Network Engineer,2027-04-14,Access layer switch for wired users,SWHN0136097,Network Operations,"Transceivers, Fans",Juniper,
7,OPERATIONAL,Access-Control-Panel-HN-01,Paxton Net2 Plus Access Control Panel,North,,Access Control Room - HN-01,ACP-HN01,Security,Security Officer,2028-07-15,Door access control and credential management,ACPHN0170846,Security Operations,"Power Supply, Readers",Paxton,
8,OPERATIONAL,NVR-HN-01,Hikvision DS-9632NI-M8 Network Video Recorder,North,,Video Surveillance Room - HN-01,NVR-HN01,Security,Security Officer,2029-10-31,Central CCTV recording system,NVRHN0126236,Security Operations,"Hard Drives, Fans",Hikvision,
9,OPERATIONAL,UPS-HN-01,APC Smart-UPS SRT 3000VA,North,,UPS Room - HN-01,UPS-HN01,Power,Electrician,2030-10-27,Online double-conversion UPS,UPSHN0187862,Facilities,"Batteries, Fan Kits",APC,
10,OPERATIONAL,ATS-Panel-HN-01,Schneider EasyPact Automatic Transfer Switch,North,,Electrical Room - HN-01,ATS-HN01,Power,Electrician,2029-07-02,Automatic mains/generator transfer switch,ATSHN0186923,Facilities,"Breakers, Contact Kits",Schneider Electric,
11,OPERATIONAL,CRAC-Unit-HN-01,Vertiv Liebert PDX Precision Cooling Unit,North,,HVAC Plant - HN-01,CRAC-HN01,Cooling,HVAC Technician,2030-02-03,Precision cooling for IT spaces,CRACHN0131432,Facilities,"Filters, Compressor Kits",Vertiv,
12,OPERATIONAL,Generator-HN-01,Cummins C275D5 Backup Generator,North,,Generator Yard - HN-01,GEN-HN01,Power,Electrician,2028-06-13,Standby diesel generator set,GENHN0147364,Facilities,"Filters, Starter Batteries",Cummins,
13,OPERATIONAL,Visitor-Kiosk-HN-01,ZKTeco SpeedFace-V5L Visitor Kiosk,North,,Reception - HN-01,KSK-HN01,Security,Security Officer,2027-02-26,Visitor registration and facial verification terminal,KSKHN0131352,Security Operations,"Touch Panel, Camera Module",ZKTeco,
14,OPERATIONAL,Loading-Bay-Camera-HN-01,Hikvision DS-2CD2686G2 Bullet Camera,North,,Loading Bay - HN-01,CCTV-HN01,Security,Security Officer,2030-03-17,High-resolution loading dock surveillance camera,CCTVHN0138091,Security Operations,"Mounting Bracket, PoE Injector",Hikvision,
15,OPERATIONAL,Microwave-Radio-HN-01,Ceragon IP-20C Microwave Radio,North,,Roof - HN-01,MWR-HN01,Network Equipment,Field Technician,2028-03-29,Roof-top point-to-point backhaul radio,MWRHN0198826,Cellular Maintenance,"ODU Cables, Mount Kits",Ceragon,
16,OPERATIONAL,Fiber-Patch-Panel-HN-01,Corning EDGE Fiber Patch Panel,North,,IDF Room 1 - HN-01,FPP-HN01,Cabling,Cabling Technician,2028-02-28,Structured fiber distribution panel,FPPHN0163674,Infrastructure,"LC Connectors, Adapter Packs",Corning,
17,OPERATIONAL,Edge-Switch-HN-01,Cisco Catalyst 9300 Edge Switch,North,,IDF Room 2 - HN-01,ESW-HN01,Network Equipment,Network Engineer,2029-11-17,Edge switch for floor distribution,ESWHN0199417,Network Operations,"Power Supplies, SFP Modules",Cisco,
18,OPERATIONAL,5G-Antenna-HN-01,Ericsson AIR 6488 Massive MIMO Antenna,North,,Telecom Mast - HN-01,ANT-HN01,Cellular Equipment,Field Technician,2027-01-19,5G radio antenna system,ANTHN0132701,Cellular Maintenance,"Mount Kits, RF Jumpers",Ericsson,
19,MAINTENANCE,Baseband-Unit-HN-01,Nokia AirScale Baseband Unit,North,,Base Station - HN-01,BBU-HN01,Cellular Equipment,Field Technician,2030-05-16,Baseband processing for radio access network,BBUHN0189736,Cellular Maintenance,"Power Supply, Sync Modules",Nokia,
20,OPERATIONAL,Radio-Unit-HN-01,Ericsson Radio 4422 Remote Radio Unit,North,Baseband-Unit-HN-01,Antenna Array - HN-01,RRU-HN01,Cellular Equipment,Field Technician,2028-09-17,Remote radio head for sector coverage,RRUHN0146094,Cellular Maintenance,"RF Cables, Surge Protectors",Ericsson,
21,DOWN,Sensor-Gateway-HN-01,Advantech WISE-6610 IoT Gateway,North,,Storage Room - HN-01,IOT-HN01,IoT,Facilities Supervisor,2029-05-17,Environmental and utility sensor concentrator,IOTHN0155706,Facilities,"Antenna Kit, DIN Clips",Advantech,
22,OPERATIONAL,WiFi-Controller-HN-01,Cisco Catalyst 9800-L Wireless Controller,North,,Office Floor 1 - HN-01,WLC-HN01,Network Equipment,Network Engineer,2029-07-29,Centralized wireless controller,WLCHN0171171,Network Operations,"Power Supplies, SSDs",Cisco,
23,OPERATIONAL,Access-Point-HN-01,Aruba AP-515 Wireless Access Point,North,WiFi-Controller-HN-01,Office Floor 2 - HN-01,AP-HN01,Network Equipment,Network Engineer,2028-09-10,Wi-Fi 6 indoor wireless access point,APHN0191737,Network Operations,"Mounting Kit, PoE Injector",Aruba,
24,OPERATIONAL,AI-Analytics-Server-HN-01,NVIDIA DGX A100 AI Analytics Server,North,,Lab A - HN-01,AIS-HN01,Servers,AI Specialist,2029-03-24,Accelerated AI processing node,AISHN0110963,AI Operations,"GPUs, NVLink Cables",NVIDIA,
25,DOWN,Monitoring-Appliance-HN-01,Fluke OptiView XG Network Monitoring Appliance,North,,Workshop - HN-01,NMA-HN01,Network Equipment,Network Engineer,2029-11-13,Portable and fixed network diagnostics appliance,NMAHN0159051,Network Operations,"SFP Modules, SSDs",Fluke,
26,OPERATIONAL,Monitoring-System-HN-02,SolarWinds Hybrid Cloud Observability Appliance,North,,Infrastructure Site - HN-02,MON-HN02,Network Equipment,Network Engineer,2030-02-23,Central site monitoring appliance,MONHN0289829,Network Operations,"Power Supplies, SSDs",SolarWinds,
27,OPERATIONAL,Core-Router-HN-02,Cisco ASR 9904 Core Router,North,,Network Operations Center (NOC) - HN-02,RTR-HN02,Network Equipment,Network Engineer,2028-08-01,Core network routing platform,RTRHN0224169,Network Operations,"Line Cards, Power Supplies",Cisco,
28,OPERATIONAL,Security-VMS-Server-HN-02,Milestone Husky IVO 350R Video Management Server,North,,Security Operations Center (SOC) - HN-02,VMS-HN02,Security,Security Officer,2029-09-13,Video management and recording server,VMSHN0246239,Security Operations,"RAID Drives, PSUs",Milestone,
29,OPERATIONAL,Virtualization-Host-HN-02,Dell PowerEdge R750 Virtualization Host,North,,Server Room A - HN-02,SRV-HN02,Servers,System Administrator,2030-08-04,Virtualization compute cluster node,SRVHN0246291,Server Operations,"RAM, NVMe Drives",Dell,
30,OPERATIONAL,Storage-Array-HN-02,NetApp AFF A250 Storage Array,North,,Server Room B - HN-02,SAN-HN02,Storage,Storage Administrator,2028-06-18,Shared storage array for critical workloads,SANHN0295389,Server Operations,"SSDs, Controllers",NetApp,
31,OPERATIONAL,Access-Switch-HN-02,Juniper EX4300 Access Switch,North,,Network Closet - HN-02,SW-HN02,Network Equipment,Network Engineer,2028-09-03,Access layer switch for wired users,SWHN0277802,Network Operations,"Transceivers, Fans",Juniper,
32,DOWN,Access-Control-Panel-HN-02,Paxton Net2 Plus Access Control Panel,North,,Access Control Room - HN-02,ACP-HN02,Security,Security Officer,2028-05-07,Door access control and credential management,ACPHN0288647,Security Operations,"Power Supply, Readers",Paxton,
33,OPERATIONAL,NVR-HN-02,Hikvision DS-9632NI-M8 Network Video Recorder,North,,Video Surveillance Room - HN-02,NVR-HN02,Security,Security Officer,2029-04-07,Central CCTV recording system,NVRHN0299228,Security Operations,"Hard Drives, Fans",Hikvision,
34,OPERATIONAL,UPS-HN-02,APC Smart-UPS SRT 3000VA,North,,UPS Room - HN-02,UPS-HN02,Power,Electrician,2027-10-14,Online double-conversion UPS,UPSHN0248745,Facilities,"Batteries, Fan Kits",APC,
35,DOWN,ATS-Panel-HN-02,Schneider EasyPact Automatic Transfer Switch,North,,Electrical Room - HN-02,ATS-HN02,Power,Electrician,2028-06-15,Automatic mains/generator transfer switch,ATSHN0214629,Facilities,"Breakers, Contact Kits",Schneider Electric,
36,OPERATIONAL,CRAC-Unit-HN-02,Vertiv Liebert PDX Precision Cooling Unit,North,,HVAC Plant - HN-02,CRAC-HN02,Cooling,HVAC Technician,2030-04-09,Precision cooling for IT spaces,CRACHN0284978,Facilities,"Filters, Compressor Kits",Vertiv,
37,OPERATIONAL,Generator-HN-02,Cummins C275D5 Backup Generator,North,,Generator Yard - HN-02,GEN-HN02,Power,Electrician,2028-01-24,Standby diesel generator set,GENHN0299957,Facilities,"Filters, Starter Batteries",Cummins,
38,OPERATIONAL,Visitor-Kiosk-HN-02,ZKTeco SpeedFace-V5L Visitor Kiosk,North,,Reception - HN-02,KSK-HN02,Security,Security Officer,2029-12-30,Visitor registration and facial verification terminal,KSKHN0272355,Security Operations,"Touch Panel, Camera Module",ZKTeco,
39,OPERATIONAL,Loading-Bay-Camera-HN-02,Hikvision DS-2CD2686G2 Bullet Camera,North,,Loading Bay - HN-02,CCTV-HN02,Security,Security Officer,2030-10-07,High-resolution loading dock surveillance camera,CCTVHN0249347,Security Operations,"Mounting Bracket, PoE Injector",Hikvision,
40,MAINTENANCE,Microwave-Radio-HN-02,Ceragon IP-20C Microwave Radio,North,,Roof - HN-02,MWR-HN02,Network Equipment,Field Technician,2027-12-15,Roof-top point-to-point backhaul radio,MWRHN0283170,Cellular Maintenance,"ODU Cables, Mount Kits",Ceragon,SaiGon MEP Solutions
41,OPERATIONAL,Fiber-Patch-Panel-HN-02,Corning EDGE Fiber Patch Panel,North,,IDF Room 1 - HN-02,FPP-HN02,Cabling,Cabling Technician,2029-08-22,Structured fiber distribution panel,FPPHN0243902,Infrastructure,"LC Connectors, Adapter Packs",Corning,
42,OPERATIONAL,Edge-Switch-HN-02,Cisco Catalyst 9300 Edge Switch,North,Core-Router-HN-02,IDF Room 2 - HN-02,ESW-HN02,Network Equipment,Network Engineer,2030-02-18,Edge switch for floor distribution,ESWHN0299091,Network Operations,"Power Supplies, SFP Modules",Cisco,
43,OPERATIONAL,5G-Antenna-HN-02,Ericsson AIR 6488 Massive MIMO Antenna,North,,Telecom Mast - HN-02,ANT-HN02,Cellular Equipment,Field Technician,2028-11-18,5G radio antenna system,ANTHN0239272,Cellular Maintenance,"Mount Kits, RF Jumpers",Ericsson,
44,OPERATIONAL,Baseband-Unit-HN-02,Nokia AirScale Baseband Unit,North,,Base Station - HN-02,BBU-HN02,Cellular Equipment,Field Technician,2028-09-20,Baseband processing for radio access network,BBUHN0258717,Cellular Maintenance,"Power Supply, Sync Modules",Nokia,
45,OPERATIONAL,Radio-Unit-HN-02,Ericsson Radio 4422 Remote Radio Unit,North,Baseband-Unit-HN-02,Antenna Array - HN-02,RRU-HN02,Cellular Equipment,Field Technician,2028-06-17,Remote radio head for sector coverage,RRUHN0225437,Cellular Maintenance,"RF Cables, Surge Protectors",Ericsson,
46,OPERATIONAL,Sensor-Gateway-HN-02,Advantech WISE-6610 IoT Gateway,North,,Storage Room - HN-02,IOT-HN02,IoT,Facilities Supervisor,2029-08-21,Environmental and utility sensor concentrator,IOTHN0293151,Facilities,"Antenna Kit, DIN Clips",Advantech,
47,OPERATIONAL,WiFi-Controller-HN-02,Cisco Catalyst 9800-L Wireless Controller,North,,Office Floor 1 - HN-02,WLC-HN02,Network Equipment,Network Engineer,2030-04-10,Centralized wireless controller,WLCHN0291350,Network Operations,"Power Supplies, SSDs",Cisco,
48,OPERATIONAL,Access-Point-HN-02,Aruba AP-515 Wireless Access Point,North,WiFi-Controller-HN-02,Office Floor 2 - HN-02,AP-HN02,Network Equipment,Network Engineer,2027-05-26,Wi-Fi 6 indoor wireless access point,APHN0235499,Network Operations,"Mounting Kit, PoE Injector",Aruba,
49,OPERATIONAL,AI-Analytics-Server-HN-02,NVIDIA DGX A100 AI Analytics Server,North,,Lab A - HN-02,AIS-HN02,Servers,AI Specialist,2029-10-21,Accelerated AI processing node,AISHN0299220,AI Operations,"GPUs, NVLink Cables",NVIDIA,
50,OPERATIONAL,Monitoring-Appliance-HN-02,Fluke OptiView XG Network Monitoring Appliance,North,,Workshop - HN-02,NMA-HN02,Network Equipment,Network Engineer,2029-02-20,Portable and fixed network diagnostics appliance,NMAHN0229762,Network Operations,"SFP Modules, SSDs",Fluke,
51,DOWN,Monitoring-System-HCM-03,SolarWinds Hybrid Cloud Observability Appliance,South,,Infrastructure Site - HCM-03,MON-HCM03,Network Equipment,Network Engineer,2027-10-09,Central site monitoring appliance,MONHCM0354914,Network Operations,"Power Supplies, SSDs",SolarWinds,
52,STANDBY,Core-Router-HCM-03,Cisco ASR 9904 Core Router,South,,Network Operations Center (NOC) - HCM-03,RTR-HCM03,Network Equipment,Network Engineer,2029-04-18,Core network routing platform,RTRHCM0369974,Network Operations,"Line Cards, Power Supplies",Cisco,
53,OPERATIONAL,Security-VMS-Server-HCM-03,Milestone Husky IVO 350R Video Management Server,South,,Security Operations Center (SOC) - HCM-03,VMS-HCM03,Security,Security Officer,2027-10-21,Video management and recording server,VMSHCM0333639,Security Operations,"RAID Drives, PSUs",Milestone,
54,OPERATIONAL,Virtualization-Host-HCM-03,Dell PowerEdge R750 Virtualization Host,South,,Server Room A - HCM-03,SRV-HCM03,Servers,System Administrator,2027-06-15,Virtualization compute cluster node,SRVHCM0392710,Server Operations,"RAM, NVMe Drives",Dell,
55,OPERATIONAL,Storage-Array-HCM-03,NetApp AFF A250 Storage Array,South,,Server Room B - HCM-03,SAN-HCM03,Storage,Storage Administrator,2027-12-29,Shared storage array for critical workloads,SANHCM0317603,Server Operations,"SSDs, Controllers",NetApp,
56,OPERATIONAL,Access-Switch-HCM-03,Juniper EX4300 Access Switch,South,,Network Closet - HCM-03,SW-HCM03,Network Equipment,Network Engineer,2027-01-10,Access layer switch for wired users,SWHCM0337444,Network Operations,"Transceivers, Fans",Juniper,
57,OPERATIONAL,Access-Control-Panel-HCM-03,Paxton Net2 Plus Access Control Panel,South,,Access Control Room - HCM-03,ACP-HCM03,Security,Security Officer,2027-12-12,Door access control and credential management,ACPHCM0330766,Security Operations,"Power Supply, Readers",Paxton,
58,MAINTENANCE,NVR-HCM-03,Hikvision DS-9632NI-M8 Network Video Recorder,South,,Video Surveillance Room - HCM-03,NVR-HCM03,Security,Security Officer,2029-09-29,Central CCTV recording system,NVRHCM0321539,Security Operations,"Hard Drives, Fans",Hikvision,Mekong Telecom Services
59,OPERATIONAL,UPS-HCM-03,APC Smart-UPS SRT 3000VA,South,,UPS Room - HCM-03,UPS-HCM03,Power,Electrician,2030-07-21,Online double-conversion UPS,UPSHCM0372573,Facilities,"Batteries, Fan Kits",APC,
60,OPERATIONAL,ATS-Panel-HCM-03,Schneider EasyPact Automatic Transfer Switch,South,,Electrical Room - HCM-03,ATS-HCM03,Power,Electrician,2029-02-24,Automatic mains/generator transfer switch,ATSHCM0358903,Facilities,"Breakers, Contact Kits",Schneider Electric,
61,DOWN,CRAC-Unit-HCM-03,Vertiv Liebert PDX Precision Cooling Unit,South,,HVAC Plant - HCM-03,CRAC-HCM03,Cooling,HVAC Technician,2027-01-29,Precision cooling for IT spaces,CRACHCM0379603,Facilities,"Filters, Compressor Kits",Vertiv,
62,OPERATIONAL,Generator-HCM-03,Cummins C275D5 Backup Generator,South,,Generator Yard - HCM-03,GEN-HCM03,Power,Electrician,2028-01-26,Standby diesel generator set,GENHCM0342613,Facilities,"Filters, Starter Batteries",Cummins,
63,OPERATIONAL,Visitor-Kiosk-HCM-03,ZKTeco SpeedFace-V5L Visitor Kiosk,South,,Reception - HCM-03,KSK-HCM03,Security,Security Officer,2028-04-08,Visitor registration and facial verification terminal,KSKHCM0355134,Security Operations,"Touch Panel, Camera Module",ZKTeco,
64,OPERATIONAL,Loading-Bay-Camera-HCM-03,Hikvision DS-2CD2686G2 Bullet Camera,South,,Loading Bay - HCM-03,CCTV-HCM03,Security,Security Officer,2028-10-01,High-resolution loading dock surveillance camera,CCTVHCM0360272,Security Operations,"Mounting Bracket, PoE Injector",Hikvision,
65,OPERATIONAL,Microwave-Radio-HCM-03,Ceragon IP-20C Microwave Radio,South,,Roof - HCM-03,MWR-HCM03,Network Equipment,Field Technician,2029-10-27,Roof-top point-to-point backhaul radio,MWRHCM0331891,Cellular Maintenance,"ODU Cables, Mount Kits",Ceragon,
66,MAINTENANCE,Fiber-Patch-Panel-HCM-03,Corning EDGE Fiber Patch Panel,South,,IDF Room 1 - HCM-03,FPP-HCM03,Cabling,Cabling Technician,2027-05-14,Structured fiber distribution panel,FPPHCM0349085,Infrastructure,"LC Connectors, Adapter Packs",Corning,
67,OPERATIONAL,Edge-Switch-HCM-03,Cisco Catalyst 9300 Edge Switch,South,,IDF Room 2 - HCM-03,ESW-HCM03,Network Equipment,Network Engineer,2029-07-22,Edge switch for floor distribution,ESWHCM0354280,Network Operations,"Power Supplies, SFP Modules",Cisco,
68,DOWN,5G-Antenna-HCM-03,Ericsson AIR 6488 Massive MIMO Antenna,South,,Telecom Mast - HCM-03,ANT-HCM03,Cellular Equipment,Field Technician,2029-06-07,5G radio antenna system,ANTHCM0354922,Cellular Maintenance,"Mount Kits, RF Jumpers",Ericsson,
69,OPERATIONAL,Baseband-Unit-HCM-03,Nokia AirScale Baseband Unit,South,,Base Station - HCM-03,BBU-HCM03,Cellular Equipment,Field Technician,2029-09-30,Baseband processing for radio access network,BBUHCM0362873,Cellular Maintenance,"Power Supply, Sync Modules",Nokia,
70,OPERATIONAL,Radio-Unit-HCM-03,Ericsson Radio 4422 Remote Radio Unit,South,Baseband-Unit-HCM-03,Antenna Array - HCM-03,RRU-HCM03,Cellular Equipment,Field Technician,2027-02-09,Remote radio head for sector coverage,RRUHCM0327197,Cellular Maintenance,"RF Cables, Surge Protectors",Ericsson,
71,OPERATIONAL,Sensor-Gateway-HCM-03,Advantech WISE-6610 IoT Gateway,South,,Storage Room - HCM-03,IOT-HCM03,IoT,Facilities Supervisor,2028-03-08,Environmental and utility sensor concentrator,IOTHCM0387292,Facilities,"Antenna Kit, DIN Clips",Advantech,
72,OPERATIONAL,WiFi-Controller-HCM-03,Cisco Catalyst 9800-L Wireless Controller,South,,Office Floor 1 - HCM-03,WLC-HCM03,Network Equipment,Network Engineer,2029-10-30,Centralized wireless controller,WLCHCM0358049,Network Operations,"Power Supplies, SSDs",Cisco,
73,OPERATIONAL,Access-Point-HCM-03,Aruba AP-515 Wireless Access Point,South,WiFi-Controller-HCM-03,Office Floor 2 - HCM-03,AP-HCM03,Network Equipment,Network Engineer,2030-12-27,Wi-Fi 6 indoor wireless access point,APHCM0314897,Network Operations,"Mounting Kit, PoE Injector",Aruba,
74,DOWN,AI-Analytics-Server-HCM-03,NVIDIA DGX A100 AI Analytics Server,South,,Lab A - HCM-03,AIS-HCM03,Servers,AI Specialist,2029-02-07,Accelerated AI processing node,AISHCM0343526,AI Operations,"GPUs, NVLink Cables",NVIDIA,
75,OPERATIONAL,Monitoring-Appliance-HCM-03,Fluke OptiView XG Network Monitoring Appliance,South,,Workshop - HCM-03,NMA-HCM03,Network Equipment,Network Engineer,2029-12-31,Portable and fixed network diagnostics appliance,NMAHCM0316286,Network Operations,"SFP Modules, SSDs",Fluke,
76,OPERATIONAL,Monitoring-System-HCM-04,SolarWinds Hybrid Cloud Observability Appliance,South,,Infrastructure Site - HCM-04,MON-HCM04,Network Equipment,Network Engineer,2030-09-17,Central site monitoring appliance,MONHCM0412587,Network Operations,"Power Supplies, SSDs",SolarWinds,
77,OPERATIONAL,Core-Router-HCM-04,Cisco ASR 9904 Core Router,South,,Network Operations Center (NOC) - HCM-04,RTR-HCM04,Network Equipment,Network Engineer,2027-04-09,Core network routing platform,RTRHCM0464627,Network Operations,"Line Cards, Power Supplies",Cisco,
78,OPERATIONAL,Security-VMS-Server-HCM-04,Milestone Husky IVO 350R Video Management Server,South,,Security Operations Center (SOC) - HCM-04,VMS-HCM04,Security,Security Officer,2029-06-28,Video management and recording server,VMSHCM0481733,Security Operations,"RAID Drives, PSUs",Milestone,
79,OPERATIONAL,Virtualization-Host-HCM-04,Dell PowerEdge R750 Virtualization Host,South,,Server Room A - HCM-04,SRV-HCM04,Servers,System Administrator,2028-06-01,Virtualization compute cluster node,SRVHCM0430070,Server Operations,"RAM, NVMe Drives",Dell,
80,OPERATIONAL,Storage-Array-HCM-04,NetApp AFF A250 Storage Array,South,,Server Room B - HCM-04,SAN-HCM04,Storage,Storage Administrator,2028-02-25,Shared storage array for critical workloads,SANHCM0492616,Server Operations,"SSDs, Controllers",NetApp,
81,OPERATIONAL,Access-Switch-HCM-04,Juniper EX4300 Access Switch,South,,Network Closet - HCM-04,SW-HCM04,Network Equipment,Network Engineer,2027-01-20,Access layer switch for wired users,SWHCM0496725,Network Operations,"Transceivers, Fans",Juniper,
82,OPERATIONAL,Access-Control-Panel-HCM-04,Paxton Net2 Plus Access Control Panel,South,,Access Control Room - HCM-04,ACP-HCM04,Security,Security Officer,2027-07-26,Door access control and credential management,ACPHCM0445386,Security Operations,"Power Supply, Readers",Paxton,
83,OPERATIONAL,NVR-HCM-04,Hikvision DS-9632NI-M8 Network Video Recorder,South,,Video Surveillance Room - HCM-04,NVR-HCM04,Security,Security Officer,2030-06-29,Central CCTV recording system,NVRHCM0427978,Security Operations,"Hard Drives, Fans",Hikvision,
84,MAINTENANCE,UPS-HCM-04,APC Smart-UPS SRT 3000VA,South,,UPS Room - HCM-04,UPS-HCM04,Power,Electrician,2029-05-07,Online double-conversion UPS,UPSHCM0490962,Facilities,"Batteries, Fan Kits",APC,SaiGon MEP Solutions
85,OPERATIONAL,ATS-Panel-HCM-04,Schneider EasyPact Automatic Transfer Switch,South,,Electrical Room - HCM-04,ATS-HCM04,Power,Electrician,2027-08-06,Automatic mains/generator transfer switch,ATSHCM0444471,Facilities,"Breakers, Contact Kits",Schneider Electric,
86,STANDBY,CRAC-Unit-HCM-04,Vertiv Liebert PDX Precision Cooling Unit,South,,HVAC Plant - HCM-04,CRAC-HCM04,Cooling,HVAC Technician,2029-12-07,Precision cooling for IT spaces,CRACHCM0456913,Facilities,"Filters, Compressor Kits",Vertiv,
87,OPERATIONAL,Generator-HCM-04,Cummins C275D5 Backup Generator,South,,Generator Yard - HCM-04,GEN-HCM04,Power,Electrician,2030-12-11,Standby diesel generator set,GENHCM0481845,Facilities,"Filters, Starter Batteries",Cummins,
88,DOWN,Visitor-Kiosk-HCM-04,ZKTeco SpeedFace-V5L Visitor Kiosk,South,,Reception - HCM-04,KSK-HCM04,Security,Security Officer,2029-10-13,Visitor registration and facial verification terminal,KSKHCM0473001,Security Operations,"Touch Panel, Camera Module",ZKTeco,
89,OPERATIONAL,Loading-Bay-Camera-HCM-04,Hikvision DS-2CD2686G2 Bullet Camera,South,,Loading Bay - HCM-04,CCTV-HCM04,Security,Security Officer,2028-11-08,High-resolution loading dock surveillance camera,CCTVHCM0411671,Security Operations,"Mounting Bracket, PoE Injector",Hikvision,
90,OPERATIONAL,Microwave-Radio-HCM-04,Ceragon IP-20C Microwave Radio,South,,Roof - HCM-04,MWR-HCM04,Network Equipment,Field Technician,2030-10-07,Roof-top point-to-point backhaul radio,MWRHCM0424474,Cellular Maintenance,"ODU Cables, Mount Kits",Ceragon,
91,OPERATIONAL,Fiber-Patch-Panel-HCM-04,Corning EDGE Fiber Patch Panel,South,,IDF Room 1 - HCM-04,FPP-HCM04,Cabling,Cabling Technician,2030-03-21,Structured fiber distribution panel,FPPHCM0429548,Infrastructure,"LC Connectors, Adapter Packs",Corning,
92,OPERATIONAL,Edge-Switch-HCM-04,Cisco Catalyst 9300 Edge Switch,South,Core-Router-HCM-04,IDF Room 2 - HCM-04,ESW-HCM04,Network Equipment,Network Engineer,2027-07-04,Edge switch for floor distribution,ESWHCM0423276,Network Operations,"Power Supplies, SFP Modules",Cisco,
93,OPERATIONAL,5G-Antenna-HCM-04,Ericsson AIR 6488 Massive MIMO Antenna,South,,Telecom Mast - HCM-04,ANT-HCM04,Cellular Equipment,Field Technician,2028-06-08,5G radio antenna system,ANTHCM0448800,Cellular Maintenance,"Mount Kits, RF Jumpers",Ericsson,
94,OPERATIONAL,Baseband-Unit-HCM-04,Nokia AirScale Baseband Unit,South,,Base Station - HCM-04,BBU-HCM04,Cellular Equipment,Field Technician,2028-06-24,Baseband processing for radio access network,BBUHCM0432898,Cellular Maintenance,"Power Supply, Sync Modules",Nokia,
95,MAINTENANCE,Radio-Unit-HCM-04,Ericsson Radio 4422 Remote Radio Unit,South,Baseband-Unit-HCM-04,Antenna Array - HCM-04,RRU-HCM04,Cellular Equipment,Field Technician,2027-03-22,Remote radio head for sector coverage,RRUHCM0498705,Cellular Maintenance,"RF Cables, Surge Protectors",Ericsson,SaiGon MEP Solutions
96,MAINTENANCE,Sensor-Gateway-HCM-04,Advantech WISE-6610 IoT Gateway,South,,Storage Room - HCM-04,IOT-HCM04,IoT,Facilities Supervisor,2027-07-14,Environmental and utility sensor concentrator,IOTHCM0416014,Facilities,"Antenna Kit, DIN Clips",Advantech,HaNoi Cooling Services
97,OPERATIONAL,WiFi-Controller-HCM-04,Cisco Catalyst 9800-L Wireless Controller,South,,Office Floor 1 - HCM-04,WLC-HCM04,Network Equipment,Network Engineer,2030-09-20,Centralized wireless controller,WLCHCM0453078,Network Operations,"Power Supplies, SSDs",Cisco,
98,DOWN,Access-Point-HCM-04,Aruba AP-515 Wireless Access Point,South,WiFi-Controller-HCM-04,Office Floor 2 - HCM-04,AP-HCM04,Network Equipment,Network Engineer,2029-01-02,Wi-Fi 6 indoor wireless access point,APHCM0491501,Network Operations,"Mounting Kit, PoE Injector",Aruba,
99,DOWN,AI-Analytics-Server-HCM-04,NVIDIA DGX A100 AI Analytics Server,South,,Lab A - HCM-04,AIS-HCM04,Servers,AI Specialist,2028-07-03,Accelerated AI processing node,AISHCM0422183,AI Operations,"GPUs, NVLink Cables",NVIDIA,
100,MAINTENANCE,Monitoring-Appliance-HCM-04,Fluke OptiView XG Network Monitoring Appliance,South,Monitoring-System-HCM-04,Workshop - HCM-04,NMA-HCM04,Network Equipment,Network Engineer,2029-02-02,Portable and fixed network diagnostics appliance,NMAHCM0462530,Network Operations,"SFP Modules, SSDs",Fluke,Danang Engineering Works
101,MAINTENANCE,Monitoring-System-DN-05,SolarWinds Hybrid Cloud Observability Appliance,Central,,Infrastructure Site - DN-05,MON-DN05,Network Equipment,Network Engineer,2028-07-10,Central site monitoring appliance,MONDN0572684,Network Operations,"Power Supplies, SSDs",SolarWinds,
102,DOWN,Core-Router-DN-05,Cisco ASR 9904 Core Router,Central,,Network Operations Center (NOC) - DN-05,RTR-DN05,Network Equipment,Network Engineer,2030-08-21,Core network routing platform,RTRDN0531860,Network Operations,"Line Cards, Power Supplies",Cisco,
103,OPERATIONAL,Security-VMS-Server-DN-05,Milestone Husky IVO 350R Video Management Server,Central,,Security Operations Center (SOC) - DN-05,VMS-DN05,Security,Security Officer,2027-08-20,Video management and recording server,VMSDN0517686,Security Operations,"RAID Drives, PSUs",Milestone,
104,OPERATIONAL,Virtualization-Host-DN-05,Dell PowerEdge R750 Virtualization Host,Central,,Server Room A - DN-05,SRV-DN05,Servers,System Administrator,2027-11-23,Virtualization compute cluster node,SRVDN0587430,Server Operations,"RAM, NVMe Drives",Dell,
105,MAINTENANCE,Storage-Array-DN-05,NetApp AFF A250 Storage Array,Central,,Server Room B - DN-05,SAN-DN05,Storage,Storage Administrator,2029-09-15,Shared storage array for critical workloads,SANDN0598918,Server Operations,"SSDs, Controllers",NetApp,Mekong Telecom Services
106,OPERATIONAL,Access-Switch-DN-05,Juniper EX4300 Access Switch,Central,,Network Closet - DN-05,SW-DN05,Network Equipment,Network Engineer,2029-01-04,Access layer switch for wired users,SWDN0599714,Network Operations,"Transceivers, Fans",Juniper,
107,OPERATIONAL,Access-Control-Panel-DN-05,Paxton Net2 Plus Access Control Panel,Central,,Access Control Room - DN-05,ACP-DN05,Security,Security Officer,2027-09-25,Door access control and credential management,ACPDN0573979,Security Operations,"Power Supply, Readers",Paxton,
108,DOWN,NVR-DN-05,Hikvision DS-9632NI-M8 Network Video Recorder,Central,,Video Surveillance Room - DN-05,NVR-DN05,Security,Security Officer,2027-08-20,Central CCTV recording system,NVRDN0567761,Security Operations,"Hard Drives, Fans",Hikvision,
109,OPERATIONAL,UPS-DN-05,APC Smart-UPS SRT 3000VA,Central,,UPS Room - DN-05,UPS-DN05,Power,Electrician,2027-04-05,Online double-conversion UPS,UPSDN0511620,Facilities,"Batteries, Fan Kits",APC,
110,DOWN,ATS-Panel-DN-05,Schneider EasyPact Automatic Transfer Switch,Central,,Electrical Room - DN-05,ATS-DN05,Power,Electrician,2030-12-13,Automatic mains/generator transfer switch,ATSDN0585582,Facilities,"Breakers, Contact Kits",Schneider Electric,
111,OPERATIONAL,CRAC-Unit-DN-05,Vertiv Liebert PDX Precision Cooling Unit,Central,,HVAC Plant - DN-05,CRAC-DN05,Cooling,HVAC Technician,2030-03-03,Precision cooling for IT spaces,CRACDN0597797,Facilities,"Filters, Compressor Kits",Vertiv,
112,OPERATIONAL,Generator-DN-05,Cummins C275D5 Backup Generator,Central,,Generator Yard - DN-05,GEN-DN05,Power,Electrician,2028-11-23,Standby diesel generator set,GENDN0591033,Facilities,"Filters, Starter Batteries",Cummins,
113,OPERATIONAL,Visitor-Kiosk-DN-05,ZKTeco SpeedFace-V5L Visitor Kiosk,Central,,Reception - DN-05,KSK-DN05,Security,Security Officer,2027-07-15,Visitor registration and facial verification terminal,KSKDN0542581,Security Operations,"Touch Panel, Camera Module",ZKTeco,
114,OPERATIONAL,Loading-Bay-Camera-DN-05,Hikvision DS-2CD2686G2 Bullet Camera,Central,,Loading Bay - DN-05,CCTV-DN05,Security,Security Officer,2029-09-13,High-resolution loading dock surveillance camera,CCTVDN0598643,Security Operations,"Mounting Bracket, PoE Injector",Hikvision,
115,OPERATIONAL,Microwave-Radio-DN-05,Ceragon IP-20C Microwave Radio,Central,,Roof - DN-05,MWR-DN05,Network Equipment,Field Technician,2030-08-06,Roof-top point-to-point backhaul radio,MWRDN0583183,Cellular Maintenance,"ODU Cables, Mount Kits",Ceragon,
116,OPERATIONAL,Fiber-Patch-Panel-DN-05,Corning EDGE Fiber Patch Panel,Central,,IDF Room 1 - DN-05,FPP-DN05,Cabling,Cabling Technician,2030-06-09,Structured fiber distribution panel,FPPDN0594331,Infrastructure,"LC Connectors, Adapter Packs",Corning,
117,OPERATIONAL,Edge-Switch-DN-05,Cisco Catalyst 9300 Edge Switch,Central,Core-Router-DN-05,IDF Room 2 - DN-05,ESW-DN05,Network Equipment,Network Engineer,2027-11-18,Edge switch for floor distribution,ESWDN0574990,Network Operations,"Power Supplies, SFP Modules",Cisco,
118,OPERATIONAL,5G-Antenna-DN-05,Ericsson AIR 6488 Massive MIMO Antenna,Central,,Telecom Mast - DN-05,ANT-DN05,Cellular Equipment,Field Technician,2027-12-05,5G radio antenna system,ANTDN0541574,Cellular Maintenance,"Mount Kits, RF Jumpers",Ericsson,
119,OPERATIONAL,Baseband-Unit-DN-05,Nokia AirScale Baseband Unit,Central,,Base Station - DN-05,BBU-DN05,Cellular Equipment,Field Technician,2028-11-08,Baseband processing for radio access network,BBUDN0539190,Cellular Maintenance,"Power Supply, Sync Modules",Nokia,
120,OPERATIONAL,Radio-Unit-DN-05,Ericsson Radio 4422 Remote Radio Unit,Central,Baseband-Unit-DN-05,Antenna Array - DN-05,RRU-DN05,Cellular Equipment,Field Technician,2030-02-01,Remote radio head for sector coverage,RRUDN0540801,Cellular Maintenance,"RF Cables, Surge Protectors",Ericsson,
121,OPERATIONAL,Sensor-Gateway-DN-05,Advantech WISE-6610 IoT Gateway,Central,,Storage Room - DN-05,IOT-DN05,IoT,Facilities Supervisor,2027-06-11,Environmental and utility sensor concentrator,IOTDN0585108,Facilities,"Antenna Kit, DIN Clips",Advantech,
122,OPERATIONAL,WiFi-Controller-DN-05,Cisco Catalyst 9800-L Wireless Controller,Central,,Office Floor 1 - DN-05,WLC-DN05,Network Equipment,Network Engineer,2029-07-06,Centralized wireless controller,WLCDN0575333,Network Operations,"Power Supplies, SSDs",Cisco,
123,OPERATIONAL,Access-Point-DN-05,Aruba AP-515 Wireless Access Point,Central,WiFi-Controller-DN-05,Office Floor 2 - DN-05,AP-DN05,Network Equipment,Network Engineer,2029-07-04,Wi-Fi 6 indoor wireless access point,APDN0575191,Network Operations,"Mounting Kit, PoE Injector",Aruba,
124,OPERATIONAL,AI-Analytics-Server-DN-05,NVIDIA DGX A100 AI Analytics Server,Central,,Lab A - DN-05,AIS-DN05,Servers,AI Specialist,2030-08-31,Accelerated AI processing node,AISDN0562879,AI Operations,"GPUs, NVLink Cables",NVIDIA,
125,OPERATIONAL,Monitoring-Appliance-DN-05,Fluke OptiView XG Network Monitoring Appliance,Central,,Workshop - DN-05,NMA-DN05,Network Equipment,Network Engineer,2029-04-24,Portable and fixed network diagnostics appliance,NMADN0521913,Network Operations,"SFP Modules, SSDs",Fluke,
126,STANDBY,Monitoring-System-HP-06,SolarWinds Hybrid Cloud Observability Appliance,North,,Infrastructure Site - HP-06,MON-HP06,Network Equipment,Network Engineer,2030-05-22,Central site monitoring appliance,MONHP0693563,Network Operations,"Power Supplies, SSDs",SolarWinds,
127,DOWN,Core-Router-HP-06,Cisco ASR 9904 Core Router,North,,Network Operations Center (NOC) - HP-06,RTR-HP06,Network Equipment,Network Engineer,2028-09-15,Core network routing platform,RTRHP0683706,Network Operations,"Line Cards, Power Supplies",Cisco,
128,OPERATIONAL,Security-VMS-Server-HP-06,Milestone Husky IVO 350R Video Management Server,North,,Security Operations Center (SOC) - HP-06,VMS-HP06,Security,Security Officer,2028-02-28,Video management and recording server,VMSHP0669796,Security Operations,"RAID Drives, PSUs",Milestone,
129,OPERATIONAL,Virtualization-Host-HP-06,Dell PowerEdge R750 Virtualization Host,North,,Server Room A - HP-06,SRV-HP06,Servers,System Administrator,2028-11-29,Virtualization compute cluster node,SRVHP0617113,Server Operations,"RAM, NVMe Drives",Dell,
130,MAINTENANCE,Storage-Array-HP-06,NetApp AFF A250 Storage Array,North,,Server Room B - HP-06,SAN-HP06,Storage,Storage Administrator,2028-04-01,Shared storage array for critical workloads,SANHP0653512,Server Operations,"SSDs, Controllers",NetApp,
131,OPERATIONAL,Access-Switch-HP-06,Juniper EX4300 Access Switch,North,,Network Closet - HP-06,SW-HP06,Network Equipment,Network Engineer,2030-06-23,Access layer switch for wired users,SWHP0696136,Network Operations,"Transceivers, Fans",Juniper,
132,OPERATIONAL,Access-Control-Panel-HP-06,Paxton Net2 Plus Access Control Panel,North,,Access Control Room - HP-06,ACP-HP06,Security,Security Officer,2029-01-14,Door access control and credential management,ACPHP0624945,Security Operations,"Power Supply, Readers",Paxton,
133,OPERATIONAL,NVR-HP-06,Hikvision DS-9632NI-M8 Network Video Recorder,North,,Video Surveillance Room - HP-06,NVR-HP06,Security,Security Officer,2027-07-19,Central CCTV recording system,NVRHP0639064,Security Operations,"Hard Drives, Fans",Hikvision,
134,OPERATIONAL,UPS-HP-06,APC Smart-UPS SRT 3000VA,North,,UPS Room - HP-06,UPS-HP06,Power,Electrician,2027-01-05,Online double-conversion UPS,UPSHP0648270,Facilities,"Batteries, Fan Kits",APC,
135,OPERATIONAL,ATS-Panel-HP-06,Schneider EasyPact Automatic Transfer Switch,North,,Electrical Room - HP-06,ATS-HP06,Power,Electrician,2030-01-26,Automatic mains/generator transfer switch,ATSHP0616000,Facilities,"Breakers, Contact Kits",Schneider Electric,
136,OPERATIONAL,CRAC-Unit-HP-06,Vertiv Liebert PDX Precision Cooling Unit,North,,HVAC Plant - HP-06,CRAC-HP06,Cooling,HVAC Technician,2027-12-03,Precision cooling for IT spaces,CRACHP0663636,Facilities,"Filters, Compressor Kits",Vertiv,
137,OPERATIONAL,Generator-HP-06,Cummins C275D5 Backup Generator,North,,Generator Yard - HP-06,GEN-HP06,Power,Electrician,2027-08-08,Standby diesel generator set,GENHP0625826,Facilities,"Filters, Starter Batteries",Cummins,
138,OPERATIONAL,Visitor-Kiosk-HP-06,ZKTeco SpeedFace-V5L Visitor Kiosk,North,,Reception - HP-06,KSK-HP06,Security,Security Officer,2029-03-15,Visitor registration and facial verification terminal,KSKHP0634979,Security Operations,"Touch Panel, Camera Module",ZKTeco,
139,OPERATIONAL,Loading-Bay-Camera-HP-06,Hikvision DS-2CD2686G2 Bullet Camera,North,,Loading Bay - HP-06,CCTV-HP06,Security,Security Officer,2028-11-23,High-resolution loading dock surveillance camera,CCTVHP0664325,Security Operations,"Mounting Bracket, PoE Injector",Hikvision,
140,COMMISSIONING,Microwave-Radio-HP-06,Ceragon IP-20C Microwave Radio,North,,Roof - HP-06,MWR-HP06,Network Equipment,Field Technician,2027-04-06,Roof-top point-to-point backhaul radio,MWRHP0698098,Cellular Maintenance,"ODU Cables, Mount Kits",Ceragon,
141,OPERATIONAL,Fiber-Patch-Panel-HP-06,Corning EDGE Fiber Patch Panel,North,,IDF Room 1 - HP-06,FPP-HP06,Cabling,Cabling Technician,2029-07-11,Structured fiber distribution panel,FPPHP0687242,Infrastructure,"LC Connectors, Adapter Packs",Corning,
142,OPERATIONAL,Edge-Switch-HP-06,Cisco Catalyst 9300 Edge Switch,North,Core-Router-HP-06,IDF Room 2 - HP-06,ESW-HP06,Network Equipment,Network Engineer,2029-10-29,Edge switch for floor distribution,ESWHP0679515,Network Operations,"Power Supplies, SFP Modules",Cisco,
143,OPERATIONAL,5G-Antenna-HP-06,Ericsson AIR 6488 Massive MIMO Antenna,North,,Telecom Mast - HP-06,ANT-HP06,Cellular Equipment,Field Technician,2027-04-10,5G radio antenna system,ANTHP0686692,Cellular Maintenance,"Mount Kits, RF Jumpers",Ericsson,
144,COMMISSIONING,Baseband-Unit-HP-06,Nokia AirScale Baseband Unit,North,,Base Station - HP-06,BBU-HP06,Cellular Equipment,Field Technician,2029-09-16,Baseband processing for radio access network,BBUHP0633226,Cellular Maintenance,"Power Supply, Sync Modules",Nokia,
145,OPERATIONAL,Radio-Unit-HP-06,Ericsson Radio 4422 Remote Radio Unit,North,Baseband-Unit-HP-06,Antenna Array - HP-06,RRU-HP06,Cellular Equipment,Field Technician,2027-12-22,Remote radio head for sector coverage,RRUHP0660778,Cellular Maintenance,"RF Cables, Surge Protectors",Ericsson,
146,OPERATIONAL,Sensor-Gateway-HP-06,Advantech WISE-6610 IoT Gateway,North,,Storage Room - HP-06,IOT-HP06,IoT,Facilities Supervisor,2030-09-08,Environmental and utility sensor concentrator,IOTHP0652184,Facilities,"Antenna Kit, DIN Clips",Advantech,
147,DOWN,WiFi-Controller-HP-06,Cisco Catalyst 9800-L Wireless Controller,North,,Office Floor 1 - HP-06,WLC-HP06,Network Equipment,Network Engineer,2029-10-29,Centralized wireless controller,WLCHP0664875,Network Operations,"Power Supplies, SSDs",Cisco,
148,DOWN,Access-Point-HP-06,Aruba AP-515 Wireless Access Point,North,WiFi-Controller-HP-06,Office Floor 2 - HP-06,AP-HP06,Network Equipment,Network Engineer,2030-06-01,Wi-Fi 6 indoor wireless access point,APHP0642537,Network Operations,"Mounting Kit, PoE Injector",Aruba,
149,OPERATIONAL,AI-Analytics-Server-HP-06,NVIDIA DGX A100 AI Analytics Server,North,,Lab A - HP-06,AIS-HP06,Servers,AI Specialist,2028-07-14,Accelerated AI processing node,AISHP0654939,AI Operations,"GPUs, NVLink Cables",NVIDIA,
150,OPERATIONAL,Monitoring-Appliance-HP-06,Fluke OptiView XG Network Monitoring Appliance,North,Monitoring-System-HP-06,Workshop - HP-06,NMA-HP06,Network Equipment,Network Engineer,2028-08-25,Portable and fixed network diagnostics appliance,NMAHP0664099,Network Operations,"SFP Modules, SSDs",Fluke,
151,OPERATIONAL,Monitoring-System-CT-07,SolarWinds Hybrid Cloud Observability Appliance,South,,Infrastructure Site - CT-07,MON-CT07,Network Equipment,Network Engineer,2030-05-18,Central site monitoring appliance,MONCT0777147,Network Operations,"Power Supplies, SSDs",SolarWinds,
152,MAINTENANCE,Core-Router-CT-07,Cisco ASR 9904 Core Router,South,,Network Operations Center (NOC) - CT-07,RTR-CT07,Network Equipment,Network Engineer,2028-09-04,Core network routing platform,RTRCT0781802,Network Operations,"Line Cards, Power Supplies",Cisco,
153,OPERATIONAL,Security-VMS-Server-CT-07,Milestone Husky IVO 350R Video Management Server,South,,Security Operations Center (SOC) - CT-07,VMS-CT07,Security,Security Officer,2030-12-28,Video management and recording server,VMSCT0782559,Security Operations,"RAID Drives, PSUs",Milestone,
154,OPERATIONAL,Virtualization-Host-CT-07,Dell PowerEdge R750 Virtualization Host,South,,Server Room A - CT-07,SRV-CT07,Servers,System Administrator,2030-07-19,Virtualization compute cluster node,SRVCT0737487,Server Operations,"RAM, NVMe Drives",Dell,
155,OPERATIONAL,Storage-Array-CT-07,NetApp AFF A250 Storage Array,South,,Server Room B - CT-07,SAN-CT07,Storage,Storage Administrator,2030-07-02,Shared storage array for critical workloads,SANCT0799995,Server Operations,"SSDs, Controllers",NetApp,
156,COMMISSIONING,Access-Switch-CT-07,Juniper EX4300 Access Switch,South,,Network Closet - CT-07,SW-CT07,Network Equipment,Network Engineer,2028-12-08,Access layer switch for wired users,SWCT0727389,Network Operations,"Transceivers, Fans",Juniper,
157,STANDBY,Access-Control-Panel-CT-07,Paxton Net2 Plus Access Control Panel,South,,Access Control Room - CT-07,ACP-CT07,Security,Security Officer,2030-08-24,Door access control and credential management,ACPCT0733306,Security Operations,"Power Supply, Readers",Paxton,
158,OPERATIONAL,NVR-CT-07,Hikvision DS-9632NI-M8 Network Video Recorder,South,,Video Surveillance Room - CT-07,NVR-CT07,Security,Security Officer,2029-10-28,Central CCTV recording system,NVRCT0793476,Security Operations,"Hard Drives, Fans",Hikvision,
159,OPERATIONAL,UPS-CT-07,APC Smart-UPS SRT 3000VA,South,,UPS Room - CT-07,UPS-CT07,Power,Electrician,2028-10-22,Online double-conversion UPS,UPSCT0783699,Facilities,"Batteries, Fan Kits",APC,
160,OPERATIONAL,ATS-Panel-CT-07,Schneider EasyPact Automatic Transfer Switch,South,,Electrical Room - CT-07,ATS-CT07,Power,Electrician,2029-09-10,Automatic mains/generator transfer switch,ATSCT0764719,Facilities,"Breakers, Contact Kits",Schneider Electric,
161,OPERATIONAL,CRAC-Unit-CT-07,Vertiv Liebert PDX Precision Cooling Unit,South,,HVAC Plant - CT-07,CRAC-CT07,Cooling,HVAC Technician,2030-10-12,Precision cooling for IT spaces,CRACCT0779979,Facilities,"Filters, Compressor Kits",Vertiv,
162,DOWN,Generator-CT-07,Cummins C275D5 Backup Generator,South,,Generator Yard - CT-07,GEN-CT07,Power,Electrician,2028-08-08,Standby diesel generator set,GENCT0711673,Facilities,"Filters, Starter Batteries",Cummins,
163,OPERATIONAL,Visitor-Kiosk-CT-07,ZKTeco SpeedFace-V5L Visitor Kiosk,South,,Reception - CT-07,KSK-CT07,Security,Security Officer,2029-12-06,Visitor registration and facial verification terminal,KSKCT0759921,Security Operations,"Touch Panel, Camera Module",ZKTeco,
164,OPERATIONAL,Loading-Bay-Camera-CT-07,Hikvision DS-2CD2686G2 Bullet Camera,South,,Loading Bay - CT-07,CCTV-CT07,Security,Security Officer,2027-10-25,High-resolution loading dock surveillance camera,CCTVCT0717419,Security Operations,"Mounting Bracket, PoE Injector",Hikvision,
165,OPERATIONAL,Microwave-Radio-CT-07,Ceragon IP-20C Microwave Radio,South,,Roof - CT-07,MWR-CT07,Network Equipment,Field Technician,2028-02-14,Roof-top point-to-point backhaul radio,MWRCT0731094,Cellular Maintenance,"ODU Cables, Mount Kits",Ceragon,
166,OPERATIONAL,Fiber-Patch-Panel-CT-07,Corning EDGE Fiber Patch Panel,South,,IDF Room 1 - CT-07,FPP-CT07,Cabling,Cabling Technician,2028-08-09,Structured fiber distribution panel,FPPCT0729192,Infrastructure,"LC Connectors, Adapter Packs",Corning,
167,OPERATIONAL,Edge-Switch-CT-07,Cisco Catalyst 9300 Edge Switch,South,Core-Router-CT-07,IDF Room 2 - CT-07,ESW-CT07,Network Equipment,Network Engineer,2027-05-08,Edge switch for floor distribution,ESWCT0780932,Network Operations,"Power Supplies, SFP Modules",Cisco,
168,OPERATIONAL,5G-Antenna-CT-07,Ericsson AIR 6488 Massive MIMO Antenna,South,,Telecom Mast - CT-07,ANT-CT07,Cellular Equipment,Field Technician,2027-03-08,5G radio antenna system,ANTCT0790754,Cellular Maintenance,"Mount Kits, RF Jumpers",Ericsson,
169,OPERATIONAL,Baseband-Unit-CT-07,Nokia AirScale Baseband Unit,South,,Base Station - CT-07,BBU-CT07,Cellular Equipment,Field Technician,2030-10-15,Baseband processing for radio access network,BBUCT0794819,Cellular Maintenance,"Power Supply, Sync Modules",Nokia,
170,OPERATIONAL,Radio-Unit-CT-07,Ericsson Radio 4422 Remote Radio Unit,South,Baseband-Unit-CT-07,Antenna Array - CT-07,RRU-CT07,Cellular Equipment,Field Technician,2030-02-23,Remote radio head for sector coverage,RRUCT0747701,Cellular Maintenance,"RF Cables, Surge Protectors",Ericsson,
171,OPERATIONAL,Sensor-Gateway-CT-07,Advantech WISE-6610 IoT Gateway,South,,Storage Room - CT-07,IOT-CT07,IoT,Facilities Supervisor,2030-11-20,Environmental and utility sensor concentrator,IOTCT0760014,Facilities,"Antenna Kit, DIN Clips",Advantech,
172,OPERATIONAL,WiFi-Controller-CT-07,Cisco Catalyst 9800-L Wireless Controller,South,,Office Floor 1 - CT-07,WLC-CT07,Network Equipment,Network Engineer,2029-03-04,Centralized wireless controller,WLCCT0799803,Network Operations,"Power Supplies, SSDs",Cisco,
173,STANDBY,Access-Point-CT-07,Aruba AP-515 Wireless Access Point,South,WiFi-Controller-CT-07,Office Floor 2 - CT-07,AP-CT07,Network Equipment,Network Engineer,2028-10-02,Wi-Fi 6 indoor wireless access point,APCT0717051,Network Operations,"Mounting Kit, PoE Injector",Aruba,
174,OPERATIONAL,AI-Analytics-Server-CT-07,NVIDIA DGX A100 AI Analytics Server,South,,Lab A - CT-07,AIS-CT07,Servers,AI Specialist,2027-01-27,Accelerated AI processing node,AISCT0736619,AI Operations,"GPUs, NVLink Cables",NVIDIA,
175,DOWN,Monitoring-Appliance-CT-07,Fluke OptiView XG Network Monitoring Appliance,South,,Workshop - CT-07,NMA-CT07,Network Equipment,Network Engineer,2030-06-24,Portable and fixed network diagnostics appliance,NMACT0768073,Network Operations,"SFP Modules, SSDs",Fluke,
176,DOWN,Monitoring-System-BD-08,SolarWinds Hybrid Cloud Observability Appliance,South,,Infrastructure Site - BD-08,MON-BD08,Network Equipment,Network Engineer,2028-04-06,Central site monitoring appliance,MONBD0894886,Network Operations,"Power Supplies, SSDs",SolarWinds,
177,OPERATIONAL,Core-Router-BD-08,Cisco ASR 9904 Core Router,South,,Network Operations Center (NOC) - BD-08,RTR-BD08,Network Equipment,Network Engineer,2029-01-23,Core network routing platform,RTRBD0881645,Network Operations,"Line Cards, Power Supplies",Cisco,
178,OPERATIONAL,Security-VMS-Server-BD-08,Milestone Husky IVO 350R Video Management Server,South,,Security Operations Center (SOC) - BD-08,VMS-BD08,Security,Security Officer,2030-05-20,Video management and recording server,VMSBD0835362,Security Operations,"RAID Drives, PSUs",Milestone,
179,OPERATIONAL,Virtualization-Host-BD-08,Dell PowerEdge R750 Virtualization Host,South,,Server Room A - BD-08,SRV-BD08,Servers,System Administrator,2028-08-25,Virtualization compute cluster node,SRVBD0899477,Server Operations,"RAM, NVMe Drives",Dell,
180,OPERATIONAL,Storage-Array-BD-08,NetApp AFF A250 Storage Array,South,,Server Room B - BD-08,SAN-BD08,Storage,Storage Administrator,2027-06-02,Shared storage array for critical workloads,SANBD0832779,Server Operations,"SSDs, Controllers",NetApp,
181,OPERATIONAL,Access-Switch-BD-08,Juniper EX4300 Access Switch,South,,Network Closet - BD-08,SW-BD08,Network Equipment,Network Engineer,2029-11-18,Access layer switch for wired users,SWBD0815326,Network Operations,"Transceivers, Fans",Juniper,
182,OPERATIONAL,Access-Control-Panel-BD-08,Paxton Net2 Plus Access Control Panel,South,,Access Control Room - BD-08,ACP-BD08,Security,Security Officer,2029-05-27,Door access control and credential management,ACPBD0844634,Security Operations,"Power Supply, Readers",Paxton,
183,OPERATIONAL,NVR-BD-08,Hikvision DS-9632NI-M8 Network Video Recorder,South,,Video Surveillance Room - BD-08,NVR-BD08,Security,Security Officer,2027-09-24,Central CCTV recording system,NVRBD0843425,Security Operations,"Hard Drives, Fans",Hikvision,
184,OPERATIONAL,UPS-BD-08,APC Smart-UPS SRT 3000VA,South,,UPS Room - BD-08,UPS-BD08,Power,Electrician,2027-01-12,Online double-conversion UPS,UPSBD0830290,Facilities,"Batteries, Fan Kits",APC,
185,OPERATIONAL,ATS-Panel-BD-08,Schneider EasyPact Automatic Transfer Switch,South,,Electrical Room - BD-08,ATS-BD08,Power,Electrician,2027-03-23,Automatic mains/generator transfer switch,ATSBD0816665,Facilities,"Breakers, Contact Kits",Schneider Electric,
186,OPERATIONAL,CRAC-Unit-BD-08,Vertiv Liebert PDX Precision Cooling Unit,South,,HVAC Plant - BD-08,CRAC-BD08,Cooling,HVAC Technician,2030-07-04,Precision cooling for IT spaces,CRACBD0896755,Facilities,"Filters, Compressor Kits",Vertiv,
187,OPERATIONAL,Generator-BD-08,Cummins C275D5 Backup Generator,South,,Generator Yard - BD-08,GEN-BD08,Power,Electrician,2028-09-08,Standby diesel generator set,GENBD0856934,Facilities,"Filters, Starter Batteries",Cummins,
188,MAINTENANCE,Visitor-Kiosk-BD-08,ZKTeco SpeedFace-V5L Visitor Kiosk,South,,Reception - BD-08,KSK-BD08,Security,Security Officer,2027-05-30,Visitor registration and facial verification terminal,KSKBD0851662,Security Operations,"Touch Panel, Camera Module",ZKTeco,
189,OPERATIONAL,Loading-Bay-Camera-BD-08,Hikvision DS-2CD2686G2 Bullet Camera,South,,Loading Bay - BD-08,CCTV-BD08,Security,Security Officer,2028-01-12,High-resolution loading dock surveillance camera,CCTVBD0876209,Security Operations,"Mounting Bracket, PoE Injector",Hikvision,
190,OPERATIONAL,Microwave-Radio-BD-08,Ceragon IP-20C Microwave Radio,South,,Roof - BD-08,MWR-BD08,Network Equipment,Field Technician,2027-11-23,Roof-top point-to-point backhaul radio,MWRBD0880390,Cellular Maintenance,"ODU Cables, Mount Kits",Ceragon,
191,OPERATIONAL,Fiber-Patch-Panel-BD-08,Corning EDGE Fiber Patch Panel,South,,IDF Room 1 - BD-08,FPP-BD08,Cabling,Cabling Technician,2029-04-06,Structured fiber distribution panel,FPPBD0838992,Infrastructure,"LC Connectors, Adapter Packs",Corning,
192,OPERATIONAL,Edge-Switch-BD-08,Cisco Catalyst 9300 Edge Switch,South,Core-Router-BD-08,IDF Room 2 - BD-08,ESW-BD08,Network Equipment,Network Engineer,2028-03-12,Edge switch for floor distribution,ESWBD0848479,Network Operations,"Power Supplies, SFP Modules",Cisco,
193,COMMISSIONING,5G-Antenna-BD-08,Ericsson AIR 6488 Massive MIMO Antenna,South,,Telecom Mast - BD-08,ANT-BD08,Cellular Equipment,Field Technician,2028-03-23,5G radio antenna system,ANTBD0872240,Cellular Maintenance,"Mount Kits, RF Jumpers",Ericsson,
194,OPERATIONAL,Baseband-Unit-BD-08,Nokia AirScale Baseband Unit,South,,Base Station - BD-08,BBU-BD08,Cellular Equipment,Field Technician,2030-08-22,Baseband processing for radio access network,BBUBD0868414,Cellular Maintenance,"Power Supply, Sync Modules",Nokia,
195,DOWN,Radio-Unit-BD-08,Ericsson Radio 4422 Remote Radio Unit,South,Baseband-Unit-BD-08,Antenna Array - BD-08,RRU-BD08,Cellular Equipment,Field Technician,2028-05-07,Remote radio head for sector coverage,RRUBD0891412,Cellular Maintenance,"RF Cables, Surge Protectors",Ericsson,
196,COMMISSIONING,Sensor-Gateway-BD-08,Advantech WISE-6610 IoT Gateway,South,,Storage Room - BD-08,IOT-BD08,IoT,Facilities Supervisor,2028-05-14,Environmental and utility sensor concentrator,IOTBD0899463,Facilities,"Antenna Kit, DIN Clips",Advantech,
197,DOWN,WiFi-Controller-BD-08,Cisco Catalyst 9800-L Wireless Controller,South,,Office Floor 1 - BD-08,WLC-BD08,Network Equipment,Network Engineer,2029-02-20,Centralized wireless controller,WLCBD0824860,Network Operations,"Power Supplies, SSDs",Cisco,
198,OPERATIONAL,Access-Point-BD-08,Aruba AP-515 Wireless Access Point,South,WiFi-Controller-BD-08,Office Floor 2 - BD-08,AP-BD08,Network Equipment,Network Engineer,2029-03-01,Wi-Fi 6 indoor wireless access point,APBD0847070,Network Operations,"Mounting Kit, PoE Injector",Aruba,
199,DOWN,AI-Analytics-Server-BD-08,NVIDIA DGX A100 AI Analytics Server,South,,Lab A - BD-08,AIS-BD08,Servers,AI Specialist,2027-02-20,Accelerated AI processing node,AISBD0859146,AI Operations,"GPUs, NVLink Cables",NVIDIA,
200,MAINTENANCE,Monitoring-Appliance-BD-08,Fluke OptiView XG Network Monitoring Appliance,South,,Workshop - BD-08,NMA-BD08,Network Equipment,Network Engineer,2029-11-19,Portable and fixed network diagnostics appliance,NMABD0815747,Network Operations,"SFP Modules, SSDs",Fluke,Alpha Secure Systems
201,OPERATIONAL,Monitoring-System-HN-09,SolarWinds Hybrid Cloud Observability Appliance,North,,Infrastructure Site - HN-09,MON-HN09,Network Equipment,Network Engineer,2028-10-18,Central site monitoring appliance,MONHN0922577,Network Operations,"Power Supplies, SSDs",SolarWinds,
202,STANDBY,Core-Router-HN-09,Cisco ASR 9904 Core Router,North,,Network Operations Center (NOC) - HN-09,RTR-HN09,Network Equipment,Network Engineer,2027-12-09,Core network routing platform,RTRHN0980513,Network Operations,"Line Cards, Power Supplies",Cisco,
203,OPERATIONAL,Security-VMS-Server-HN-09,Milestone Husky IVO 350R Video Management Server,North,,Security Operations Center (SOC) - HN-09,VMS-HN09,Security,Security Officer,2029-12-28,Video management and recording server,VMSHN0918581,Security Operations,"RAID Drives, PSUs",Milestone,
204,OPERATIONAL,Virtualization-Host-HN-09,Dell PowerEdge R750 Virtualization Host,North,,Server Room A - HN-09,SRV-HN09,Servers,System Administrator,2028-03-07,Virtualization compute cluster node,SRVHN0937941,Server Operations,"RAM, NVMe Drives",Dell,
205,OPERATIONAL,Storage-Array-HN-09,NetApp AFF A250 Storage Array,North,,Server Room B - HN-09,SAN-HN09,Storage,Storage Administrator,2030-11-04,Shared storage array for critical workloads,SANHN0923621,Server Operations,"SSDs, Controllers",NetApp,
206,OPERATIONAL,Access-Switch-HN-09,Juniper EX4300 Access Switch,North,,Network Closet - HN-09,SW-HN09,Network Equipment,Network Engineer,2028-02-26,Access layer switch for wired users,SWHN0967047,Network Operations,"Transceivers, Fans",Juniper,
207,MAINTENANCE,Access-Control-Panel-HN-09,Paxton Net2 Plus Access Control Panel,North,,Access Control Room - HN-09,ACP-HN09,Security,Security Officer,2030-08-17,Door access control and credential management,ACPHN0919452,Security Operations,"Power Supply, Readers",Paxton,
208,OPERATIONAL,NVR-HN-09,Hikvision DS-9632NI-M8 Network Video Recorder,North,,Video Surveillance Room - HN-09,NVR-HN09,Security,Security Officer,2027-11-11,Central CCTV recording system,NVRHN0953478,Security Operations,"Hard Drives, Fans",Hikvision,
209,OPERATIONAL,UPS-HN-09,APC Smart-UPS SRT 3000VA,North,,UPS Room - HN-09,UPS-HN09,Power,Electrician,2027-03-19,Online double-conversion UPS,UPSHN0943018,Facilities,"Batteries, Fan Kits",APC,
210,OPERATIONAL,ATS-Panel-HN-09,Schneider EasyPact Automatic Transfer Switch,North,,Electrical Room - HN-09,ATS-HN09,Power,Electrician,2030-02-16,Automatic mains/generator transfer switch,ATSHN0943901,Facilities,"Breakers, Contact Kits",Schneider Electric,
211,OPERATIONAL,CRAC-Unit-HN-09,Vertiv Liebert PDX Precision Cooling Unit,North,,HVAC Plant - HN-09,CRAC-HN09,Cooling,HVAC Technician,2029-04-14,Precision cooling for IT spaces,CRACHN0992603,Facilities,"Filters, Compressor Kits",Vertiv,
212,OPERATIONAL,Generator-HN-09,Cummins C275D5 Backup Generator,North,,Generator Yard - HN-09,GEN-HN09,Power,Electrician,2029-04-08,Standby diesel generator set,GENHN0998250,Facilities,"Filters, Starter Batteries",Cummins,
213,OPERATIONAL,Visitor-Kiosk-HN-09,ZKTeco SpeedFace-V5L Visitor Kiosk,North,,Reception - HN-09,KSK-HN09,Security,Security Officer,2027-08-31,Visitor registration and facial verification terminal,KSKHN0994072,Security Operations,"Touch Panel, Camera Module",ZKTeco,
214,OPERATIONAL,Loading-Bay-Camera-HN-09,Hikvision DS-2CD2686G2 Bullet Camera,North,,Loading Bay - HN-09,CCTV-HN09,Security,Security Officer,2030-06-20,High-resolution loading dock surveillance camera,CCTVHN0986756,Security Operations,"Mounting Bracket, PoE Injector",Hikvision,
215,OPERATIONAL,Microwave-Radio-HN-09,Ceragon IP-20C Microwave Radio,North,,Roof - HN-09,MWR-HN09,Network Equipment,Field Technician,2027-04-04,Roof-top point-to-point backhaul radio,MWRHN0919514,Cellular Maintenance,"ODU Cables, Mount Kits",Ceragon,
216,COMMISSIONING,Fiber-Patch-Panel-HN-09,Corning EDGE Fiber Patch Panel,North,,IDF Room 1 - HN-09,FPP-HN09,Cabling,Cabling Technician,2029-01-02,Structured fiber distribution panel,FPPHN0923911,Infrastructure,"LC Connectors, Adapter Packs",Corning,Metro Cabling Partners
217,OPERATIONAL,Edge-Switch-HN-09,Cisco Catalyst 9300 Edge Switch,North,,IDF Room 2 - HN-09,ESW-HN09,Network Equipment,Network Engineer,2030-05-27,Edge switch for floor distribution,ESWHN0967367,Network Operations,"Power Supplies, SFP Modules",Cisco,
218,OPERATIONAL,5G-Antenna-HN-09,Ericsson AIR 6488 Massive MIMO Antenna,North,,Telecom Mast - HN-09,ANT-HN09,Cellular Equipment,Field Technician,2029-02-20,5G radio antenna system,ANTHN0972126,Cellular Maintenance,"Mount Kits, RF Jumpers",Ericsson,
219,OPERATIONAL,Baseband-Unit-HN-09,Nokia AirScale Baseband Unit,North,,Base Station - HN-09,BBU-HN09,Cellular Equipment,Field Technician,2027-11-17,Baseband processing for radio access network,BBUHN0961248,Cellular Maintenance,"Power Supply, Sync Modules",Nokia,
220,OPERATIONAL,Radio-Unit-HN-09,Ericsson Radio 4422 Remote Radio Unit,North,Baseband-Unit-HN-09,Antenna Array - HN-09,RRU-HN09,Cellular Equipment,Field Technician,2030-01-22,Remote radio head for sector coverage,RRUHN0949066,Cellular Maintenance,"RF Cables, Surge Protectors",Ericsson,
221,DOWN,Sensor-Gateway-HN-09,Advantech WISE-6610 IoT Gateway,North,,Storage Room - HN-09,IOT-HN09,IoT,Facilities Supervisor,2030-10-19,Environmental and utility sensor concentrator,IOTHN0994926,Facilities,"Antenna Kit, DIN Clips",Advantech,
222,COMMISSIONING,WiFi-Controller-HN-09,Cisco Catalyst 9800-L Wireless Controller,North,,Office Floor 1 - HN-09,WLC-HN09,Network Equipment,Network Engineer,2029-02-03,Centralized wireless controller,WLCHN0911461,Network Operations,"Power Supplies, SSDs",Cisco,
223,OPERATIONAL,Access-Point-HN-09,Aruba AP-515 Wireless Access Point,North,WiFi-Controller-HN-09,Office Floor 2 - HN-09,AP-HN09,Network Equipment,Network Engineer,2030-02-10,Wi-Fi 6 indoor wireless access point,APHN0915475,Network Operations,"Mounting Kit, PoE Injector",Aruba,
224,OPERATIONAL,AI-Analytics-Server-HN-09,NVIDIA DGX A100 AI Analytics Server,North,,Lab A - HN-09,AIS-HN09,Servers,AI Specialist,2027-01-11,Accelerated AI processing node,AISHN0961653,AI Operations,"GPUs, NVLink Cables",NVIDIA,
225,OPERATIONAL,Monitoring-Appliance-HN-09,Fluke OptiView XG Network Monitoring Appliance,North,Monitoring-System-HN-09,Workshop - HN-09,NMA-HN09,Network Equipment,Network Engineer,2030-01-05,Portable and fixed network diagnostics appliance,NMAHN0937532,Network Operations,"SFP Modules, SSDs",Fluke,
226,OPERATIONAL,Monitoring-System-HN-10,SolarWinds Hybrid Cloud Observability Appliance,North,,Infrastructure Site - HN-10,MON-HN10,Network Equipment,Network Engineer,2028-12-05,Central site monitoring appliance,MONHN1094663,Network Operations,"Power Supplies, SSDs",SolarWinds,
227,OPERATIONAL,Core-Router-HN-10,Cisco ASR 9904 Core Router,North,,Network Operations Center (NOC) - HN-10,RTR-HN10,Network Equipment,Network Engineer,2029-11-15,Core network routing platform,RTRHN1034116,Network Operations,"Line Cards, Power Supplies",Cisco,
228,OPERATIONAL,Security-VMS-Server-HN-10,Milestone Husky IVO 350R Video Management Server,North,,Security Operations Center (SOC) - HN-10,VMS-HN10,Security,Security Officer,2028-03-28,Video management and recording server,VMSHN1043127,Security Operations,"RAID Drives, PSUs",Milestone,
229,OPERATIONAL,Virtualization-Host-HN-10,Dell PowerEdge R750 Virtualization Host,North,,Server Room A - HN-10,SRV-HN10,Servers,System Administrator,2028-02-02,Virtualization compute cluster node,SRVHN1097946,Server Operations,"RAM, NVMe Drives",Dell,
230,MAINTENANCE,Storage-Array-HN-10,NetApp AFF A250 Storage Array,North,,Server Room B - HN-10,SAN-HN10,Storage,Storage Administrator,2030-03-07,Shared storage array for critical workloads,SANHN1081939,Server Operations,"SSDs, Controllers",NetApp,
231,OPERATIONAL,Access-Switch-HN-10,Juniper EX4300 Access Switch,North,,Network Closet - HN-10,SW-HN10,Network Equipment,Network Engineer,2030-01-30,Access layer switch for wired users,SWHN1098039,Network Operations,"Transceivers, Fans",Juniper,
232,OPERATIONAL,Access-Control-Panel-HN-10,Paxton Net2 Plus Access Control Panel,North,,Access Control Room - HN-10,ACP-HN10,Security,Security Officer,2027-05-18,Door access control and credential management,ACPHN1035875,Security Operations,"Power Supply, Readers",Paxton,
233,OPERATIONAL,NVR-HN-10,Hikvision DS-9632NI-M8 Network Video Recorder,North,,Video Surveillance Room - HN-10,NVR-HN10,Security,Security Officer,2030-04-04,Central CCTV recording system,NVRHN1053365,Security Operations,"Hard Drives, Fans",Hikvision,
234,OPERATIONAL,UPS-HN-10,APC Smart-UPS SRT 3000VA,North,,UPS Room - HN-10,UPS-HN10,Power,Electrician,2029-01-01,Online double-conversion UPS,UPSHN1023113,Facilities,"Batteries, Fan Kits",APC,
235,OPERATIONAL,ATS-Panel-HN-10,Schneider EasyPact Automatic Transfer Switch,North,,Electrical Room - HN-10,ATS-HN10,Power,Electrician,2028-08-06,Automatic mains/generator transfer switch,ATSHN1051652,Facilities,"Breakers, Contact Kits",Schneider Electric,
236,OPERATIONAL,CRAC-Unit-HN-10,Vertiv Liebert PDX Precision Cooling Unit,North,,HVAC Plant - HN-10,CRAC-HN10,Cooling,HVAC Technician,2029-09-22,Precision cooling for IT spaces,CRACHN1090785,Facilities,"Filters, Compressor Kits",Vertiv,
237,OPERATIONAL,Generator-HN-10,Cummins C275D5 Backup Generator,North,,Generator Yard - HN-10,GEN-HN10,Power,Electrician,2030-09-12,Standby diesel generator set,GENHN1084128,Facilities,"Filters, Starter Batteries",Cummins,
238,OPERATIONAL,Visitor-Kiosk-HN-10,ZKTeco SpeedFace-V5L Visitor Kiosk,North,,Reception - HN-10,KSK-HN10,Security,Security Officer,2030-03-06,Visitor registration and facial verification terminal,KSKHN1051462,Security Operations,"Touch Panel, Camera Module",ZKTeco,
239,OPERATIONAL,Loading-Bay-Camera-HN-10,Hikvision DS-2CD2686G2 Bullet Camera,North,,Loading Bay - HN-10,CCTV-HN10,Security,Security Officer,2029-05-27,High-resolution loading dock surveillance camera,CCTVHN1051053,Security Operations,"Mounting Bracket, PoE Injector",Hikvision,
240,MAINTENANCE,Microwave-Radio-HN-10,Ceragon IP-20C Microwave Radio,North,,Roof - HN-10,MWR-HN10,Network Equipment,Field Technician,2028-05-19,Roof-top point-to-point backhaul radio,MWRHN1093995,Cellular Maintenance,"ODU Cables, Mount Kits",Ceragon,Red River Power Co.
241,OPERATIONAL,Fiber-Patch-Panel-HN-10,Corning EDGE Fiber Patch Panel,North,,IDF Room 1 - HN-10,FPP-HN10,Cabling,Cabling Technician,2027-10-03,Structured fiber distribution panel,FPPHN1053458,Infrastructure,"LC Connectors, Adapter Packs",Corning,
242,OPERATIONAL,Edge-Switch-HN-10,Cisco Catalyst 9300 Edge Switch,North,Core-Router-HN-10,IDF Room 2 - HN-10,ESW-HN10,Network Equipment,Network Engineer,2029-09-09,Edge switch for floor distribution,ESWHN1050038,Network Operations,"Power Supplies, SFP Modules",Cisco,
243,OPERATIONAL,5G-Antenna-HN-10,Ericsson AIR 6488 Massive MIMO Antenna,North,,Telecom Mast - HN-10,ANT-HN10,Cellular Equipment,Field Technician,2029-09-24,5G radio antenna system,ANTHN1089511,Cellular Maintenance,"Mount Kits, RF Jumpers",Ericsson,
244,MAINTENANCE,Baseband-Unit-HN-10,Nokia AirScale Baseband Unit,North,,Base Station - HN-10,BBU-HN10,Cellular Equipment,Field Technician,2027-06-17,Baseband processing for radio access network,BBUHN1028350,Cellular Maintenance,"Power Supply, Sync Modules",Nokia,
245,OPERATIONAL,Radio-Unit-HN-10,Ericsson Radio 4422 Remote Radio Unit,North,Baseband-Unit-HN-10,Antenna Array - HN-10,RRU-HN10,Cellular Equipment,Field Technician,2028-02-07,Remote radio head for sector coverage,RRUHN1020022,Cellular Maintenance,"RF Cables, Surge Protectors",Ericsson,
246,DOWN,Sensor-Gateway-HN-10,Advantech WISE-6610 IoT Gateway,North,,Storage Room - HN-10,IOT-HN10,IoT,Facilities Supervisor,2027-06-04,Environmental and utility sensor concentrator,IOTHN1076476,Facilities,"Antenna Kit, DIN Clips",Advantech,
247,OPERATIONAL,WiFi-Controller-HN-10,Cisco Catalyst 9800-L Wireless Controller,North,,Office Floor 1 - HN-10,WLC-HN10,Network Equipment,Network Engineer,2030-07-17,Centralized wireless controller,WLCHN1086269,Network Operations,"Power Supplies, SSDs",Cisco,
248,OPERATIONAL,Access-Point-HN-10,Aruba AP-515 Wireless Access Point,North,WiFi-Controller-HN-10,Office Floor 2 - HN-10,AP-HN10,Network Equipment,Network Engineer,2030-03-31,Wi-Fi 6 indoor wireless access point,APHN1087337,Network Operations,"Mounting Kit, PoE Injector",Aruba,
249,DOWN,AI-Analytics-Server-HN-10,NVIDIA DGX A100 AI Analytics Server,North,,Lab A - HN-10,AIS-HN10,Servers,AI Specialist,2028-03-11,Accelerated AI processing node,AISHN1082298,AI Operations,"GPUs, NVLink Cables",NVIDIA,
250,OPERATIONAL,Monitoring-Appliance-HN-10,Fluke OptiView XG Network Monitoring Appliance,North,,Workshop - HN-10,NMA-HN10,Network Equipment,Network Engineer,2028-06-17,Portable and fixed network diagnostics appliance,NMAHN1071879,Network Operations,"SFP Modules, SSDs",Fluke,
251,OPERATIONAL,Monitoring-System-HCM-11,SolarWinds Hybrid Cloud Observability Appliance,South,,Infrastructure Site - HCM-11,MON-HCM11,Network Equipment,Network Engineer,2030-09-01,Central site monitoring appliance,MONHCM1157948,Network Operations,"Power Supplies, SSDs",SolarWinds,
252,OPERATIONAL,Core-Router-HCM-11,Cisco ASR 9904 Core Router,South,,Network Operations Center (NOC) - HCM-11,RTR-HCM11,Network Equipment,Network Engineer,2029-03-14,Core network routing platform,RTRHCM1187280,Network Operations,"Line Cards, Power Supplies",Cisco,
253,OPERATIONAL,Security-VMS-Server-HCM-11,Milestone Husky IVO 350R Video Management Server,South,,Security Operations Center (SOC) - HCM-11,VMS-HCM11,Security,Security Officer,2028-08-18,Video management and recording server,VMSHCM1175683,Security Operations,"RAID Drives, PSUs",Milestone,
254,OPERATIONAL,Virtualization-Host-HCM-11,Dell PowerEdge R750 Virtualization Host,South,,Server Room A - HCM-11,SRV-HCM11,Servers,System Administrator,2029-11-11,Virtualization compute cluster node,SRVHCM1157692,Server Operations,"RAM, NVMe Drives",Dell,
255,OPERATIONAL,Storage-Array-HCM-11,NetApp AFF A250 Storage Array,South,,Server Room B - HCM-11,SAN-HCM11,Storage,Storage Administrator,2029-10-25,Shared storage array for critical workloads,SANHCM1141310,Server Operations,"SSDs, Controllers",NetApp,
256,OPERATIONAL,Access-Switch-HCM-11,Juniper EX4300 Access Switch,South,,Network Closet - HCM-11,SW-HCM11,Network Equipment,Network Engineer,2030-06-11,Access layer switch for wired users,SWHCM1177388,Network Operations,"Transceivers, Fans",Juniper,
257,OPERATIONAL,Access-Control-Panel-HCM-11,Paxton Net2 Plus Access Control Panel,South,,Access Control Room - HCM-11,ACP-HCM11,Security,Security Officer,2027-10-15,Door access control and credential management,ACPHCM1133480,Security Operations,"Power Supply, Readers",Paxton,
258,COMMISSIONING,NVR-HCM-11,Hikvision DS-9632NI-M8 Network Video Recorder,South,,Video Surveillance Room - HCM-11,NVR-HCM11,Security,Security Officer,2030-03-05,Central CCTV recording system,NVRHCM1196430,Security Operations,"Hard Drives, Fans",Hikvision,
259,OPERATIONAL,UPS-HCM-11,APC Smart-UPS SRT 3000VA,South,,UPS Room - HCM-11,UPS-HCM11,Power,Electrician,2027-10-27,Online double-conversion UPS,UPSHCM1157028,Facilities,"Batteries, Fan Kits",APC,
260,OPERATIONAL,ATS-Panel-HCM-11,Schneider EasyPact Automatic Transfer Switch,South,,Electrical Room - HCM-11,ATS-HCM11,Power,Electrician,2027-03-24,Automatic mains/generator transfer switch,ATSHCM1118239,Facilities,"Breakers, Contact Kits",Schneider Electric,
261,OPERATIONAL,CRAC-Unit-HCM-11,Vertiv Liebert PDX Precision Cooling Unit,South,,HVAC Plant - HCM-11,CRAC-HCM11,Cooling,HVAC Technician,2028-06-25,Precision cooling for IT spaces,CRACHCM1115610,Facilities,"Filters, Compressor Kits",Vertiv,
262,OPERATIONAL,Generator-HCM-11,Cummins C275D5 Backup Generator,South,,Generator Yard - HCM-11,GEN-HCM11,Power,Electrician,2030-10-01,Standby diesel generator set,GENHCM1157349,Facilities,"Filters, Starter Batteries",Cummins,
263,OPERATIONAL,Visitor-Kiosk-HCM-11,ZKTeco SpeedFace-V5L Visitor Kiosk,South,,Reception - HCM-11,KSK-HCM11,Security,Security Officer,2029-03-05,Visitor registration and facial verification terminal,KSKHCM1169591,Security Operations,"Touch Panel, Camera Module",ZKTeco,
264,OPERATIONAL,Loading-Bay-Camera-HCM-11,Hikvision DS-2CD2686G2 Bullet Camera,South,,Loading Bay - HCM-11,CCTV-HCM11,Security,Security Officer,2027-04-06,High-resolution loading dock surveillance camera,CCTVHCM1195003,Security Operations,"Mounting Bracket, PoE Injector",Hikvision,
265,OPERATIONAL,Microwave-Radio-HCM-11,Ceragon IP-20C Microwave Radio,South,,Roof - HCM-11,MWR-HCM11,Network Equipment,Field Technician,2028-10-25,Roof-top point-to-point backhaul radio,MWRHCM1178337,Cellular Maintenance,"ODU Cables, Mount Kits",Ceragon,
266,MAINTENANCE,Fiber-Patch-Panel-HCM-11,Corning EDGE Fiber Patch Panel,South,,IDF Room 1 - HCM-11,FPP-HCM11,Cabling,Cabling Technician,2030-07-21,Structured fiber distribution panel,FPPHCM1144513,Infrastructure,"LC Connectors, Adapter Packs",Corning,
267,OPERATIONAL,Edge-Switch-HCM-11,Cisco Catalyst 9300 Edge Switch,South,,IDF Room 2 - HCM-11,ESW-HCM11,Network Equipment,Network Engineer,2030-03-13,Edge switch for floor distribution,ESWHCM1157880,Network Operations,"Power Supplies, SFP Modules",Cisco,
268,OPERATIONAL,5G-Antenna-HCM-11,Ericsson AIR 6488 Massive MIMO Antenna,South,,Telecom Mast - HCM-11,ANT-HCM11,Cellular Equipment,Field Technician,2030-04-18,5G radio antenna system,ANTHCM1177720,Cellular Maintenance,"Mount Kits, RF Jumpers",Ericsson,
269,OPERATIONAL,Baseband-Unit-HCM-11,Nokia AirScale Baseband Unit,South,,Base Station - HCM-11,BBU-HCM11,Cellular Equipment,Field Technician,2028-05-30,Baseband processing for radio access network,BBUHCM1177681,Cellular Maintenance,"Power Supply, Sync Modules",Nokia,
270,OPERATIONAL,Radio-Unit-HCM-11,Ericsson Radio 4422 Remote Radio Unit,South,Baseband-Unit-HCM-11,Antenna Array - HCM-11,RRU-HCM11,Cellular Equipment,Field Technician,2029-04-11,Remote radio head for sector coverage,RRUHCM1173813,Cellular Maintenance,"RF Cables, Surge Protectors",Ericsson,
271,DOWN,Sensor-Gateway-HCM-11,Advantech WISE-6610 IoT Gateway,South,,Storage Room - HCM-11,IOT-HCM11,IoT,Facilities Supervisor,2029-09-14,Environmental and utility sensor concentrator,IOTHCM1110864,Facilities,"Antenna Kit, DIN Clips",Advantech,
272,DOWN,WiFi-Controller-HCM-11,Cisco Catalyst 9800-L Wireless Controller,South,,Office Floor 1 - HCM-11,WLC-HCM11,Network Equipment,Network Engineer,2029-10-24,Centralized wireless controller,WLCHCM1167658,Network Operations,"Power Supplies, SSDs",Cisco,
273,OPERATIONAL,Access-Point-HCM-11,Aruba AP-515 Wireless Access Point,South,WiFi-Controller-HCM-11,Office Floor 2 - HCM-11,AP-HCM11,Network Equipment,Network Engineer,2027-12-06,Wi-Fi 6 indoor wireless access point,APHCM1177441,Network Operations,"Mounting Kit, PoE Injector",Aruba,
274,OPERATIONAL,AI-Analytics-Server-HCM-11,NVIDIA DGX A100 AI Analytics Server,South,,Lab A - HCM-11,AIS-HCM11,Servers,AI Specialist,2030-08-10,Accelerated AI processing node,AISHCM1129692,AI Operations,"GPUs, NVLink Cables",NVIDIA,
275,OPERATIONAL,Monitoring-Appliance-HCM-11,Fluke OptiView XG Network Monitoring Appliance,South,,Workshop - HCM-11,NMA-HCM11,Network Equipment,Network Engineer,2028-01-18,Portable and fixed network diagnostics appliance,NMAHCM1125509,Network Operations,"SFP Modules, SSDs",Fluke,
276,OPERATIONAL,Monitoring-System-HCM-12,SolarWinds Hybrid Cloud Observability Appliance,South,,Infrastructure Site - HCM-12,MON-HCM12,Network Equipment,Network Engineer,2030-09-15,Central site monitoring appliance,MONHCM1253283,Network Operations,"Power Supplies, SSDs",SolarWinds,
277,OPERATIONAL,Core-Router-HCM-12,Cisco ASR 9904 Core Router,South,,Network Operations Center (NOC) - HCM-12,RTR-HCM12,Network Equipment,Network Engineer,2027-08-21,Core network routing platform,RTRHCM1272759,Network Operations,"Line Cards, Power Supplies",Cisco,
278,OPERATIONAL,Security-VMS-Server-HCM-12,Milestone Husky IVO 350R Video Management Server,South,,Security Operations Center (SOC) - HCM-12,VMS-HCM12,Security,Security Officer,2029-09-08,Video management and recording server,VMSHCM1231134,Security Operations,"RAID Drives, PSUs",Milestone,
279,MAINTENANCE,Virtualization-Host-HCM-12,Dell PowerEdge R750 Virtualization Host,South,,Server Room A - HCM-12,SRV-HCM12,Servers,System Administrator,2030-08-18,Virtualization compute cluster node,SRVHCM1212942,Server Operations,"RAM, NVMe Drives",Dell,HaNoi Cooling Services
280,OPERATIONAL,Storage-Array-HCM-12,NetApp AFF A250 Storage Array,South,,Server Room B - HCM-12,SAN-HCM12,Storage,Storage Administrator,2030-03-20,Shared storage array for critical workloads,SANHCM1227658,Server Operations,"SSDs, Controllers",NetApp,
281,OPERATIONAL,Access-Switch-HCM-12,Juniper EX4300 Access Switch,South,,Network Closet - HCM-12,SW-HCM12,Network Equipment,Network Engineer,2030-07-13,Access layer switch for wired users,SWHCM1285008,Network Operations,"Transceivers, Fans",Juniper,
282,OPERATIONAL,Access-Control-Panel-HCM-12,Paxton Net2 Plus Access Control Panel,South,,Access Control Room - HCM-12,ACP-HCM12,Security,Security Officer,2027-10-28,Door access control and credential management,ACPHCM1243850,Security Operations,"Power Supply, Readers",Paxton,
283,OPERATIONAL,NVR-HCM-12,Hikvision DS-9632NI-M8 Network Video Recorder,South,,Video Surveillance Room - HCM-12,NVR-HCM12,Security,Security Officer,2028-01-04,Central CCTV recording system,NVRHCM1263143,Security Operations,"Hard Drives, Fans",Hikvision,
284,STANDBY,UPS-HCM-12,APC Smart-UPS SRT 3000VA,South,,UPS Room - HCM-12,UPS-HCM12,Power,Electrician,2030-05-12,Online double-conversion UPS,UPSHCM1296736,Facilities,"Batteries, Fan Kits",APC,
285,COMMISSIONING,ATS-Panel-HCM-12,Schneider EasyPact Automatic Transfer Switch,South,,Electrical Room - HCM-12,ATS-HCM12,Power,Electrician,2028-08-03,Automatic mains/generator transfer switch,ATSHCM1289498,Facilities,"Breakers, Contact Kits",Schneider Electric,
286,OPERATIONAL,CRAC-Unit-HCM-12,Vertiv Liebert PDX Precision Cooling Unit,South,,HVAC Plant - HCM-12,CRAC-HCM12,Cooling,HVAC Technician,2029-09-13,Precision cooling for IT spaces,CRACHCM1263840,Facilities,"Filters, Compressor Kits",Vertiv,
287,OPERATIONAL,Generator-HCM-12,Cummins C275D5 Backup Generator,South,,Generator Yard - HCM-12,GEN-HCM12,Power,Electrician,2030-05-15,Standby diesel generator set,GENHCM1233839,Facilities,"Filters, Starter Batteries",Cummins,
288,OPERATIONAL,Visitor-Kiosk-HCM-12,ZKTeco SpeedFace-V5L Visitor Kiosk,South,,Reception - HCM-12,KSK-HCM12,Security,Security Officer,2030-06-30,Visitor registration and facial verification terminal,KSKHCM1244671,Security Operations,"Touch Panel, Camera Module",ZKTeco,
289,OPERATIONAL,Loading-Bay-Camera-HCM-12,Hikvision DS-2CD2686G2 Bullet Camera,South,,Loading Bay - HCM-12,CCTV-HCM12,Security,Security Officer,2027-12-10,High-resolution loading dock surveillance camera,CCTVHCM1254914,Security Operations,"Mounting Bracket, PoE Injector",Hikvision,
290,OPERATIONAL,Microwave-Radio-HCM-12,Ceragon IP-20C Microwave Radio,South,,Roof - HCM-12,MWR-HCM12,Network Equipment,Field Technician,2029-07-17,Roof-top point-to-point backhaul radio,MWRHCM1219023,Cellular Maintenance,"ODU Cables, Mount Kits",Ceragon,
291,OPERATIONAL,Fiber-Patch-Panel-HCM-12,Corning EDGE Fiber Patch Panel,South,,IDF Room 1 - HCM-12,FPP-HCM12,Cabling,Cabling Technician,2028-04-15,Structured fiber distribution panel,FPPHCM1227329,Infrastructure,"LC Connectors, Adapter Packs",Corning,
292,OPERATIONAL,Edge-Switch-HCM-12,Cisco Catalyst 9300 Edge Switch,South,,IDF Room 2 - HCM-12,ESW-HCM12,Network Equipment,Network Engineer,2027-08-11,Edge switch for floor distribution,ESWHCM1276107,Network Operations,"Power Supplies, SFP Modules",Cisco,
293,OPERATIONAL,5G-Antenna-HCM-12,Ericsson AIR 6488 Massive MIMO Antenna,South,,Telecom Mast - HCM-12,ANT-HCM12,Cellular Equipment,Field Technician,2030-11-02,5G radio antenna system,ANTHCM1222622,Cellular Maintenance,"Mount Kits, RF Jumpers",Ericsson,
294,OPERATIONAL,Baseband-Unit-HCM-12,Nokia AirScale Baseband Unit,South,,Base Station - HCM-12,BBU-HCM12,Cellular Equipment,Field Technician,2027-12-30,Baseband processing for radio access network,BBUHCM1215116,Cellular Maintenance,"Power Supply, Sync Modules",Nokia,
295,OPERATIONAL,Radio-Unit-HCM-12,Ericsson Radio 4422 Remote Radio Unit,South,Baseband-Unit-HCM-12,Antenna Array - HCM-12,RRU-HCM12,Cellular Equipment,Field Technician,2029-12-24,Remote radio head for sector coverage,RRUHCM1273208,Cellular Maintenance,"RF Cables, Surge Protectors",Ericsson,
296,OPERATIONAL,Sensor-Gateway-HCM-12,Advantech WISE-6610 IoT Gateway,South,,Storage Room - HCM-12,IOT-HCM12,IoT,Facilities Supervisor,2030-09-12,Environmental and utility sensor concentrator,IOTHCM1289098,Facilities,"Antenna Kit, DIN Clips",Advantech,
297,MAINTENANCE,WiFi-Controller-HCM-12,Cisco Catalyst 9800-L Wireless Controller,South,,Office Floor 1 - HCM-12,WLC-HCM12,Network Equipment,Network Engineer,2030-01-09,Centralized wireless controller,WLCHCM1298940,Network Operations,"Power Supplies, SSDs",Cisco,
298,OPERATIONAL,Access-Point-HCM-12,Aruba AP-515 Wireless Access Point,South,WiFi-Controller-HCM-12,Office Floor 2 - HCM-12,AP-HCM12,Network Equipment,Network Engineer,2029-12-05,Wi-Fi 6 indoor wireless access point,APHCM1215693,Network Operations,"Mounting Kit, PoE Injector",Aruba,
299,OPERATIONAL,AI-Analytics-Server-HCM-12,NVIDIA DGX A100 AI Analytics Server,South,,Lab A - HCM-12,AIS-HCM12,Servers,AI Specialist,2030-11-29,Accelerated AI processing node,AISHCM1240079,AI Operations,"GPUs, NVLink Cables",NVIDIA,
300,MAINTENANCE,Monitoring-Appliance-HCM-12,Fluke OptiView XG Network Monitoring Appliance,South,Monitoring-System-HCM-12,Workshop - HCM-12,NMA-HCM12,Network Equipment,Network Engineer,2029-09-14,Portable and fixed network diagnostics appliance,NMAHCM1287207,Network Operations,"SFP Modules, SSDs",Fluke,
301,OPERATIONAL,Monitoring-System-DN-13,SolarWinds Hybrid Cloud Observability Appliance,Central,,Infrastructure Site - DN-13,MON-DN13,Network Equipment,Network Engineer,2030-11-27,Central site monitoring appliance,MONDN1365769,Network Operations,"Power Supplies, SSDs",SolarWinds,
302,OPERATIONAL,Core-Router-DN-13,Cisco ASR 9904 Core Router,Central,,Network Operations Center (NOC) - DN-13,RTR-DN13,Network Equipment,Network Engineer,2027-10-02,Core network routing platform,RTRDN1340475,Network Operations,"Line Cards, Power Supplies",Cisco,
303,OPERATIONAL,Security-VMS-Server-DN-13,Milestone Husky IVO 350R Video Management Server,Central,,Security Operations Center (SOC) - DN-13,VMS-DN13,Security,Security Officer,2027-06-21,Video management and recording server,VMSDN1381267,Security Operations,"RAID Drives, PSUs",Milestone,
304,OPERATIONAL,Virtualization-Host-DN-13,Dell PowerEdge R750 Virtualization Host,Central,,Server Room A - DN-13,SRV-DN13,Servers,System Administrator,2029-04-16,Virtualization compute cluster node,SRVDN1310716,Server Operations,"RAM, NVMe Drives",Dell,
305,OPERATIONAL,Storage-Array-DN-13,NetApp AFF A250 Storage Array,Central,,Server Room B - DN-13,SAN-DN13,Storage,Storage Administrator,2030-12-23,Shared storage array for critical workloads,SANDN1310932,Server Operations,"SSDs, Controllers",NetApp,
306,OPERATIONAL,Access-Switch-DN-13,Juniper EX4300 Access Switch,Central,,Network Closet - DN-13,SW-DN13,Network Equipment,Network Engineer,2030-03-29,Access layer switch for wired users,SWDN1378126,Network Operations,"Transceivers, Fans",Juniper,
307,OPERATIONAL,Access-Control-Panel-DN-13,Paxton Net2 Plus Access Control Panel,Central,,Access Control Room - DN-13,ACP-DN13,Security,Security Officer,2027-01-15,Door access control and credential management,ACPDN1336924,Security Operations,"Power Supply, Readers",Paxton,
308,MAINTENANCE,NVR-DN-13,Hikvision DS-9632NI-M8 Network Video Recorder,Central,,Video Surveillance Room - DN-13,NVR-DN13,Security,Security Officer,2030-11-09,Central CCTV recording system,NVRDN1363588,Security Operations,"Hard Drives, Fans",Hikvision,HaNoi Cooling Services
309,OPERATIONAL,UPS-DN-13,APC Smart-UPS SRT 3000VA,Central,,UPS Room - DN-13,UPS-DN13,Power,Electrician,2029-05-22,Online double-conversion UPS,UPSDN1380268,Facilities,"Batteries, Fan Kits",APC,
310,OPERATIONAL,ATS-Panel-DN-13,Schneider EasyPact Automatic Transfer Switch,Central,,Electrical Room - DN-13,ATS-DN13,Power,Electrician,2029-05-17,Automatic mains/generator transfer switch,ATSDN1399208,Facilities,"Breakers, Contact Kits",Schneider Electric,
311,OPERATIONAL,CRAC-Unit-DN-13,Vertiv Liebert PDX Precision Cooling Unit,Central,,HVAC Plant - DN-13,CRAC-DN13,Cooling,HVAC Technician,2029-03-24,Precision cooling for IT spaces,CRACDN1364162,Facilities,"Filters, Compressor Kits",Vertiv,
312,MAINTENANCE,Generator-DN-13,Cummins C275D5 Backup Generator,Central,,Generator Yard - DN-13,GEN-DN13,Power,Electrician,2030-02-04,Standby diesel generator set,GENDN1358524,Facilities,"Filters, Starter Batteries",Cummins,
313,OPERATIONAL,Visitor-Kiosk-DN-13,ZKTeco SpeedFace-V5L Visitor Kiosk,Central,,Reception - DN-13,KSK-DN13,Security,Security Officer,2029-09-17,Visitor registration and facial verification terminal,KSKDN1350193,Security Operations,"Touch Panel, Camera Module",ZKTeco,
314,OPERATIONAL,Loading-Bay-Camera-DN-13,Hikvision DS-2CD2686G2 Bullet Camera,Central,,Loading Bay - DN-13,CCTV-DN13,Security,Security Officer,2030-03-29,High-resolution loading dock surveillance camera,CCTVDN1362183,Security Operations,"Mounting Bracket, PoE Injector",Hikvision,
315,MAINTENANCE,Microwave-Radio-DN-13,Ceragon IP-20C Microwave Radio,Central,,Roof - DN-13,MWR-DN13,Network Equipment,Field Technician,2027-10-10,Roof-top point-to-point backhaul radio,MWRDN1396413,Cellular Maintenance,"ODU Cables, Mount Kits",Ceragon,Alpha Secure Systems
316,MAINTENANCE,Fiber-Patch-Panel-DN-13,Corning EDGE Fiber Patch Panel,Central,,IDF Room 1 - DN-13,FPP-DN13,Cabling,Cabling Technician,2029-07-03,Structured fiber distribution panel,FPPDN1331206,Infrastructure,"LC Connectors, Adapter Packs",Corning,Mekong Telecom Services
317,MAINTENANCE,Edge-Switch-DN-13,Cisco Catalyst 9300 Edge Switch,Central,,IDF Room 2 - DN-13,ESW-DN13,Network Equipment,Network Engineer,2028-11-24,Edge switch for floor distribution,ESWDN1399727,Network Operations,"Power Supplies, SFP Modules",Cisco,
318,OPERATIONAL,5G-Antenna-DN-13,Ericsson AIR 6488 Massive MIMO Antenna,Central,,Telecom Mast - DN-13,ANT-DN13,Cellular Equipment,Field Technician,2027-11-26,5G radio antenna system,ANTDN1321939,Cellular Maintenance,"Mount Kits, RF Jumpers",Ericsson,
319,OPERATIONAL,Baseband-Unit-DN-13,Nokia AirScale Baseband Unit,Central,,Base Station - DN-13,BBU-DN13,Cellular Equipment,Field Technician,2027-10-25,Baseband processing for radio access network,BBUDN1321552,Cellular Maintenance,"Power Supply, Sync Modules",Nokia,
320,OPERATIONAL,Radio-Unit-DN-13,Ericsson Radio 4422 Remote Radio Unit,Central,Baseband-Unit-DN-13,Antenna Array - DN-13,RRU-DN13,Cellular Equipment,Field Technician,2027-05-12,Remote radio head for sector coverage,RRUDN1389826,Cellular Maintenance,"RF Cables, Surge Protectors",Ericsson,
321,OPERATIONAL,Sensor-Gateway-DN-13,Advantech WISE-6610 IoT Gateway,Central,,Storage Room - DN-13,IOT-DN13,IoT,Facilities Supervisor,2027-03-19,Environmental and utility sensor concentrator,IOTDN1362513,Facilities,"Antenna Kit, DIN Clips",Advantech,
322,OPERATIONAL,WiFi-Controller-DN-13,Cisco Catalyst 9800-L Wireless Controller,Central,,Office Floor 1 - DN-13,WLC-DN13,Network Equipment,Network Engineer,2030-06-11,Centralized wireless controller,WLCDN1347548,Network Operations,"Power Supplies, SSDs",Cisco,
323,STANDBY,Access-Point-DN-13,Aruba AP-515 Wireless Access Point,Central,WiFi-Controller-DN-13,Office Floor 2 - DN-13,AP-DN13,Network Equipment,Network Engineer,2030-12-28,Wi-Fi 6 indoor wireless access point,APDN1317531,Network Operations,"Mounting Kit, PoE Injector",Aruba,
324,OPERATIONAL,AI-Analytics-Server-DN-13,NVIDIA DGX A100 AI Analytics Server,Central,,Lab A - DN-13,AIS-DN13,Servers,AI Specialist,2027-12-25,Accelerated AI processing node,AISDN1367536,AI Operations,"GPUs, NVLink Cables",NVIDIA,
325,OPERATIONAL,Monitoring-Appliance-DN-13,Fluke OptiView XG Network Monitoring Appliance,Central,,Workshop - DN-13,NMA-DN13,Network Equipment,Network Engineer,2027-01-22,Portable and fixed network diagnostics appliance,NMADN1377915,Network Operations,"SFP Modules, SSDs",Fluke,
326,OPERATIONAL,Monitoring-System-HP-14,SolarWinds Hybrid Cloud Observability Appliance,North,,Infrastructure Site - HP-14,MON-HP14,Network Equipment,Network Engineer,2028-08-08,Central site monitoring appliance,MONHP1488579,Network Operations,"Power Supplies, SSDs",SolarWinds,
327,OPERATIONAL,Core-Router-HP-14,Cisco ASR 9904 Core Router,North,,Network Operations Center (NOC) - HP-14,RTR-HP14,Network Equipment,Network Engineer,2029-11-11,Core network routing platform,RTRHP1440365,Network Operations,"Line Cards, Power Supplies",Cisco,
328,OPERATIONAL,Security-VMS-Server-HP-14,Milestone Husky IVO 350R Video Management Server,North,,Security Operations Center (SOC) - HP-14,VMS-HP14,Security,Security Officer,2030-06-13,Video management and recording server,VMSHP1414726,Security Operations,"RAID Drives, PSUs",Milestone,
329,OPERATIONAL,Virtualization-Host-HP-14,Dell PowerEdge R750 Virtualization Host,North,,Server Room A - HP-14,SRV-HP14,Servers,System Administrator,2029-01-06,Virtualization compute cluster node,SRVHP1410037,Server Operations,"RAM, NVMe Drives",Dell,
330,OPERATIONAL,Storage-Array-HP-14,NetApp AFF A250 Storage Array,North,,Server Room B - HP-14,SAN-HP14,Storage,Storage Administrator,2027-11-19,Shared storage array for critical workloads,SANHP1446167,Server Operations,"SSDs, Controllers",NetApp,
331,OPERATIONAL,Access-Switch-HP-14,Juniper EX4300 Access Switch,North,,Network Closet - HP-14,SW-HP14,Network Equipment,Network Engineer,2029-03-29,Access layer switch for wired users,SWHP1461792,Network Operations,"Transceivers, Fans",Juniper,
332,OPERATIONAL,Access-Control-Panel-HP-14,Paxton Net2 Plus Access Control Panel,North,,Access Control Room - HP-14,ACP-HP14,Security,Security Officer,2029-04-10,Door access control and credential management,ACPHP1477861,Security Operations,"Power Supply, Readers",Paxton,
333,OPERATIONAL,NVR-HP-14,Hikvision DS-9632NI-M8 Network Video Recorder,North,,Video Surveillance Room - HP-14,NVR-HP14,Security,Security Officer,2027-02-01,Central CCTV recording system,NVRHP1418993,Security Operations,"Hard Drives, Fans",Hikvision,
334,OPERATIONAL,UPS-HP-14,APC Smart-UPS SRT 3000VA,North,,UPS Room - HP-14,UPS-HP14,Power,Electrician,2027-07-04,Online double-conversion UPS,UPSHP1483284,Facilities,"Batteries, Fan Kits",APC,
335,OPERATIONAL,ATS-Panel-HP-14,Schneider EasyPact Automatic Transfer Switch,North,,Electrical Room - HP-14,ATS-HP14,Power,Electrician,2030-04-08,Automatic mains/generator transfer switch,ATSHP1446242,Facilities,"Breakers, Contact Kits",Schneider Electric,
336,OPERATIONAL,CRAC-Unit-HP-14,Vertiv Liebert PDX Precision Cooling Unit,North,,HVAC Plant - HP-14,CRAC-HP14,Cooling,HVAC Technician,2028-04-08,Precision cooling for IT spaces,CRACHP1435496,Facilities,"Filters, Compressor Kits",Vertiv,
337,COMMISSIONING,Generator-HP-14,Cummins C275D5 Backup Generator,North,,Generator Yard - HP-14,GEN-HP14,Power,Electrician,2029-07-20,Standby diesel generator set,GENHP1444223,Facilities,"Filters, Starter Batteries",Cummins,SaiGon MEP Solutions
338,OPERATIONAL,Visitor-Kiosk-HP-14,ZKTeco SpeedFace-V5L Visitor Kiosk,North,,Reception - HP-14,KSK-HP14,Security,Security Officer,2030-02-18,Visitor registration and facial verification terminal,KSKHP1448568,Security Operations,"Touch Panel, Camera Module",ZKTeco,
339,COMMISSIONING,Loading-Bay-Camera-HP-14,Hikvision DS-2CD2686G2 Bullet Camera,North,,Loading Bay - HP-14,CCTV-HP14,Security,Security Officer,2028-11-27,High-resolution loading dock surveillance camera,CCTVHP1477277,Security Operations,"Mounting Bracket, PoE Injector",Hikvision,
340,MAINTENANCE,Microwave-Radio-HP-14,Ceragon IP-20C Microwave Radio,North,,Roof - HP-14,MWR-HP14,Network Equipment,Field Technician,2030-01-06,Roof-top point-to-point backhaul radio,MWRHP1485352,Cellular Maintenance,"ODU Cables, Mount Kits",Ceragon,Danang Engineering Works
341,OPERATIONAL,Fiber-Patch-Panel-HP-14,Corning EDGE Fiber Patch Panel,North,,IDF Room 1 - HP-14,FPP-HP14,Cabling,Cabling Technician,2029-02-11,Structured fiber distribution panel,FPPHP1441886,Infrastructure,"LC Connectors, Adapter Packs",Corning,
342,STANDBY,Edge-Switch-HP-14,Cisco Catalyst 9300 Edge Switch,North,Core-Router-HP-14,IDF Room 2 - HP-14,ESW-HP14,Network Equipment,Network Engineer,2028-11-26,Edge switch for floor distribution,ESWHP1470387,Network Operations,"Power Supplies, SFP Modules",Cisco,
343,DOWN,5G-Antenna-HP-14,Ericsson AIR 6488 Massive MIMO Antenna,North,,Telecom Mast - HP-14,ANT-HP14,Cellular Equipment,Field Technician,2030-04-16,5G radio antenna system,ANTHP1443792,Cellular Maintenance,"Mount Kits, RF Jumpers",Ericsson,
344,OPERATIONAL,Baseband-Unit-HP-14,Nokia AirScale Baseband Unit,North,,Base Station - HP-14,BBU-HP14,Cellular Equipment,Field Technician,2027-05-19,Baseband processing for radio access network,BBUHP1438885,Cellular Maintenance,"Power Supply, Sync Modules",Nokia,
345,OPERATIONAL,Radio-Unit-HP-14,Ericsson Radio 4422 Remote Radio Unit,North,Baseband-Unit-HP-14,Antenna Array - HP-14,RRU-HP14,Cellular Equipment,Field Technician,2030-10-18,Remote radio head for sector coverage,RRUHP1464057,Cellular Maintenance,"RF Cables, Surge Protectors",Ericsson,
346,OPERATIONAL,Sensor-Gateway-HP-14,Advantech WISE-6610 IoT Gateway,North,,Storage Room - HP-14,IOT-HP14,IoT,Facilities Supervisor,2028-12-24,Environmental and utility sensor concentrator,IOTHP1411274,Facilities,"Antenna Kit, DIN Clips",Advantech,
347,MAINTENANCE,WiFi-Controller-HP-14,Cisco Catalyst 9800-L Wireless Controller,North,,Office Floor 1 - HP-14,WLC-HP14,Network Equipment,Network Engineer,2030-12-06,Centralized wireless controller,WLCHP1442539,Network Operations,"Power Supplies, SSDs",Cisco,Mekong Telecom Services
348,OPERATIONAL,Access-Point-HP-14,Aruba AP-515 Wireless Access Point,North,WiFi-Controller-HP-14,Office Floor 2 - HP-14,AP-HP14,Network Equipment,Network Engineer,2030-10-11,Wi-Fi 6 indoor wireless access point,APHP1454825,Network Operations,"Mounting Kit, PoE Injector",Aruba,
349,OPERATIONAL,AI-Analytics-Server-HP-14,NVIDIA DGX A100 AI Analytics Server,North,,Lab A - HP-14,AIS-HP14,Servers,AI Specialist,2027-06-05,Accelerated AI processing node,AISHP1433394,AI Operations,"GPUs, NVLink Cables",NVIDIA,
350,OPERATIONAL,Monitoring-Appliance-HP-14,Fluke OptiView XG Network Monitoring Appliance,North,Monitoring-System-HP-14,Workshop - HP-14,NMA-HP14,Network Equipment,Network Engineer,2029-09-02,Portable and fixed network diagnostics appliance,NMAHP1485197,Network Operations,"SFP Modules, SSDs",Fluke,
351,OPERATIONAL,Monitoring-System-CT-15,SolarWinds Hybrid Cloud Observability Appliance,South,,Infrastructure Site - CT-15,MON-CT15,Network Equipment,Network Engineer,2028-07-05,Central site monitoring appliance,MONCT1599536,Network Operations,"Power Supplies, SSDs",SolarWinds,
352,OPERATIONAL,Core-Router-CT-15,Cisco ASR 9904 Core Router,South,,Network Operations Center (NOC) - CT-15,RTR-CT15,Network Equipment,Network Engineer,2028-01-25,Core network routing platform,RTRCT1536170,Network Operations,"Line Cards, Power Supplies",Cisco,
353,OPERATIONAL,Security-VMS-Server-CT-15,Milestone Husky IVO 350R Video Management Server,South,,Security Operations Center (SOC) - CT-15,VMS-CT15,Security,Security Officer,2028-04-25,Video management and recording server,VMSCT1544787,Security Operations,"RAID Drives, PSUs",Milestone,
354,OPERATIONAL,Virtualization-Host-CT-15,Dell PowerEdge R750 Virtualization Host,South,,Server Room A - CT-15,SRV-CT15,Servers,System Administrator,2028-02-28,Virtualization compute cluster node,SRVCT1542728,Server Operations,"RAM, NVMe Drives",Dell,
355,OPERATIONAL,Storage-Array-CT-15,NetApp AFF A250 Storage Array,South,,Server Room B - CT-15,SAN-CT15,Storage,Storage Administrator,2030-06-20,Shared storage array for critical workloads,SANCT1523983,Server Operations,"SSDs, Controllers",NetApp,
356,COMMISSIONING,Access-Switch-CT-15,Juniper EX4300 Access Switch,South,,Network Closet - CT-15,SW-CT15,Network Equipment,Network Engineer,2027-09-03,Access layer switch for wired users,SWCT1598580,Network Operations,"Transceivers, Fans",Juniper,
357,OPERATIONAL,Access-Control-Panel-CT-15,Paxton Net2 Plus Access Control Panel,South,,Access Control Room - CT-15,ACP-CT15,Security,Security Officer,2029-10-05,Door access control and credential management,ACPCT1580972,Security Operations,"Power Supply, Readers",Paxton,
358,MAINTENANCE,NVR-CT-15,Hikvision DS-9632NI-M8 Network Video Recorder,South,,Video Surveillance Room - CT-15,NVR-CT15,Security,Security Officer,2027-03-28,Central CCTV recording system,NVRCT1558653,Security Operations,"Hard Drives, Fans",Hikvision,
359,DOWN,UPS-CT-15,APC Smart-UPS SRT 3000VA,South,,UPS Room - CT-15,UPS-CT15,Power,Electrician,2029-10-05,Online double-conversion UPS,UPSCT1585303,Facilities,"Batteries, Fan Kits",APC,
360,OPERATIONAL,ATS-Panel-CT-15,Schneider EasyPact Automatic Transfer Switch,South,,Electrical Room - CT-15,ATS-CT15,Power,Electrician,2028-07-16,Automatic mains/generator transfer switch,ATSCT1576995,Facilities,"Breakers, Contact Kits",Schneider Electric,
361,OPERATIONAL,CRAC-Unit-CT-15,Vertiv Liebert PDX Precision Cooling Unit,South,,HVAC Plant - CT-15,CRAC-CT15,Cooling,HVAC Technician,2028-07-27,Precision cooling for IT spaces,CRACCT1585584,Facilities,"Filters, Compressor Kits",Vertiv,
362,OPERATIONAL,Generator-CT-15,Cummins C275D5 Backup Generator,South,,Generator Yard - CT-15,GEN-CT15,Power,Electrician,2027-09-20,Standby diesel generator set,GENCT1572694,Facilities,"Filters, Starter Batteries",Cummins,
363,OPERATIONAL,Visitor-Kiosk-CT-15,ZKTeco SpeedFace-V5L Visitor Kiosk,South,,Reception - CT-15,KSK-CT15,Security,Security Officer,2030-01-12,Visitor registration and facial verification terminal,KSKCT1555519,Security Operations,"Touch Panel, Camera Module",ZKTeco,
364,DOWN,Loading-Bay-Camera-CT-15,Hikvision DS-2CD2686G2 Bullet Camera,South,,Loading Bay - CT-15,CCTV-CT15,Security,Security Officer,2029-03-17,High-resolution loading dock surveillance camera,CCTVCT1532911,Security Operations,"Mounting Bracket, PoE Injector",Hikvision,
365,STANDBY,Microwave-Radio-CT-15,Ceragon IP-20C Microwave Radio,South,,Roof - CT-15,MWR-CT15,Network Equipment,Field Technician,2029-07-25,Roof-top point-to-point backhaul radio,MWRCT1577922,Cellular Maintenance,"ODU Cables, Mount Kits",Ceragon,
366,OPERATIONAL,Fiber-Patch-Panel-CT-15,Corning EDGE Fiber Patch Panel,South,,IDF Room 1 - CT-15,FPP-CT15,Cabling,Cabling Technician,2029-07-31,Structured fiber distribution panel,FPPCT1511103,Infrastructure,"LC Connectors, Adapter Packs",Corning,
367,OPERATIONAL,Edge-Switch-CT-15,Cisco Catalyst 9300 Edge Switch,South,Core-Router-CT-15,IDF Room 2 - CT-15,ESW-CT15,Network Equipment,Network Engineer,2027-01-25,Edge switch for floor distribution,ESWCT1523205,Network Operations,"Power Supplies, SFP Modules",Cisco,
368,OPERATIONAL,5G-Antenna-CT-15,Ericsson AIR 6488 Massive MIMO Antenna,South,,Telecom Mast - CT-15,ANT-CT15,Cellular Equipment,Field Technician,2028-10-28,5G radio antenna system,ANTCT1534530,Cellular Maintenance,"Mount Kits, RF Jumpers",Ericsson,
369,OPERATIONAL,Baseband-Unit-CT-15,Nokia AirScale Baseband Unit,South,,Base Station - CT-15,BBU-CT15,Cellular Equipment,Field Technician,2030-01-28,Baseband processing for radio access network,BBUCT1590358,Cellular Maintenance,"Power Supply, Sync Modules",Nokia,
370,OPERATIONAL,Radio-Unit-CT-15,Ericsson Radio 4422 Remote Radio Unit,South,Baseband-Unit-CT-15,Antenna Array - CT-15,RRU-CT15,Cellular Equipment,Field Technician,2028-12-03,Remote radio head for sector coverage,RRUCT1537594,Cellular Maintenance,"RF Cables, Surge Protectors",Ericsson,
371,OPERATIONAL,Sensor-Gateway-CT-15,Advantech WISE-6610 IoT Gateway,South,,Storage Room - CT-15,IOT-CT15,IoT,Facilities Supervisor,2029-05-08,Environmental and utility sensor concentrator,IOTCT1558799,Facilities,"Antenna Kit, DIN Clips",Advantech,
372,MAINTENANCE,WiFi-Controller-CT-15,Cisco Catalyst 9800-L Wireless Controller,South,,Office Floor 1 - CT-15,WLC-CT15,Network Equipment,Network Engineer,2029-01-17,Centralized wireless controller,WLCCT1546651,Network Operations,"Power Supplies, SSDs",Cisco,
373,OPERATIONAL,Access-Point-CT-15,Aruba AP-515 Wireless Access Point,South,WiFi-Controller-CT-15,Office Floor 2 - CT-15,AP-CT15,Network Equipment,Network Engineer,2030-03-16,Wi-Fi 6 indoor wireless access point,APCT1585483,Network Operations,"Mounting Kit, PoE Injector",Aruba,
374,OPERATIONAL,AI-Analytics-Server-CT-15,NVIDIA DGX A100 AI Analytics Server,South,,Lab A - CT-15,AIS-CT15,Servers,AI Specialist,2030-11-05,Accelerated AI processing node,AISCT1523090,AI Operations,"GPUs, NVLink Cables",NVIDIA,
375,MAINTENANCE,Monitoring-Appliance-CT-15,Fluke OptiView XG Network Monitoring Appliance,South,,Workshop - CT-15,NMA-CT15,Network Equipment,Network Engineer,2028-07-06,Portable and fixed network diagnostics appliance,NMACT1559923,Network Operations,"SFP Modules, SSDs",Fluke,HaNoi Cooling Services
376,MAINTENANCE,Monitoring-System-BD-16,SolarWinds Hybrid Cloud Observability Appliance,South,,Infrastructure Site - BD-16,MON-BD16,Network Equipment,Network Engineer,2029-08-26,Central site monitoring appliance,MONBD1633148,Network Operations,"Power Supplies, SSDs",SolarWinds,HaNoi Cooling Services
377,OPERATIONAL,Core-Router-BD-16,Cisco ASR 9904 Core Router,South,,Network Operations Center (NOC) - BD-16,RTR-BD16,Network Equipment,Network Engineer,2030-07-15,Core network routing platform,RTRBD1651383,Network Operations,"Line Cards, Power Supplies",Cisco,
378,OPERATIONAL,Security-VMS-Server-BD-16,Milestone Husky IVO 350R Video Management Server,South,,Security Operations Center (SOC) - BD-16,VMS-BD16,Security,Security Officer,2029-09-23,Video management and recording server,VMSBD1683680,Security Operations,"RAID Drives, PSUs",Milestone,
379,OPERATIONAL,Virtualization-Host-BD-16,Dell PowerEdge R750 Virtualization Host,South,,Server Room A - BD-16,SRV-BD16,Servers,System Administrator,2030-03-08,Virtualization compute cluster node,SRVBD1622972,Server Operations,"RAM, NVMe Drives",Dell,
380,OPERATIONAL,Storage-Array-BD-16,NetApp AFF A250 Storage Array,South,,Server Room B - BD-16,SAN-BD16,Storage,Storage Administrator,2030-11-15,Shared storage array for critical workloads,SANBD1638241,Server Operations,"SSDs, Controllers",NetApp,
381,OPERATIONAL,Access-Switch-BD-16,Juniper EX4300 Access Switch,South,,Network Closet - BD-16,SW-BD16,Network Equipment,Network Engineer,2028-06-04,Access layer switch for wired users,SWBD1692557,Network Operations,"Transceivers, Fans",Juniper,
382,OPERATIONAL,Access-Control-Panel-BD-16,Paxton Net2 Plus Access Control Panel,South,,Access Control Room - BD-16,ACP-BD16,Security,Security Officer,2027-07-17,Door access control and credential management,ACPBD1653864,Security Operations,"Power Supply, Readers",Paxton,
383,OPERATIONAL,NVR-BD-16,Hikvision DS-9632NI-M8 Network Video Recorder,South,,Video Surveillance Room - BD-16,NVR-BD16,Security,Security Officer,2028-06-16,Central CCTV recording system,NVRBD1683446,Security Operations,"Hard Drives, Fans",Hikvision,
384,COMMISSIONING,UPS-BD-16,APC Smart-UPS SRT 3000VA,South,,UPS Room - BD-16,UPS-BD16,Power,Electrician,2030-02-15,Online double-conversion UPS,UPSBD1612599,Facilities,"Batteries, Fan Kits",APC,Red River Power Co.
385,STANDBY,ATS-Panel-BD-16,Schneider EasyPact Automatic Transfer Switch,South,,Electrical Room - BD-16,ATS-BD16,Power,Electrician,2030-10-23,Automatic mains/generator transfer switch,ATSBD1685483,Facilities,"Breakers, Contact Kits",Schneider Electric,
386,OPERATIONAL,CRAC-Unit-BD-16,Vertiv Liebert PDX Precision Cooling Unit,South,,HVAC Plant - BD-16,CRAC-BD16,Cooling,HVAC Technician,2030-08-23,Precision cooling for IT spaces,CRACBD1632877,Facilities,"Filters, Compressor Kits",Vertiv,
387,OPERATIONAL,Generator-BD-16,Cummins C275D5 Backup Generator,South,,Generator Yard - BD-16,GEN-BD16,Power,Electrician,2028-08-05,Standby diesel generator set,GENBD1673896,Facilities,"Filters, Starter Batteries",Cummins,
388,DOWN,Visitor-Kiosk-BD-16,ZKTeco SpeedFace-V5L Visitor Kiosk,South,,Reception - BD-16,KSK-BD16,Security,Security Officer,2029-07-04,Visitor registration and facial verification terminal,KSKBD1659947,Security Operations,"Touch Panel, Camera Module",ZKTeco,
389,OPERATIONAL,Loading-Bay-Camera-BD-16,Hikvision DS-2CD2686G2 Bullet Camera,South,,Loading Bay - BD-16,CCTV-BD16,Security,Security Officer,2030-06-10,High-resolution loading dock surveillance camera,CCTVBD1692799,Security Operations,"Mounting Bracket, PoE Injector",Hikvision,
390,DOWN,Microwave-Radio-BD-16,Ceragon IP-20C Microwave Radio,South,,Roof - BD-16,MWR-BD16,Network Equipment,Field Technician,2027-10-24,Roof-top point-to-point backhaul radio,MWRBD1693962,Cellular Maintenance,"ODU Cables, Mount Kits",Ceragon,
391,OPERATIONAL,Fiber-Patch-Panel-BD-16,Corning EDGE Fiber Patch Panel,South,,IDF Room 1 - BD-16,FPP-BD16,Cabling,Cabling Technician,2028-11-21,Structured fiber distribution panel,FPPBD1690256,Infrastructure,"LC Connectors, Adapter Packs",Corning,
392,OPERATIONAL,Edge-Switch-BD-16,Cisco Catalyst 9300 Edge Switch,South,,IDF Room 2 - BD-16,ESW-BD16,Network Equipment,Network Engineer,2030-03-16,Edge switch for floor distribution,ESWBD1620369,Network Operations,"Power Supplies, SFP Modules",Cisco,
393,OPERATIONAL,5G-Antenna-BD-16,Ericsson AIR 6488 Massive MIMO Antenna,South,,Telecom Mast - BD-16,ANT-BD16,Cellular Equipment,Field Technician,2027-11-28,5G radio antenna system,ANTBD1695591,Cellular Maintenance,"Mount Kits, RF Jumpers",Ericsson,
394,OPERATIONAL,Baseband-Unit-BD-16,Nokia AirScale Baseband Unit,South,,Base Station - BD-16,BBU-BD16,Cellular Equipment,Field Technician,2028-08-19,Baseband processing for radio access network,BBUBD1661833,Cellular Maintenance,"Power Supply, Sync Modules",Nokia,
395,DOWN,Radio-Unit-BD-16,Ericsson Radio 4422 Remote Radio Unit,South,Baseband-Unit-BD-16,Antenna Array - BD-16,RRU-BD16,Cellular Equipment,Field Technician,2028-07-09,Remote radio head for sector coverage,RRUBD1657600,Cellular Maintenance,"RF Cables, Surge Protectors",Ericsson,
396,OPERATIONAL,Sensor-Gateway-BD-16,Advantech WISE-6610 IoT Gateway,South,,Storage Room - BD-16,IOT-BD16,IoT,Facilities Supervisor,2030-04-17,Environmental and utility sensor concentrator,IOTBD1669020,Facilities,"Antenna Kit, DIN Clips",Advantech,
397,OPERATIONAL,WiFi-Controller-BD-16,Cisco Catalyst 9800-L Wireless Controller,South,,Office Floor 1 - BD-16,WLC-BD16,Network Equipment,Network Engineer,2029-04-27,Centralized wireless controller,WLCBD1613027,Network Operations,"Power Supplies, SSDs",Cisco,
398,OPERATIONAL,Access-Point-BD-16,Aruba AP-515 Wireless Access Point,South,WiFi-Controller-BD-16,Office Floor 2 - BD-16,AP-BD16,Network Equipment,Network Engineer,2027-09-14,Wi-Fi 6 indoor wireless access point,APBD1696772,Network Operations,"Mounting Kit, PoE Injector",Aruba,
399,COMMISSIONING,AI-Analytics-Server-BD-16,NVIDIA DGX A100 AI Analytics Server,South,,Lab A - BD-16,AIS-BD16,Servers,AI Specialist,2028-05-30,Accelerated AI processing node,AISBD1620494,AI Operations,"GPUs, NVLink Cables",NVIDIA,Mekong Telecom Services
400,OPERATIONAL,Monitoring-Appliance-BD-16,Fluke OptiView XG Network Monitoring Appliance,South,,Workshop - BD-16,NMA-BD16,Network Equipment,Network Engineer,2027-07-30,Portable and fixed network diagnostics appliance,NMABD1672021,Network Operations,"SFP Modules, SSDs",Fluke,
401,OPERATIONAL,Monitoring-System-HN-17,SolarWinds Hybrid Cloud Observability Appliance,North,,Infrastructure Site - HN-17,MON-HN17,Network Equipment,Network Engineer,2030-01-28,Central site monitoring appliance,MONHN1762037,Network Operations,"Power Supplies, SSDs",SolarWinds,
402,OPERATIONAL,Core-Router-HN-17,Cisco ASR 9904 Core Router,North,,Network Operations Center (NOC) - HN-17,RTR-HN17,Network Equipment,Network Engineer,2029-12-09,Core network routing platform,RTRHN1720911,Network Operations,"Line Cards, Power Supplies",Cisco,
403,OPERATIONAL,Security-VMS-Server-HN-17,Milestone Husky IVO 350R Video Management Server,North,,Security Operations Center (SOC) - HN-17,VMS-HN17,Security,Security Officer,2027-08-01,Video management and recording server,VMSHN1730352,Security Operations,"RAID Drives, PSUs",Milestone,
404,OPERATIONAL,Virtualization-Host-HN-17,Dell PowerEdge R750 Virtualization Host,North,,Server Room A - HN-17,SRV-HN17,Servers,System Administrator,2027-06-22,Virtualization compute cluster node,SRVHN1761097,Server Operations,"RAM, NVMe Drives",Dell,
405,OPERATIONAL,Storage-Array-HN-17,NetApp AFF A250 Storage Array,North,,Server Room B - HN-17,SAN-HN17,Storage,Storage Administrator,2028-09-25,Shared storage array for critical workloads,SANHN1747247,Server Operations,"SSDs, Controllers",NetApp,
406,OPERATIONAL,Access-Switch-HN-17,Juniper EX4300 Access Switch,North,,Network Closet - HN-17,SW-HN17,Network Equipment,Network Engineer,2029-06-26,Access layer switch for wired users,SWHN1727206,Network Operations,"Transceivers, Fans",Juniper,
407,MAINTENANCE,Access-Control-Panel-HN-17,Paxton Net2 Plus Access Control Panel,North,,Access Control Room - HN-17,ACP-HN17,Security,Security Officer,2029-12-14,Door access control and credential management,ACPHN1713744,Security Operations,"Power Supply, Readers",Paxton,Red River Power Co.
408,DOWN,NVR-HN-17,Hikvision DS-9632NI-M8 Network Video Recorder,North,,Video Surveillance Room - HN-17,NVR-HN17,Security,Security Officer,2028-10-28,Central CCTV recording system,NVRHN1771235,Security Operations,"Hard Drives, Fans",Hikvision,
409,COMMISSIONING,UPS-HN-17,APC Smart-UPS SRT 3000VA,North,,UPS Room - HN-17,UPS-HN17,Power,Electrician,2030-01-12,Online double-conversion UPS,UPSHN1727709,Facilities,"Batteries, Fan Kits",APC,
410,OPERATIONAL,ATS-Panel-HN-17,Schneider EasyPact Automatic Transfer Switch,North,,Electrical Room - HN-17,ATS-HN17,Power,Electrician,2030-11-29,Automatic mains/generator transfer switch,ATSHN1769840,Facilities,"Breakers, Contact Kits",Schneider Electric,
411,OPERATIONAL,CRAC-Unit-HN-17,Vertiv Liebert PDX Precision Cooling Unit,North,,HVAC Plant - HN-17,CRAC-HN17,Cooling,HVAC Technician,2030-07-16,Precision cooling for IT spaces,CRACHN1783922,Facilities,"Filters, Compressor Kits",Vertiv,
412,OPERATIONAL,Generator-HN-17,Cummins C275D5 Backup Generator,North,,Generator Yard - HN-17,GEN-HN17,Power,Electrician,2029-06-09,Standby diesel generator set,GENHN1750587,Facilities,"Filters, Starter Batteries",Cummins,
413,OPERATIONAL,Visitor-Kiosk-HN-17,ZKTeco SpeedFace-V5L Visitor Kiosk,North,,Reception - HN-17,KSK-HN17,Security,Security Officer,2028-12-12,Visitor registration and facial verification terminal,KSKHN1739770,Security Operations,"Touch Panel, Camera Module",ZKTeco,
414,OPERATIONAL,Loading-Bay-Camera-HN-17,Hikvision DS-2CD2686G2 Bullet Camera,North,,Loading Bay - HN-17,CCTV-HN17,Security,Security Officer,2027-07-03,High-resolution loading dock surveillance camera,CCTVHN1757943,Security Operations,"Mounting Bracket, PoE Injector",Hikvision,
415,OPERATIONAL,Microwave-Radio-HN-17,Ceragon IP-20C Microwave Radio,North,,Roof - HN-17,MWR-HN17,Network Equipment,Field Technician,2029-04-24,Roof-top point-to-point backhaul radio,MWRHN1749789,Cellular Maintenance,"ODU Cables, Mount Kits",Ceragon,
416,OPERATIONAL,Fiber-Patch-Panel-HN-17,Corning EDGE Fiber Patch Panel,North,,IDF Room 1 - HN-17,FPP-HN17,Cabling,Cabling Technician,2027-01-22,Structured fiber distribution panel,FPPHN1727865,Infrastructure,"LC Connectors, Adapter Packs",Corning,
417,OPERATIONAL,Edge-Switch-HN-17,Cisco Catalyst 9300 Edge Switch,North,,IDF Room 2 - HN-17,ESW-HN17,Network Equipment,Network Engineer,2028-12-05,Edge switch for floor distribution,ESWHN1774478,Network Operations,"Power Supplies, SFP Modules",Cisco,
418,OPERATIONAL,5G-Antenna-HN-17,Ericsson AIR 6488 Massive MIMO Antenna,North,,Telecom Mast - HN-17,ANT-HN17,Cellular Equipment,Field Technician,2029-09-04,5G radio antenna system,ANTHN1748393,Cellular Maintenance,"Mount Kits, RF Jumpers",Ericsson,
419,OPERATIONAL,Baseband-Unit-HN-17,Nokia AirScale Baseband Unit,North,,Base Station - HN-17,BBU-HN17,Cellular Equipment,Field Technician,2030-05-07,Baseband processing for radio access network,BBUHN1758974,Cellular Maintenance,"Power Supply, Sync Modules",Nokia,
420,OPERATIONAL,Radio-Unit-HN-17,Ericsson Radio 4422 Remote Radio Unit,North,Baseband-Unit-HN-17,Antenna Array - HN-17,RRU-HN17,Cellular Equipment,Field Technician,2028-01-22,Remote radio head for sector coverage,RRUHN1761740,Cellular Maintenance,"RF Cables, Surge Protectors",Ericsson,
421,OPERATIONAL,Sensor-Gateway-HN-17,Advantech WISE-6610 IoT Gateway,North,,Storage Room - HN-17,IOT-HN17,IoT,Facilities Supervisor,2028-05-26,Environmental and utility sensor concentrator,IOTHN1794671,Facilities,"Antenna Kit, DIN Clips",Advantech,
422,MAINTENANCE,WiFi-Controller-HN-17,Cisco Catalyst 9800-L Wireless Controller,North,,Office Floor 1 - HN-17,WLC-HN17,Network Equipment,Network Engineer,2029-03-09,Centralized wireless controller,WLCHN1738913,Network Operations,"Power Supplies, SSDs",Cisco,Mekong Telecom Services
423,OPERATIONAL,Access-Point-HN-17,Aruba AP-515 Wireless Access Point,North,WiFi-Controller-HN-17,Office Floor 2 - HN-17,AP-HN17,Network Equipment,Network Engineer,2030-07-04,Wi-Fi 6 indoor wireless access point,APHN1790375,Network Operations,"Mounting Kit, PoE Injector",Aruba,
424,OPERATIONAL,AI-Analytics-Server-HN-17,NVIDIA DGX A100 AI Analytics Server,North,,Lab A - HN-17,AIS-HN17,Servers,AI Specialist,2030-11-22,Accelerated AI processing node,AISHN1747313,AI Operations,"GPUs, NVLink Cables",NVIDIA,
425,OPERATIONAL,Monitoring-Appliance-HN-17,Fluke OptiView XG Network Monitoring Appliance,North,,Workshop - HN-17,NMA-HN17,Network Equipment,Network Engineer,2030-08-21,Portable and fixed network diagnostics appliance,NMAHN1764120,Network Operations,"SFP Modules, SSDs",Fluke,
426,MAINTENANCE,Monitoring-System-HN-18,SolarWinds Hybrid Cloud Observability Appliance,North,,Infrastructure Site - HN-18,MON-HN18,Network Equipment,Network Engineer,2028-01-21,Central site monitoring appliance,MONHN1833908,Network Operations,"Power Supplies, SSDs",SolarWinds,SaiGon MEP Solutions
427,OPERATIONAL,Core-Router-HN-18,Cisco ASR 9904 Core Router,North,,Network Operations Center (NOC) - HN-18,RTR-HN18,Network Equipment,Network Engineer,2030-07-28,Core network routing platform,RTRHN1869345,Network Operations,"Line Cards, Power Supplies",Cisco,
428,OPERATIONAL,Security-VMS-Server-HN-18,Milestone Husky IVO 350R Video Management Server,North,,Security Operations Center (SOC) - HN-18,VMS-HN18,Security,Security Officer,2028-07-11,Video management and recording server,VMSHN1874486,Security Operations,"RAID Drives, PSUs",Milestone,
429,OPERATIONAL,Virtualization-Host-HN-18,Dell PowerEdge R750 Virtualization Host,North,,Server Room A - HN-18,SRV-HN18,Servers,System Administrator,2028-01-20,Virtualization compute cluster node,SRVHN1829942,Server Operations,"RAM, NVMe Drives",Dell,
430,STANDBY,Storage-Array-HN-18,NetApp AFF A250 Storage Array,North,,Server Room B - HN-18,SAN-HN18,Storage,Storage Administrator,2027-04-12,Shared storage array for critical workloads,SANHN1812900,Server Operations,"SSDs, Controllers",NetApp,
431,STANDBY,Access-Switch-HN-18,Juniper EX4300 Access Switch,North,,Network Closet - HN-18,SW-HN18,Network Equipment,Network Engineer,2028-01-16,Access layer switch for wired users,SWHN1846977,Network Operations,"Transceivers, Fans",Juniper,
432,OPERATIONAL,Access-Control-Panel-HN-18,Paxton Net2 Plus Access Control Panel,North,,Access Control Room - HN-18,ACP-HN18,Security,Security Officer,2028-07-05,Door access control and credential management,ACPHN1867464,Security Operations,"Power Supply, Readers",Paxton,
433,OPERATIONAL,NVR-HN-18,Hikvision DS-9632NI-M8 Network Video Recorder,North,,Video Surveillance Room - HN-18,NVR-HN18,Security,Security Officer,2027-01-17,Central CCTV recording system,NVRHN1829750,Security Operations,"Hard Drives, Fans",Hikvision,
434,OPERATIONAL,UPS-HN-18,APC Smart-UPS SRT 3000VA,North,,UPS Room - HN-18,UPS-HN18,Power,Electrician,2027-01-31,Online double-conversion UPS,UPSHN1850838,Facilities,"Batteries, Fan Kits",APC,
435,DOWN,ATS-Panel-HN-18,Schneider EasyPact Automatic Transfer Switch,North,,Electrical Room - HN-18,ATS-HN18,Power,Electrician,2029-10-17,Automatic mains/generator transfer switch,ATSHN1814159,Facilities,"Breakers, Contact Kits",Schneider Electric,
436,OPERATIONAL,CRAC-Unit-HN-18,Vertiv Liebert PDX Precision Cooling Unit,North,,HVAC Plant - HN-18,CRAC-HN18,Cooling,HVAC Technician,2028-11-07,Precision cooling for IT spaces,CRACHN1829148,Facilities,"Filters, Compressor Kits",Vertiv,
437,OPERATIONAL,Generator-HN-18,Cummins C275D5 Backup Generator,North,,Generator Yard - HN-18,GEN-HN18,Power,Electrician,2027-04-25,Standby diesel generator set,GENHN1881197,Facilities,"Filters, Starter Batteries",Cummins,
438,OPERATIONAL,Visitor-Kiosk-HN-18,ZKTeco SpeedFace-V5L Visitor Kiosk,North,,Reception - HN-18,KSK-HN18,Security,Security Officer,2029-08-20,Visitor registration and facial verification terminal,KSKHN1842778,Security Operations,"Touch Panel, Camera Module",ZKTeco,
439,MAINTENANCE,Loading-Bay-Camera-HN-18,Hikvision DS-2CD2686G2 Bullet Camera,North,,Loading Bay - HN-18,CCTV-HN18,Security,Security Officer,2029-02-20,High-resolution loading dock surveillance camera,CCTVHN1825985,Security Operations,"Mounting Bracket, PoE Injector",Hikvision,
440,OPERATIONAL,Microwave-Radio-HN-18,Ceragon IP-20C Microwave Radio,North,,Roof - HN-18,MWR-HN18,Network Equipment,Field Technician,2028-05-24,Roof-top point-to-point backhaul radio,MWRHN1868059,Cellular Maintenance,"ODU Cables, Mount Kits",Ceragon,
441,OPERATIONAL,Fiber-Patch-Panel-HN-18,Corning EDGE Fiber Patch Panel,North,,IDF Room 1 - HN-18,FPP-HN18,Cabling,Cabling Technician,2028-05-21,Structured fiber distribution panel,FPPHN1814392,Infrastructure,"LC Connectors, Adapter Packs",Corning,
442,OPERATIONAL,Edge-Switch-HN-18,Cisco Catalyst 9300 Edge Switch,North,,IDF Room 2 - HN-18,ESW-HN18,Network Equipment,Network Engineer,2028-02-12,Edge switch for floor distribution,ESWHN1878306,Network Operations,"Power Supplies, SFP Modules",Cisco,
443,STANDBY,5G-Antenna-HN-18,Ericsson AIR 6488 Massive MIMO Antenna,North,,Telecom Mast - HN-18,ANT-HN18,Cellular Equipment,Field Technician,2030-09-25,5G radio antenna system,ANTHN1899318,Cellular Maintenance,"Mount Kits, RF Jumpers",Ericsson,
444,COMMISSIONING,Baseband-Unit-HN-18,Nokia AirScale Baseband Unit,North,,Base Station - HN-18,BBU-HN18,Cellular Equipment,Field Technician,2028-10-01,Baseband processing for radio access network,BBUHN1815529,Cellular Maintenance,"Power Supply, Sync Modules",Nokia,
445,OPERATIONAL,Radio-Unit-HN-18,Ericsson Radio 4422 Remote Radio Unit,North,Baseband-Unit-HN-18,Antenna Array - HN-18,RRU-HN18,Cellular Equipment,Field Technician,2030-01-30,Remote radio head for sector coverage,RRUHN1893692,Cellular Maintenance,"RF Cables, Surge Protectors",Ericsson,
446,OPERATIONAL,Sensor-Gateway-HN-18,Advantech WISE-6610 IoT Gateway,North,,Storage Room - HN-18,IOT-HN18,IoT,Facilities Supervisor,2028-09-03,Environmental and utility sensor concentrator,IOTHN1816827,Facilities,"Antenna Kit, DIN Clips",Advantech,
447,OPERATIONAL,WiFi-Controller-HN-18,Cisco Catalyst 9800-L Wireless Controller,North,,Office Floor 1 - HN-18,WLC-HN18,Network Equipment,Network Engineer,2030-09-27,Centralized wireless controller,WLCHN1824801,Network Operations,"Power Supplies, SSDs",Cisco,
448,OPERATIONAL,Access-Point-HN-18,Aruba AP-515 Wireless Access Point,North,WiFi-Controller-HN-18,Office Floor 2 - HN-18,AP-HN18,Network Equipment,Network Engineer,2028-04-28,Wi-Fi 6 indoor wireless access point,APHN1852534,Network Operations,"Mounting Kit, PoE Injector",Aruba,
449,OPERATIONAL,AI-Analytics-Server-HN-18,NVIDIA DGX A100 AI Analytics Server,North,,Lab A - HN-18,AIS-HN18,Servers,AI Specialist,2027-01-31,Accelerated AI processing node,AISHN1846188,AI Operations,"GPUs, NVLink Cables",NVIDIA,
450,OPERATIONAL,Monitoring-Appliance-HN-18,Fluke OptiView XG Network Monitoring Appliance,North,,Workshop - HN-18,NMA-HN18,Network Equipment,Network Engineer,2030-04-12,Portable and fixed network diagnostics appliance,NMAHN1811170,Network Operations,"SFP Modules, SSDs",Fluke,
451,OPERATIONAL,Monitoring-System-HCM-19,SolarWinds Hybrid Cloud Observability Appliance,South,,Infrastructure Site - HCM-19,MON-HCM19,Network Equipment,Network Engineer,2027-03-28,Central site monitoring appliance,MONHCM1972294,Network Operations,"Power Supplies, SSDs",SolarWinds,
452,OPERATIONAL,Core-Router-HCM-19,Cisco ASR 9904 Core Router,South,,Network Operations Center (NOC) - HCM-19,RTR-HCM19,Network Equipment,Network Engineer,2030-11-10,Core network routing platform,RTRHCM1958679,Network Operations,"Line Cards, Power Supplies",Cisco,
453,OPERATIONAL,Security-VMS-Server-HCM-19,Milestone Husky IVO 350R Video Management Server,South,,Security Operations Center (SOC) - HCM-19,VMS-HCM19,Security,Security Officer,2027-07-03,Video management and recording server,VMSHCM1975525,Security Operations,"RAID Drives, PSUs",Milestone,
454,OPERATIONAL,Virtualization-Host-HCM-19,Dell PowerEdge R750 Virtualization Host,South,,Server Room A - HCM-19,SRV-HCM19,Servers,System Administrator,2027-07-07,Virtualization compute cluster node,SRVHCM1954357,Server Operations,"RAM, NVMe Drives",Dell,
455,OPERATIONAL,Storage-Array-HCM-19,NetApp AFF A250 Storage Array,South,,Server Room B - HCM-19,SAN-HCM19,Storage,Storage Administrator,2030-07-04,Shared storage array for critical workloads,SANHCM1956598,Server Operations,"SSDs, Controllers",NetApp,
456,OPERATIONAL,Access-Switch-HCM-19,Juniper EX4300 Access Switch,South,,Network Closet - HCM-19,SW-HCM19,Network Equipment,Network Engineer,2030-08-13,Access layer switch for wired users,SWHCM1980300,Network Operations,"Transceivers, Fans",Juniper,
457,OPERATIONAL,Access-Control-Panel-HCM-19,Paxton Net2 Plus Access Control Panel,South,,Access Control Room - HCM-19,ACP-HCM19,Security,Security Officer,2027-08-08,Door access control and credential management,ACPHCM1940497,Security Operations,"Power Supply, Readers",Paxton,
458,STANDBY,NVR-HCM-19,Hikvision DS-9632NI-M8 Network Video Recorder,South,,Video Surveillance Room - HCM-19,NVR-HCM19,Security,Security Officer,2028-10-10,Central CCTV recording system,NVRHCM1994495,Security Operations,"Hard Drives, Fans",Hikvision,
459,MAINTENANCE,UPS-HCM-19,APC Smart-UPS SRT 3000VA,South,,UPS Room - HCM-19,UPS-HCM19,Power,Electrician,2028-12-12,Online double-conversion UPS,UPSHCM1935292,Facilities,"Batteries, Fan Kits",APC,Mekong Telecom Services
460,OPERATIONAL,ATS-Panel-HCM-19,Schneider EasyPact Automatic Transfer Switch,South,,Electrical Room - HCM-19,ATS-HCM19,Power,Electrician,2029-01-03,Automatic mains/generator transfer switch,ATSHCM1915175,Facilities,"Breakers, Contact Kits",Schneider Electric,
461,OPERATIONAL,CRAC-Unit-HCM-19,Vertiv Liebert PDX Precision Cooling Unit,South,,HVAC Plant - HCM-19,CRAC-HCM19,Cooling,HVAC Technician,2029-09-20,Precision cooling for IT spaces,CRACHCM1983272,Facilities,"Filters, Compressor Kits",Vertiv,
462,OPERATIONAL,Generator-HCM-19,Cummins C275D5 Backup Generator,South,,Generator Yard - HCM-19,GEN-HCM19,Power,Electrician,2028-08-26,Standby diesel generator set,GENHCM1984278,Facilities,"Filters, Starter Batteries",Cummins,
463,OPERATIONAL,Visitor-Kiosk-HCM-19,ZKTeco SpeedFace-V5L Visitor Kiosk,South,,Reception - HCM-19,KSK-HCM19,Security,Security Officer,2028-01-18,Visitor registration and facial verification terminal,KSKHCM1952425,Security Operations,"Touch Panel, Camera Module",ZKTeco,
464,OPERATIONAL,Loading-Bay-Camera-HCM-19,Hikvision DS-2CD2686G2 Bullet Camera,South,,Loading Bay - HCM-19,CCTV-HCM19,Security,Security Officer,2029-08-17,High-resolution loading dock surveillance camera,CCTVHCM1988470,Security Operations,"Mounting Bracket, PoE Injector",Hikvision,
465,OPERATIONAL,Microwave-Radio-HCM-19,Ceragon IP-20C Microwave Radio,South,,Roof - HCM-19,MWR-HCM19,Network Equipment,Field Technician,2030-02-09,Roof-top point-to-point backhaul radio,MWRHCM1979617,Cellular Maintenance,"ODU Cables, Mount Kits",Ceragon,
466,OPERATIONAL,Fiber-Patch-Panel-HCM-19,Corning EDGE Fiber Patch Panel,South,,IDF Room 1 - HCM-19,FPP-HCM19,Cabling,Cabling Technician,2027-11-14,Structured fiber distribution panel,FPPHCM1944517,Infrastructure,"LC Connectors, Adapter Packs",Corning,
467,OPERATIONAL,Edge-Switch-HCM-19,Cisco Catalyst 9300 Edge Switch,South,Core-Router-HCM-19,IDF Room 2 - HCM-19,ESW-HCM19,Network Equipment,Network Engineer,2030-01-14,Edge switch for floor distribution,ESWHCM1993627,Network Operations,"Power Supplies, SFP Modules",Cisco,
468,OPERATIONAL,5G-Antenna-HCM-19,Ericsson AIR 6488 Massive MIMO Antenna,South,,Telecom Mast - HCM-19,ANT-HCM19,Cellular Equipment,Field Technician,2029-11-02,5G radio antenna system,ANTHCM1912453,Cellular Maintenance,"Mount Kits, RF Jumpers",Ericsson,
469,MAINTENANCE,Baseband-Unit-HCM-19,Nokia AirScale Baseband Unit,South,,Base Station - HCM-19,BBU-HCM19,Cellular Equipment,Field Technician,2030-06-23,Baseband processing for radio access network,BBUHCM1941298,Cellular Maintenance,"Power Supply, Sync Modules",Nokia,SaiGon MEP Solutions
470,STANDBY,Radio-Unit-HCM-19,Ericsson Radio 4422 Remote Radio Unit,South,Baseband-Unit-HCM-19,Antenna Array - HCM-19,RRU-HCM19,Cellular Equipment,Field Technician,2030-09-10,Remote radio head for sector coverage,RRUHCM1934886,Cellular Maintenance,"RF Cables, Surge Protectors",Ericsson,
471,OPERATIONAL,Sensor-Gateway-HCM-19,Advantech WISE-6610 IoT Gateway,South,,Storage Room - HCM-19,IOT-HCM19,IoT,Facilities Supervisor,2029-12-09,Environmental and utility sensor concentrator,IOTHCM1982281,Facilities,"Antenna Kit, DIN Clips",Advantech,
472,OPERATIONAL,WiFi-Controller-HCM-19,Cisco Catalyst 9800-L Wireless Controller,South,,Office Floor 1 - HCM-19,WLC-HCM19,Network Equipment,Network Engineer,2027-11-12,Centralized wireless controller,WLCHCM1952283,Network Operations,"Power Supplies, SSDs",Cisco,
473,OPERATIONAL,Access-Point-HCM-19,Aruba AP-515 Wireless Access Point,South,WiFi-Controller-HCM-19,Office Floor 2 - HCM-19,AP-HCM19,Network Equipment,Network Engineer,2029-04-19,Wi-Fi 6 indoor wireless access point,APHCM1924478,Network Operations,"Mounting Kit, PoE Injector",Aruba,
474,OPERATIONAL,AI-Analytics-Server-HCM-19,NVIDIA DGX A100 AI Analytics Server,South,,Lab A - HCM-19,AIS-HCM19,Servers,AI Specialist,2027-07-17,Accelerated AI processing node,AISHCM1918739,AI Operations,"GPUs, NVLink Cables",NVIDIA,
475,MAINTENANCE,Monitoring-Appliance-HCM-19,Fluke OptiView XG Network Monitoring Appliance,South,Monitoring-System-HCM-19,Workshop - HCM-19,NMA-HCM19,Network Equipment,Network Engineer,2027-03-31,Portable and fixed network diagnostics appliance,NMAHCM1914099,Network Operations,"SFP Modules, SSDs",Fluke,Danang Engineering Works
476,OPERATIONAL,Monitoring-System-HCM-20,SolarWinds Hybrid Cloud Observability Appliance,South,,Infrastructure Site - HCM-20,MON-HCM20,Network Equipment,Network Engineer,2028-01-28,Central site monitoring appliance,MONHCM2084843,Network Operations,"Power Supplies, SSDs",SolarWinds,
477,MAINTENANCE,Core-Router-HCM-20,Cisco ASR 9904 Core Router,South,,Network Operations Center (NOC) - HCM-20,RTR-HCM20,Network Equipment,Network Engineer,2030-08-07,Core network routing platform,RTRHCM2096235,Network Operations,"Line Cards, Power Supplies",Cisco,
478,OPERATIONAL,Security-VMS-Server-HCM-20,Milestone Husky IVO 350R Video Management Server,South,,Security Operations Center (SOC) - HCM-20,VMS-HCM20,Security,Security Officer,2030-07-01,Video management and recording server,VMSHCM2043546,Security Operations,"RAID Drives, PSUs",Milestone,
479,OPERATIONAL,Virtualization-Host-HCM-20,Dell PowerEdge R750 Virtualization Host,South,,Server Room A - HCM-20,SRV-HCM20,Servers,System Administrator,2027-04-11,Virtualization compute cluster node,SRVHCM2089423,Server Operations,"RAM, NVMe Drives",Dell,
480,OPERATIONAL,Storage-Array-HCM-20,NetApp AFF A250 Storage Array,South,,Server Room B - HCM-20,SAN-HCM20,Storage,Storage Administrator,2027-05-26,Shared storage array for critical workloads,SANHCM2037359,Server Operations,"SSDs, Controllers",NetApp,
481,OPERATIONAL,Access-Switch-HCM-20,Juniper EX4300 Access Switch,South,,Network Closet - HCM-20,SW-HCM20,Network Equipment,Network Engineer,2030-09-04,Access layer switch for wired users,SWHCM2020480,Network Operations,"Transceivers, Fans",Juniper,
482,MAINTENANCE,Access-Control-Panel-HCM-20,Paxton Net2 Plus Access Control Panel,South,,Access Control Room - HCM-20,ACP-HCM20,Security,Security Officer,2029-08-16,Door access control and credential management,ACPHCM2017956,Security Operations,"Power Supply, Readers",Paxton,Mekong Telecom Services
483,MAINTENANCE,NVR-HCM-20,Hikvision DS-9632NI-M8 Network Video Recorder,South,,Video Surveillance Room - HCM-20,NVR-HCM20,Security,Security Officer,2029-01-25,Central CCTV recording system,NVRHCM2017641,Security Operations,"Hard Drives, Fans",Hikvision,
484,OPERATIONAL,UPS-HCM-20,APC Smart-UPS SRT 3000VA,South,,UPS Room - HCM-20,UPS-HCM20,Power,Electrician,2028-06-28,Online double-conversion UPS,UPSHCM2049833,Facilities,"Batteries, Fan Kits",APC,
485,COMMISSIONING,ATS-Panel-HCM-20,Schneider EasyPact Automatic Transfer Switch,South,,Electrical Room - HCM-20,ATS-HCM20,Power,Electrician,2027-06-09,Automatic mains/generator transfer switch,ATSHCM2022729,Facilities,"Breakers, Contact Kits",Schneider Electric,Alpha Secure Systems
486,OPERATIONAL,CRAC-Unit-HCM-20,Vertiv Liebert PDX Precision Cooling Unit,South,,HVAC Plant - HCM-20,CRAC-HCM20,Cooling,HVAC Technician,2029-12-24,Precision cooling for IT spaces,CRACHCM2035312,Facilities,"Filters, Compressor Kits",Vertiv,
487,OPERATIONAL,Generator-HCM-20,Cummins C275D5 Backup Generator,South,,Generator Yard - HCM-20,GEN-HCM20,Power,Electrician,2029-12-13,Standby diesel generator set,GENHCM2033448,Facilities,"Filters, Starter Batteries",Cummins,
488,OPERATIONAL,Visitor-Kiosk-HCM-20,ZKTeco SpeedFace-V5L Visitor Kiosk,South,,Reception - HCM-20,KSK-HCM20,Security,Security Officer,2030-02-17,Visitor registration and facial verification terminal,KSKHCM2064419,Security Operations,"Touch Panel, Camera Module",ZKTeco,
489,OPERATIONAL,Loading-Bay-Camera-HCM-20,Hikvision DS-2CD2686G2 Bullet Camera,South,,Loading Bay - HCM-20,CCTV-HCM20,Security,Security Officer,2027-08-05,High-resolution loading dock surveillance camera,CCTVHCM2085571,Security Operations,"Mounting Bracket, PoE Injector",Hikvision,
490,OPERATIONAL,Microwave-Radio-HCM-20,Ceragon IP-20C Microwave Radio,South,,Roof - HCM-20,MWR-HCM20,Network Equipment,Field Technician,2029-01-03,Roof-top point-to-point backhaul radio,MWRHCM2097194,Cellular Maintenance,"ODU Cables, Mount Kits",Ceragon,
491,DOWN,Fiber-Patch-Panel-HCM-20,Corning EDGE Fiber Patch Panel,South,,IDF Room 1 - HCM-20,FPP-HCM20,Cabling,Cabling Technician,2029-05-24,Structured fiber distribution panel,FPPHCM2031864,Infrastructure,"LC Connectors, Adapter Packs",Corning,
492,OPERATIONAL,Edge-Switch-HCM-20,Cisco Catalyst 9300 Edge Switch,South,,IDF Room 2 - HCM-20,ESW-HCM20,Network Equipment,Network Engineer,2028-01-05,Edge switch for floor distribution,ESWHCM2096184,Network Operations,"Power Supplies, SFP Modules",Cisco,
493,OPERATIONAL,5G-Antenna-HCM-20,Ericsson AIR 6488 Massive MIMO Antenna,South,,Telecom Mast - HCM-20,ANT-HCM20,Cellular Equipment,Field Technician,2027-11-20,5G radio antenna system,ANTHCM2056179,Cellular Maintenance,"Mount Kits, RF Jumpers",Ericsson,
494,OPERATIONAL,Baseband-Unit-HCM-20,Nokia AirScale Baseband Unit,South,,Base Station - HCM-20,BBU-HCM20,Cellular Equipment,Field Technician,2028-10-07,Baseband processing for radio access network,BBUHCM2058722,Cellular Maintenance,"Power Supply, Sync Modules",Nokia,
495,OPERATIONAL,Radio-Unit-HCM-20,Ericsson Radio 4422 Remote Radio Unit,South,Baseband-Unit-HCM-20,Antenna Array - HCM-20,RRU-HCM20,Cellular Equipment,Field Technician,2029-04-24,Remote radio head for sector coverage,RRUHCM2052395,Cellular Maintenance,"RF Cables, Surge Protectors",Ericsson,
496,OPERATIONAL,Sensor-Gateway-HCM-20,Advantech WISE-6610 IoT Gateway,South,,Storage Room - HCM-20,IOT-HCM20,IoT,Facilities Supervisor,2030-05-31,Environmental and utility sensor concentrator,IOTHCM2081516,Facilities,"Antenna Kit, DIN Clips",Advantech,
497,OPERATIONAL,WiFi-Controller-HCM-20,Cisco Catalyst 9800-L Wireless Controller,South,,Office Floor 1 - HCM-20,WLC-HCM20,Network Equipment,Network Engineer,2028-03-14,Centralized wireless controller,WLCHCM2082120,Network Operations,"Power Supplies, SSDs",Cisco,
498,OPERATIONAL,Access-Point-HCM-20,Aruba AP-515 Wireless Access Point,South,WiFi-Controller-HCM-20,Office Floor 2 - HCM-20,AP-HCM20,Network Equipment,Network Engineer,2028-06-04,Wi-Fi 6 indoor wireless access point,APHCM2069297,Network Operations,"Mounting Kit, PoE Injector",Aruba,
499,COMMISSIONING,AI-Analytics-Server-HCM-20,NVIDIA DGX A100 AI Analytics Server,South,,Lab A - HCM-20,AIS-HCM20,Servers,AI Specialist,2029-07-05,Accelerated AI processing node,AISHCM2010025,AI Operations,"GPUs, NVLink Cables",NVIDIA,
500,OPERATIONAL,Monitoring-Appliance-HCM-20,Fluke OptiView XG Network Monitoring Appliance,South,,Workshop - HCM-20,NMA-HCM20,Network Equipment,Network Engineer,2028-08-05,Portable and fixed network diagnostics appliance,NMAHCM2049562,Network Operations,"SFP Modules, SSDs",Fluke,
501,OPERATIONAL,Monitoring-System-DN-21,SolarWinds Hybrid Cloud Observability Appliance,Central,,Infrastructure Site - DN-21,MON-DN21,Network Equipment,Network Engineer,2027-01-14,Central site monitoring appliance,MONDN2139083,Network Operations,"Power Supplies, SSDs",SolarWinds,
502,MAINTENANCE,Core-Router-DN-21,Cisco ASR 9904 Core Router,Central,,Network Operations Center (NOC) - DN-21,RTR-DN21,Network Equipment,Network Engineer,2028-03-15,Core network routing platform,RTRDN2112844,Network Operations,"Line Cards, Power Supplies",Cisco,
503,MAINTENANCE,Security-VMS-Server-DN-21,Milestone Husky IVO 350R Video Management Server,Central,,Security Operations Center (SOC) - DN-21,VMS-DN21,Security,Security Officer,2030-11-13,Video management and recording server,VMSDN2182569,Security Operations,"RAID Drives, PSUs",Milestone,
504,COMMISSIONING,Virtualization-Host-DN-21,Dell PowerEdge R750 Virtualization Host,Central,,Server Room A - DN-21,SRV-DN21,Servers,System Administrator,2030-03-14,Virtualization compute cluster node,SRVDN2130278,Server Operations,"RAM, NVMe Drives",Dell,Danang Engineering Works
505,OPERATIONAL,Storage-Array-DN-21,NetApp AFF A250 Storage Array,Central,,Server Room B - DN-21,SAN-DN21,Storage,Storage Administrator,2028-12-29,Shared storage array for critical workloads,SANDN2144732,Server Operations,"SSDs, Controllers",NetApp,
506,DOWN,Access-Switch-DN-21,Juniper EX4300 Access Switch,Central,,Network Closet - DN-21,SW-DN21,Network Equipment,Network Engineer,2029-01-21,Access layer switch for wired users,SWDN2142749,Network Operations,"Transceivers, Fans",Juniper,
507,OPERATIONAL,Access-Control-Panel-DN-21,Paxton Net2 Plus Access Control Panel,Central,,Access Control Room - DN-21,ACP-DN21,Security,Security Officer,2028-04-22,Door access control and credential management,ACPDN2149361,Security Operations,"Power Supply, Readers",Paxton,
508,OPERATIONAL,NVR-DN-21,Hikvision DS-9632NI-M8 Network Video Recorder,Central,,Video Surveillance Room - DN-21,NVR-DN21,Security,Security Officer,2027-07-08,Central CCTV recording system,NVRDN2184588,Security Operations,"Hard Drives, Fans",Hikvision,
509,OPERATIONAL,UPS-DN-21,APC Smart-UPS SRT 3000VA,Central,,UPS Room - DN-21,UPS-DN21,Power,Electrician,2028-03-21,Online double-conversion UPS,UPSDN2173246,Facilities,"Batteries, Fan Kits",APC,
510,OPERATIONAL,ATS-Panel-DN-21,Schneider EasyPact Automatic Transfer Switch,Central,,Electrical Room - DN-21,ATS-DN21,Power,Electrician,2027-12-21,Automatic mains/generator transfer switch,ATSDN2185527,Facilities,"Breakers, Contact Kits",Schneider Electric,
511,OPERATIONAL,CRAC-Unit-DN-21,Vertiv Liebert PDX Precision Cooling Unit,Central,,HVAC Plant - DN-21,CRAC-DN21,Cooling,HVAC Technician,2027-07-15,Precision cooling for IT spaces,CRACDN2149373,Facilities,"Filters, Compressor Kits",Vertiv,
512,OPERATIONAL,Generator-DN-21,Cummins C275D5 Backup Generator,Central,,Generator Yard - DN-21,GEN-DN21,Power,Electrician,2027-03-18,Standby diesel generator set,GENDN2120286,Facilities,"Filters, Starter Batteries",Cummins,
513,COMMISSIONING,Visitor-Kiosk-DN-21,ZKTeco SpeedFace-V5L Visitor Kiosk,Central,,Reception - DN-21,KSK-DN21,Security,Security Officer,2027-04-25,Visitor registration and facial verification terminal,KSKDN2153829,Security Operations,"Touch Panel, Camera Module",ZKTeco,Mekong Telecom Services
514,COMMISSIONING,Loading-Bay-Camera-DN-21,Hikvision DS-2CD2686G2 Bullet Camera,Central,,Loading Bay - DN-21,CCTV-DN21,Security,Security Officer,2029-05-03,High-resolution loading dock surveillance camera,CCTVDN2125799,Security Operations,"Mounting Bracket, PoE Injector",Hikvision,
515,OPERATIONAL,Microwave-Radio-DN-21,Ceragon IP-20C Microwave Radio,Central,,Roof - DN-21,MWR-DN21,Network Equipment,Field Technician,2028-04-09,Roof-top point-to-point backhaul radio,MWRDN2188944,Cellular Maintenance,"ODU Cables, Mount Kits",Ceragon,
516,OPERATIONAL,Fiber-Patch-Panel-DN-21,Corning EDGE Fiber Patch Panel,Central,,IDF Room 1 - DN-21,FPP-DN21,Cabling,Cabling Technician,2027-01-24,Structured fiber distribution panel,FPPDN2192862,Infrastructure,"LC Connectors, Adapter Packs",Corning,
517,OPERATIONAL,Edge-Switch-DN-21,Cisco Catalyst 9300 Edge Switch,Central,,IDF Room 2 - DN-21,ESW-DN21,Network Equipment,Network Engineer,2029-02-22,Edge switch for floor distribution,ESWDN2151853,Network Operations,"Power Supplies, SFP Modules",Cisco,
518,OPERATIONAL,5G-Antenna-DN-21,Ericsson AIR 6488 Massive MIMO Antenna,Central,,Telecom Mast - DN-21,ANT-DN21,Cellular Equipment,Field Technician,2030-01-10,5G radio antenna system,ANTDN2138940,Cellular Maintenance,"Mount Kits, RF Jumpers",Ericsson,
519,OPERATIONAL,Baseband-Unit-DN-21,Nokia AirScale Baseband Unit,Central,,Base Station - DN-21,BBU-DN21,Cellular Equipment,Field Technician,2027-11-10,Baseband processing for radio access network,BBUDN2161495,Cellular Maintenance,"Power Supply, Sync Modules",Nokia,
520,OPERATIONAL,Radio-Unit-DN-21,Ericsson Radio 4422 Remote Radio Unit,Central,Baseband-Unit-DN-21,Antenna Array - DN-21,RRU-DN21,Cellular Equipment,Field Technician,2029-07-01,Remote radio head for sector coverage,RRUDN2121807,Cellular Maintenance,"RF Cables, Surge Protectors",Ericsson,
521,OPERATIONAL,Sensor-Gateway-DN-21,Advantech WISE-6610 IoT Gateway,Central,,Storage Room - DN-21,IOT-DN21,IoT,Facilities Supervisor,2028-03-30,Environmental and utility sensor concentrator,IOTDN2161684,Facilities,"Antenna Kit, DIN Clips",Advantech,
522,OPERATIONAL,WiFi-Controller-DN-21,Cisco Catalyst 9800-L Wireless Controller,Central,,Office Floor 1 - DN-21,WLC-DN21,Network Equipment,Network Engineer,2027-10-31,Centralized wireless controller,WLCDN2120819,Network Operations,"Power Supplies, SSDs",Cisco,
523,OPERATIONAL,Access-Point-DN-21,Aruba AP-515 Wireless Access Point,Central,WiFi-Controller-DN-21,Office Floor 2 - DN-21,AP-DN21,Network Equipment,Network Engineer,2029-09-01,Wi-Fi 6 indoor wireless access point,APDN2116463,Network Operations,"Mounting Kit, PoE Injector",Aruba,
524,OPERATIONAL,AI-Analytics-Server-DN-21,NVIDIA DGX A100 AI Analytics Server,Central,,Lab A - DN-21,AIS-DN21,Servers,AI Specialist,2030-01-27,Accelerated AI processing node,AISDN2121151,AI Operations,"GPUs, NVLink Cables",NVIDIA,
525,OPERATIONAL,Monitoring-Appliance-DN-21,Fluke OptiView XG Network Monitoring Appliance,Central,,Workshop - DN-21,NMA-DN21,Network Equipment,Network Engineer,2029-03-27,Portable and fixed network diagnostics appliance,NMADN2127088,Network Operations,"SFP Modules, SSDs",Fluke,
526,OPERATIONAL,Monitoring-System-HP-22,SolarWinds Hybrid Cloud Observability Appliance,North,,Infrastructure Site - HP-22,MON-HP22,Network Equipment,Network Engineer,2027-10-04,Central site monitoring appliance,MONHP2235966,Network Operations,"Power Supplies, SSDs",SolarWinds,
527,OPERATIONAL,Core-Router-HP-22,Cisco ASR 9904 Core Router,North,,Network Operations Center (NOC) - HP-22,RTR-HP22,Network Equipment,Network Engineer,2029-09-26,Core network routing platform,RTRHP2284885,Network Operations,"Line Cards, Power Supplies",Cisco,
528,OPERATIONAL,Security-VMS-Server-HP-22,Milestone Husky IVO 350R Video Management Server,North,,Security Operations Center (SOC) - HP-22,VMS-HP22,Security,Security Officer,2028-02-06,Video management and recording server,VMSHP2278714,Security Operations,"RAID Drives, PSUs",Milestone,
529,OPERATIONAL,Virtualization-Host-HP-22,Dell PowerEdge R750 Virtualization Host,North,,Server Room A - HP-22,SRV-HP22,Servers,System Administrator,2028-05-19,Virtualization compute cluster node,SRVHP2244898,Server Operations,"RAM, NVMe Drives",Dell,
530,OPERATIONAL,Storage-Array-HP-22,NetApp AFF A250 Storage Array,North,,Server Room B - HP-22,SAN-HP22,Storage,Storage Administrator,2029-05-30,Shared storage array for critical workloads,SANHP2285499,Server Operations,"SSDs, Controllers",NetApp,
531,OPERATIONAL,Access-Switch-HP-22,Juniper EX4300 Access Switch,North,,Network Closet - HP-22,SW-HP22,Network Equipment,Network Engineer,2027-07-03,Access layer switch for wired users,SWHP2264209,Network Operations,"Transceivers, Fans",Juniper,
532,OPERATIONAL,Access-Control-Panel-HP-22,Paxton Net2 Plus Access Control Panel,North,,Access Control Room - HP-22,ACP-HP22,Security,Security Officer,2029-05-17,Door access control and credential management,ACPHP2234967,Security Operations,"Power Supply, Readers",Paxton,
533,OPERATIONAL,NVR-HP-22,Hikvision DS-9632NI-M8 Network Video Recorder,North,,Video Surveillance Room - HP-22,NVR-HP22,Security,Security Officer,2028-10-18,Central CCTV recording system,NVRHP2295905,Security Operations,"Hard Drives, Fans",Hikvision,
534,OPERATIONAL,UPS-HP-22,APC Smart-UPS SRT 3000VA,North,,UPS Room - HP-22,UPS-HP22,Power,Electrician,2027-02-19,Online double-conversion UPS,UPSHP2255838,Facilities,"Batteries, Fan Kits",APC,
535,MAINTENANCE,ATS-Panel-HP-22,Schneider EasyPact Automatic Transfer Switch,North,,Electrical Room - HP-22,ATS-HP22,Power,Electrician,2030-06-16,Automatic mains/generator transfer switch,ATSHP2291681,Facilities,"Breakers, Contact Kits",Schneider Electric,VN Facilities Services
536,OPERATIONAL,CRAC-Unit-HP-22,Vertiv Liebert PDX Precision Cooling Unit,North,,HVAC Plant - HP-22,CRAC-HP22,Cooling,HVAC Technician,2028-04-23,Precision cooling for IT spaces,CRACHP2258997,Facilities,"Filters, Compressor Kits",Vertiv,
537,OPERATIONAL,Generator-HP-22,Cummins C275D5 Backup Generator,North,,Generator Yard - HP-22,GEN-HP22,Power,Electrician,2027-11-16,Standby diesel generator set,GENHP2224728,Facilities,"Filters, Starter Batteries",Cummins,
538,OPERATIONAL,Visitor-Kiosk-HP-22,ZKTeco SpeedFace-V5L Visitor Kiosk,North,,Reception - HP-22,KSK-HP22,Security,Security Officer,2027-04-22,Visitor registration and facial verification terminal,KSKHP2291396,Security Operations,"Touch Panel, Camera Module",ZKTeco,
539,DOWN,Loading-Bay-Camera-HP-22,Hikvision DS-2CD2686G2 Bullet Camera,North,,Loading Bay - HP-22,CCTV-HP22,Security,Security Officer,2027-10-30,High-resolution loading dock surveillance camera,CCTVHP2247707,Security Operations,"Mounting Bracket, PoE Injector",Hikvision,
540,OPERATIONAL,Microwave-Radio-HP-22,Ceragon IP-20C Microwave Radio,North,,Roof - HP-22,MWR-HP22,Network Equipment,Field Technician,2027-01-29,Roof-top point-to-point backhaul radio,MWRHP2224585,Cellular Maintenance,"ODU Cables, Mount Kits",Ceragon,
541,OPERATIONAL,Fiber-Patch-Panel-HP-22,Corning EDGE Fiber Patch Panel,North,,IDF Room 1 - HP-22,FPP-HP22,Cabling,Cabling Technician,2028-09-16,Structured fiber distribution panel,FPPHP2212981,Infrastructure,"LC Connectors, Adapter Packs",Corning,
542,OPERATIONAL,Edge-Switch-HP-22,Cisco Catalyst 9300 Edge Switch,North,,IDF Room 2 - HP-22,ESW-HP22,Network Equipment,Network Engineer,2028-11-10,Edge switch for floor distribution,ESWHP2236712,Network Operations,"Power Supplies, SFP Modules",Cisco,
543,OPERATIONAL,5G-Antenna-HP-22,Ericsson AIR 6488 Massive MIMO Antenna,North,,Telecom Mast - HP-22,ANT-HP22,Cellular Equipment,Field Technician,2030-01-24,5G radio antenna system,ANTHP2273311,Cellular Maintenance,"Mount Kits, RF Jumpers",Ericsson,
544,OPERATIONAL,Baseband-Unit-HP-22,Nokia AirScale Baseband Unit,North,,Base Station - HP-22,BBU-HP22,Cellular Equipment,Field Technician,2030-06-29,Baseband processing for radio access network,BBUHP2297590,Cellular Maintenance,"Power Supply, Sync Modules",Nokia,
545,OPERATIONAL,Radio-Unit-HP-22,Ericsson Radio 4422 Remote Radio Unit,North,Baseband-Unit-HP-22,Antenna Array - HP-22,RRU-HP22,Cellular Equipment,Field Technician,2027-02-07,Remote radio head for sector coverage,RRUHP2279048,Cellular Maintenance,"RF Cables, Surge Protectors",Ericsson,
546,OPERATIONAL,Sensor-Gateway-HP-22,Advantech WISE-6610 IoT Gateway,North,,Storage Room - HP-22,IOT-HP22,IoT,Facilities Supervisor,2027-03-31,Environmental and utility sensor concentrator,IOTHP2217878,Facilities,"Antenna Kit, DIN Clips",Advantech,
547,OPERATIONAL,WiFi-Controller-HP-22,Cisco Catalyst 9800-L Wireless Controller,North,,Office Floor 1 - HP-22,WLC-HP22,Network Equipment,Network Engineer,2028-08-04,Centralized wireless controller,WLCHP2290997,Network Operations,"Power Supplies, SSDs",Cisco,
548,OPERATIONAL,Access-Point-HP-22,Aruba AP-515 Wireless Access Point,North,WiFi-Controller-HP-22,Office Floor 2 - HP-22,AP-HP22,Network Equipment,Network Engineer,2028-07-09,Wi-Fi 6 indoor wireless access point,APHP2295820,Network Operations,"Mounting Kit, PoE Injector",Aruba,
549,OPERATIONAL,AI-Analytics-Server-HP-22,NVIDIA DGX A100 AI Analytics Server,North,,Lab A - HP-22,AIS-HP22,Servers,AI Specialist,2027-01-18,Accelerated AI processing node,AISHP2296556,AI Operations,"GPUs, NVLink Cables",NVIDIA,
550,OPERATIONAL,Monitoring-Appliance-HP-22,Fluke OptiView XG Network Monitoring Appliance,North,,Workshop - HP-22,NMA-HP22,Network Equipment,Network Engineer,2028-07-09,Portable and fixed network diagnostics appliance,NMAHP2257214,Network Operations,"SFP Modules, SSDs",Fluke,
551,OPERATIONAL,Monitoring-System-CT-23,SolarWinds Hybrid Cloud Observability Appliance,South,,Infrastructure Site - CT-23,MON-CT23,Network Equipment,Network Engineer,2027-08-09,Central site monitoring appliance,MONCT2395119,Network Operations,"Power Supplies, SSDs",SolarWinds,
552,OPERATIONAL,Core-Router-CT-23,Cisco ASR 9904 Core Router,South,,Network Operations Center (NOC) - CT-23,RTR-CT23,Network Equipment,Network Engineer,2029-03-02,Core network routing platform,RTRCT2359899,Network Operations,"Line Cards, Power Supplies",Cisco,
553,STANDBY,Security-VMS-Server-CT-23,Milestone Husky IVO 350R Video Management Server,South,,Security Operations Center (SOC) - CT-23,VMS-CT23,Security,Security Officer,2029-11-07,Video management and recording server,VMSCT2323055,Security Operations,"RAID Drives, PSUs",Milestone,
554,OPERATIONAL,Virtualization-Host-CT-23,Dell PowerEdge R750 Virtualization Host,South,,Server Room A - CT-23,SRV-CT23,Servers,System Administrator,2028-10-08,Virtualization compute cluster node,SRVCT2388263,Server Operations,"RAM, NVMe Drives",Dell,
555,OPERATIONAL,Storage-Array-CT-23,NetApp AFF A250 Storage Array,South,,Server Room B - CT-23,SAN-CT23,Storage,Storage Administrator,2029-12-24,Shared storage array for critical workloads,SANCT2336066,Server Operations,"SSDs, Controllers",NetApp,
556,STANDBY,Access-Switch-CT-23,Juniper EX4300 Access Switch,South,,Network Closet - CT-23,SW-CT23,Network Equipment,Network Engineer,2029-10-22,Access layer switch for wired users,SWCT2383490,Network Operations,"Transceivers, Fans",Juniper,
557,OPERATIONAL,Access-Control-Panel-CT-23,Paxton Net2 Plus Access Control Panel,South,,Access Control Room - CT-23,ACP-CT23,Security,Security Officer,2030-12-30,Door access control and credential management,ACPCT2342426,Security Operations,"Power Supply, Readers",Paxton,
558,OPERATIONAL,NVR-CT-23,Hikvision DS-9632NI-M8 Network Video Recorder,South,,Video Surveillance Room - CT-23,NVR-CT23,Security,Security Officer,2029-12-20,Central CCTV recording system,NVRCT2374216,Security Operations,"Hard Drives, Fans",Hikvision,
559,OPERATIONAL,UPS-CT-23,APC Smart-UPS SRT 3000VA,South,,UPS Room - CT-23,UPS-CT23,Power,Electrician,2029-03-16,Online double-conversion UPS,UPSCT2399694,Facilities,"Batteries, Fan Kits",APC,
560,OPERATIONAL,ATS-Panel-CT-23,Schneider EasyPact Automatic Transfer Switch,South,,Electrical Room - CT-23,ATS-CT23,Power,Electrician,2028-12-21,Automatic mains/generator transfer switch,ATSCT2375700,Facilities,"Breakers, Contact Kits",Schneider Electric,
561,MAINTENANCE,CRAC-Unit-CT-23,Vertiv Liebert PDX Precision Cooling Unit,South,,HVAC Plant - CT-23,CRAC-CT23,Cooling,HVAC Technician,2028-07-18,Precision cooling for IT spaces,CRACCT2392023,Facilities,"Filters, Compressor Kits",Vertiv,Mekong Telecom Services
562,COMMISSIONING,Generator-CT-23,Cummins C275D5 Backup Generator,South,,Generator Yard - CT-23,GEN-CT23,Power,Electrician,2027-03-02,Standby diesel generator set,GENCT2339567,Facilities,"Filters, Starter Batteries",Cummins,Mekong Telecom Services
563,OPERATIONAL,Visitor-Kiosk-CT-23,ZKTeco SpeedFace-V5L Visitor Kiosk,South,,Reception - CT-23,KSK-CT23,Security,Security Officer,2030-09-07,Visitor registration and facial verification terminal,KSKCT2360096,Security Operations,"Touch Panel, Camera Module",ZKTeco,
564,STANDBY,Loading-Bay-Camera-CT-23,Hikvision DS-2CD2686G2 Bullet Camera,South,,Loading Bay - CT-23,CCTV-CT23,Security,Security Officer,2029-12-02,High-resolution loading dock surveillance camera,CCTVCT2390274,Security Operations,"Mounting Bracket, PoE Injector",Hikvision,
565,OPERATIONAL,Microwave-Radio-CT-23,Ceragon IP-20C Microwave Radio,South,,Roof - CT-23,MWR-CT23,Network Equipment,Field Technician,2030-07-05,Roof-top point-to-point backhaul radio,MWRCT2364700,Cellular Maintenance,"ODU Cables, Mount Kits",Ceragon,
566,OPERATIONAL,Fiber-Patch-Panel-CT-23,Corning EDGE Fiber Patch Panel,South,,IDF Room 1 - CT-23,FPP-CT23,Cabling,Cabling Technician,2028-05-07,Structured fiber distribution panel,FPPCT2365897,Infrastructure,"LC Connectors, Adapter Packs",Corning,
567,DOWN,Edge-Switch-CT-23,Cisco Catalyst 9300 Edge Switch,South,Core-Router-CT-23,IDF Room 2 - CT-23,ESW-CT23,Network Equipment,Network Engineer,2028-10-01,Edge switch for floor distribution,ESWCT2381071,Network Operations,"Power Supplies, SFP Modules",Cisco,
568,OPERATIONAL,5G-Antenna-CT-23,Ericsson AIR 6488 Massive MIMO Antenna,South,,Telecom Mast - CT-23,ANT-CT23,Cellular Equipment,Field Technician,2027-09-27,5G radio antenna system,ANTCT2380956,Cellular Maintenance,"Mount Kits, RF Jumpers",Ericsson,
569,MAINTENANCE,Baseband-Unit-CT-23,Nokia AirScale Baseband Unit,South,,Base Station - CT-23,BBU-CT23,Cellular Equipment,Field Technician,2030-11-01,Baseband processing for radio access network,BBUCT2350501,Cellular Maintenance,"Power Supply, Sync Modules",Nokia,
570,DOWN,Radio-Unit-CT-23,Ericsson Radio 4422 Remote Radio Unit,South,Baseband-Unit-CT-23,Antenna Array - CT-23,RRU-CT23,Cellular Equipment,Field Technician,2029-12-08,Remote radio head for sector coverage,RRUCT2329025,Cellular Maintenance,"RF Cables, Surge Protectors",Ericsson,
571,COMMISSIONING,Sensor-Gateway-CT-23,Advantech WISE-6610 IoT Gateway,South,,Storage Room - CT-23,IOT-CT23,IoT,Facilities Supervisor,2030-09-05,Environmental and utility sensor concentrator,IOTCT2330715,Facilities,"Antenna Kit, DIN Clips",Advantech,SaiGon MEP Solutions
572,OPERATIONAL,WiFi-Controller-CT-23,Cisco Catalyst 9800-L Wireless Controller,South,,Office Floor 1 - CT-23,WLC-CT23,Network Equipment,Network Engineer,2028-01-13,Centralized wireless controller,WLCCT2329073,Network Operations,"Power Supplies, SSDs",Cisco,
573,OPERATIONAL,Access-Point-CT-23,Aruba AP-515 Wireless Access Point,South,WiFi-Controller-CT-23,Office Floor 2 - CT-23,AP-CT23,Network Equipment,Network Engineer,2027-03-02,Wi-Fi 6 indoor wireless access point,APCT2364269,Network Operations,"Mounting Kit, PoE Injector",Aruba,
574,OPERATIONAL,AI-Analytics-Server-CT-23,NVIDIA DGX A100 AI Analytics Server,South,,Lab A - CT-23,AIS-CT23,Servers,AI Specialist,2029-04-22,Accelerated AI processing node,AISCT2393472,AI Operations,"GPUs, NVLink Cables",NVIDIA,
575,OPERATIONAL,Monitoring-Appliance-CT-23,Fluke OptiView XG Network Monitoring Appliance,South,Monitoring-System-CT-23,Workshop - CT-23,NMA-CT23,Network Equipment,Network Engineer,2028-07-14,Portable and fixed network diagnostics appliance,NMACT2327241,Network Operations,"SFP Modules, SSDs",Fluke,
576,OPERATIONAL,Monitoring-System-BD-24,SolarWinds Hybrid Cloud Observability Appliance,South,,Infrastructure Site - BD-24,MON-BD24,Network Equipment,Network Engineer,2028-01-14,Central site monitoring appliance,MONBD2490213,Network Operations,"Power Supplies, SSDs",SolarWinds,
577,OPERATIONAL,Core-Router-BD-24,Cisco ASR 9904 Core Router,South,,Network Operations Center (NOC) - BD-24,RTR-BD24,Network Equipment,Network Engineer,2030-06-17,Core network routing platform,RTRBD2484323,Network Operations,"Line Cards, Power Supplies",Cisco,
578,OPERATIONAL,Security-VMS-Server-BD-24,Milestone Husky IVO 350R Video Management Server,South,,Security Operations Center (SOC) - BD-24,VMS-BD24,Security,Security Officer,2030-06-08,Video management and recording server,VMSBD2440432,Security Operations,"RAID Drives, PSUs",Milestone,
579,OPERATIONAL,Virtualization-Host-BD-24,Dell PowerEdge R750 Virtualization Host,South,,Server Room A - BD-24,SRV-BD24,Servers,System Administrator,2028-04-17,Virtualization compute cluster node,SRVBD2457089,Server Operations,"RAM, NVMe Drives",Dell,
580,OPERATIONAL,Storage-Array-BD-24,NetApp AFF A250 Storage Array,South,,Server Room B - BD-24,SAN-BD24,Storage,Storage Administrator,2027-06-12,Shared storage array for critical workloads,SANBD2472469,Server Operations,"SSDs, Controllers",NetApp,
581,OPERATIONAL,Access-Switch-BD-24,Juniper EX4300 Access Switch,South,,Network Closet - BD-24,SW-BD24,Network Equipment,Network Engineer,2027-10-02,Access layer switch for wired users,SWBD2489260,Network Operations,"Transceivers, Fans",Juniper,
582,OPERATIONAL,Access-Control-Panel-BD-24,Paxton Net2 Plus Access Control Panel,South,,Access Control Room - BD-24,ACP-BD24,Security,Security Officer,2029-08-18,Door access control and credential management,ACPBD2459015,Security Operations,"Power Supply, Readers",Paxton,
583,MAINTENANCE,NVR-BD-24,Hikvision DS-9632NI-M8 Network Video Recorder,South,,Video Surveillance Room - BD-24,NVR-BD24,Security,Security Officer,2028-01-12,Central CCTV recording system,NVRBD2474414,Security Operations,"Hard Drives, Fans",Hikvision,
584,OPERATIONAL,UPS-BD-24,APC Smart-UPS SRT 3000VA,South,,UPS Room - BD-24,UPS-BD24,Power,Electrician,2027-12-02,Online double-conversion UPS,UPSBD2411967,Facilities,"Batteries, Fan Kits",APC,
585,COMMISSIONING,ATS-Panel-BD-24,Schneider EasyPact Automatic Transfer Switch,South,,Electrical Room - BD-24,ATS-BD24,Power,Electrician,2028-07-06,Automatic mains/generator transfer switch,ATSBD2497993,Facilities,"Breakers, Contact Kits",Schneider Electric,
586,OPERATIONAL,CRAC-Unit-BD-24,Vertiv Liebert PDX Precision Cooling Unit,South,,HVAC Plant - BD-24,CRAC-BD24,Cooling,HVAC Technician,2028-02-23,Precision cooling for IT spaces,CRACBD2467577,Facilities,"Filters, Compressor Kits",Vertiv,
587,OPERATIONAL,Generator-BD-24,Cummins C275D5 Backup Generator,South,,Generator Yard - BD-24,GEN-BD24,Power,Electrician,2030-06-17,Standby diesel generator set,GENBD2469971,Facilities,"Filters, Starter Batteries",Cummins,
588,OPERATIONAL,Visitor-Kiosk-BD-24,ZKTeco SpeedFace-V5L Visitor Kiosk,South,,Reception - BD-24,KSK-BD24,Security,Security Officer,2028-05-20,Visitor registration and facial verification terminal,KSKBD2415482,Security Operations,"Touch Panel, Camera Module",ZKTeco,
589,OPERATIONAL,Loading-Bay-Camera-BD-24,Hikvision DS-2CD2686G2 Bullet Camera,South,,Loading Bay - BD-24,CCTV-BD24,Security,Security Officer,2030-05-30,High-resolution loading dock surveillance camera,CCTVBD2459856,Security Operations,"Mounting Bracket, PoE Injector",Hikvision,
590,OPERATIONAL,Microwave-Radio-BD-24,Ceragon IP-20C Microwave Radio,South,,Roof - BD-24,MWR-BD24,Network Equipment,Field Technician,2028-10-02,Roof-top point-to-point backhaul radio,MWRBD2484964,Cellular Maintenance,"ODU Cables, Mount Kits",Ceragon,
591,OPERATIONAL,Fiber-Patch-Panel-BD-24,Corning EDGE Fiber Patch Panel,South,,IDF Room 1 - BD-24,FPP-BD24,Cabling,Cabling Technician,2030-05-01,Structured fiber distribution panel,FPPBD2494068,Infrastructure,"LC Connectors, Adapter Packs",Corning,
592,MAINTENANCE,Edge-Switch-BD-24,Cisco Catalyst 9300 Edge Switch,South,,IDF Room 2 - BD-24,ESW-BD24,Network Equipment,Network Engineer,2030-12-13,Edge switch for floor distribution,ESWBD2469193,Network Operations,"Power Supplies, SFP Modules",Cisco,
593,DOWN,5G-Antenna-BD-24,Ericsson AIR 6488 Massive MIMO Antenna,South,,Telecom Mast - BD-24,ANT-BD24,Cellular Equipment,Field Technician,2027-03-28,5G radio antenna system,ANTBD2480499,Cellular Maintenance,"Mount Kits, RF Jumpers",Ericsson,
594,OPERATIONAL,Baseband-Unit-BD-24,Nokia AirScale Baseband Unit,South,,Base Station - BD-24,BBU-BD24,Cellular Equipment,Field Technician,2029-03-21,Baseband processing for radio access network,BBUBD2460777,Cellular Maintenance,"Power Supply, Sync Modules",Nokia,
595,OPERATIONAL,Radio-Unit-BD-24,Ericsson Radio 4422 Remote Radio Unit,South,Baseband-Unit-BD-24,Antenna Array - BD-24,RRU-BD24,Cellular Equipment,Field Technician,2029-11-23,Remote radio head for sector coverage,RRUBD2434884,Cellular Maintenance,"RF Cables, Surge Protectors",Ericsson,
596,OPERATIONAL,Sensor-Gateway-BD-24,Advantech WISE-6610 IoT Gateway,South,,Storage Room - BD-24,IOT-BD24,IoT,Facilities Supervisor,2028-08-19,Environmental and utility sensor concentrator,IOTBD2449918,Facilities,"Antenna Kit, DIN Clips",Advantech,
597,OPERATIONAL,WiFi-Controller-BD-24,Cisco Catalyst 9800-L Wireless Controller,South,,Office Floor 1 - BD-24,WLC-BD24,Network Equipment,Network Engineer,2028-08-08,Centralized wireless controller,WLCBD2465372,Network Operations,"Power Supplies, SSDs",Cisco,
598,OPERATIONAL,Access-Point-BD-24,Aruba AP-515 Wireless Access Point,South,WiFi-Controller-BD-24,Office Floor 2 - BD-24,AP-BD24,Network Equipment,Network Engineer,2028-08-25,Wi-Fi 6 indoor wireless access point,APBD2417149,Network Operations,"Mounting Kit, PoE Injector",Aruba,
599,OPERATIONAL,AI-Analytics-Server-BD-24,NVIDIA DGX A100 AI Analytics Server,South,,Lab A - BD-24,AIS-BD24,Servers,AI Specialist,2030-11-14,Accelerated AI processing node,AISBD2428643,AI Operations,"GPUs, NVLink Cables",NVIDIA,
600,MAINTENANCE,Monitoring-Appliance-BD-24,Fluke OptiView XG Network Monitoring Appliance,South,,Workshop - BD-24,NMA-BD24,Network Equipment,Network Engineer,2029-08-07,Portable and fixed network diagnostics appliance,NMABD2475622,Network Operations,"SFP Modules, SSDs",Fluke,HaNoi Cooling Services
601,OPERATIONAL,Monitoring-System-HN-25,SolarWinds Hybrid Cloud Observability Appliance,North,,Infrastructure Site - HN-25,MON-HN25,Network Equipment,Network Engineer,2029-03-16,Central site monitoring appliance,MONHN2569098,Network Operations,"Power Supplies, SSDs",SolarWinds,
602,OPERATIONAL,Core-Router-HN-25,Cisco ASR 9904 Core Router,North,,Network Operations Center (NOC) - HN-25,RTR-HN25,Network Equipment,Network Engineer,2027-02-21,Core network routing platform,RTRHN2587373,Network Operations,"Line Cards, Power Supplies",Cisco,
603,DOWN,Security-VMS-Server-HN-25,Milestone Husky IVO 350R Video Management Server,North,,Security Operations Center (SOC) - HN-25,VMS-HN25,Security,Security Officer,2030-12-30,Video management and recording server,VMSHN2569596,Security Operations,"RAID Drives, PSUs",Milestone,
604,OPERATIONAL,Virtualization-Host-HN-25,Dell PowerEdge R750 Virtualization Host,North,,Server Room A - HN-25,SRV-HN25,Servers,System Administrator,2027-07-04,Virtualization compute cluster node,SRVHN2595010,Server Operations,"RAM, NVMe Drives",Dell,
605,MAINTENANCE,Storage-Array-HN-25,NetApp AFF A250 Storage Array,North,,Server Room B - HN-25,SAN-HN25,Storage,Storage Administrator,2030-12-28,Shared storage array for critical workloads,SANHN2526193,Server Operations,"SSDs, Controllers",NetApp,Danang Engineering Works
606,OPERATIONAL,Access-Switch-HN-25,Juniper EX4300 Access Switch,North,,Network Closet - HN-25,SW-HN25,Network Equipment,Network Engineer,2030-07-22,Access layer switch for wired users,SWHN2578657,Network Operations,"Transceivers, Fans",Juniper,
607,OPERATIONAL,Access-Control-Panel-HN-25,Paxton Net2 Plus Access Control Panel,North,,Access Control Room - HN-25,ACP-HN25,Security,Security Officer,2030-12-19,Door access control and credential management,ACPHN2577065,Security Operations,"Power Supply, Readers",Paxton,
608,COMMISSIONING,NVR-HN-25,Hikvision DS-9632NI-M8 Network Video Recorder,North,,Video Surveillance Room - HN-25,NVR-HN25,Security,Security Officer,2030-06-07,Central CCTV recording system,NVRHN2559634,Security Operations,"Hard Drives, Fans",Hikvision,
609,OPERATIONAL,UPS-HN-25,APC Smart-UPS SRT 3000VA,North,,UPS Room - HN-25,UPS-HN25,Power,Electrician,2027-03-31,Online double-conversion UPS,UPSHN2584120,Facilities,"Batteries, Fan Kits",APC,
610,DOWN,ATS-Panel-HN-25,Schneider EasyPact Automatic Transfer Switch,North,,Electrical Room - HN-25,ATS-HN25,Power,Electrician,2030-09-12,Automatic mains/generator transfer switch,ATSHN2528953,Facilities,"Breakers, Contact Kits",Schneider Electric,
611,OPERATIONAL,CRAC-Unit-HN-25,Vertiv Liebert PDX Precision Cooling Unit,North,,HVAC Plant - HN-25,CRAC-HN25,Cooling,HVAC Technician,2028-01-02,Precision cooling for IT spaces,CRACHN2516725,Facilities,"Filters, Compressor Kits",Vertiv,
612,OPERATIONAL,Generator-HN-25,Cummins C275D5 Backup Generator,North,,Generator Yard - HN-25,GEN-HN25,Power,Electrician,2029-05-09,Standby diesel generator set,GENHN2568491,Facilities,"Filters, Starter Batteries",Cummins,
613,OPERATIONAL,Visitor-Kiosk-HN-25,ZKTeco SpeedFace-V5L Visitor Kiosk,North,,Reception - HN-25,KSK-HN25,Security,Security Officer,2028-08-14,Visitor registration and facial verification terminal,KSKHN2525408,Security Operations,"Touch Panel, Camera Module",ZKTeco,
614,STANDBY,Loading-Bay-Camera-HN-25,Hikvision DS-2CD2686G2 Bullet Camera,North,,Loading Bay - HN-25,CCTV-HN25,Security,Security Officer,2027-09-27,High-resolution loading dock surveillance camera,CCTVHN2510463,Security Operations,"Mounting Bracket, PoE Injector",Hikvision,
615,OPERATIONAL,Microwave-Radio-HN-25,Ceragon IP-20C Microwave Radio,North,,Roof - HN-25,MWR-HN25,Network Equipment,Field Technician,2030-06-29,Roof-top point-to-point backhaul radio,MWRHN2511600,Cellular Maintenance,"ODU Cables, Mount Kits",Ceragon,
616,OPERATIONAL,Fiber-Patch-Panel-HN-25,Corning EDGE Fiber Patch Panel,North,,IDF Room 1 - HN-25,FPP-HN25,Cabling,Cabling Technician,2029-07-28,Structured fiber distribution panel,FPPHN2575358,Infrastructure,"LC Connectors, Adapter Packs",Corning,
617,MAINTENANCE,Edge-Switch-HN-25,Cisco Catalyst 9300 Edge Switch,North,,IDF Room 2 - HN-25,ESW-HN25,Network Equipment,Network Engineer,2030-01-18,Edge switch for floor distribution,ESWHN2574679,Network Operations,"Power Supplies, SFP Modules",Cisco,Danang Engineering Works
618,OPERATIONAL,5G-Antenna-HN-25,Ericsson AIR 6488 Massive MIMO Antenna,North,,Telecom Mast - HN-25,ANT-HN25,Cellular Equipment,Field Technician,2029-07-18,5G radio antenna system,ANTHN2588656,Cellular Maintenance,"Mount Kits, RF Jumpers",Ericsson,
619,OPERATIONAL,Baseband-Unit-HN-25,Nokia AirScale Baseband Unit,North,,Base Station - HN-25,BBU-HN25,Cellular Equipment,Field Technician,2027-01-14,Baseband processing for radio access network,BBUHN2591233,Cellular Maintenance,"Power Supply, Sync Modules",Nokia,
620,OPERATIONAL,Radio-Unit-HN-25,Ericsson Radio 4422 Remote Radio Unit,North,Baseband-Unit-HN-25,Antenna Array - HN-25,RRU-HN25,Cellular Equipment,Field Technician,2030-07-11,Remote radio head for sector coverage,RRUHN2516411,Cellular Maintenance,"RF Cables, Surge Protectors",Ericsson,
621,OPERATIONAL,Sensor-Gateway-HN-25,Advantech WISE-6610 IoT Gateway,North,,Storage Room - HN-25,IOT-HN25,IoT,Facilities Supervisor,2028-01-14,Environmental and utility sensor concentrator,IOTHN2595626,Facilities,"Antenna Kit, DIN Clips",Advantech,
622,OPERATIONAL,WiFi-Controller-HN-25,Cisco Catalyst 9800-L Wireless Controller,North,,Office Floor 1 - HN-25,WLC-HN25,Network Equipment,Network Engineer,2028-12-15,Centralized wireless controller,WLCHN2514250,Network Operations,"Power Supplies, SSDs",Cisco,
623,OPERATIONAL,Access-Point-HN-25,Aruba AP-515 Wireless Access Point,North,WiFi-Controller-HN-25,Office Floor 2 - HN-25,AP-HN25,Network Equipment,Network Engineer,2030-09-28,Wi-Fi 6 indoor wireless access point,APHN2589073,Network Operations,"Mounting Kit, PoE Injector",Aruba,
624,OPERATIONAL,AI-Analytics-Server-HN-25,NVIDIA DGX A100 AI Analytics Server,North,,Lab A - HN-25,AIS-HN25,Servers,AI Specialist,2028-09-03,Accelerated AI processing node,AISHN2521495,AI Operations,"GPUs, NVLink Cables",NVIDIA,
625,OPERATIONAL,Monitoring-Appliance-HN-25,Fluke OptiView XG Network Monitoring Appliance,North,,Workshop - HN-25,NMA-HN25,Network Equipment,Network Engineer,2027-04-11,Portable and fixed network diagnostics appliance,NMAHN2531146,Network Operations,"SFP Modules, SSDs",Fluke,
626,OPERATIONAL,Monitoring-System-HN-26,SolarWinds Hybrid Cloud Observability Appliance,North,,Infrastructure Site - HN-26,MON-HN26,Network Equipment,Network Engineer,2030-10-08,Central site monitoring appliance,MONHN2696628,Network Operations,"Power Supplies, SSDs",SolarWinds,
627,OPERATIONAL,Core-Router-HN-26,Cisco ASR 9904 Core Router,North,,Network Operations Center (NOC) - HN-26,RTR-HN26,Network Equipment,Network Engineer,2030-11-17,Core network routing platform,RTRHN2685010,Network Operations,"Line Cards, Power Supplies",Cisco,
628,OPERATIONAL,Security-VMS-Server-HN-26,Milestone Husky IVO 350R Video Management Server,North,,Security Operations Center (SOC) - HN-26,VMS-HN26,Security,Security Officer,2030-02-25,Video management and recording server,VMSHN2669682,Security Operations,"RAID Drives, PSUs",Milestone,
629,OPERATIONAL,Virtualization-Host-HN-26,Dell PowerEdge R750 Virtualization Host,North,,Server Room A - HN-26,SRV-HN26,Servers,System Administrator,2030-03-31,Virtualization compute cluster node,SRVHN2614697,Server Operations,"RAM, NVMe Drives",Dell,
630,OPERATIONAL,Storage-Array-HN-26,NetApp AFF A250 Storage Array,North,,Server Room B - HN-26,SAN-HN26,Storage,Storage Administrator,2027-07-10,Shared storage array for critical workloads,SANHN2652312,Server Operations,"SSDs, Controllers",NetApp,
631,DOWN,Access-Switch-HN-26,Juniper EX4300 Access Switch,North,,Network Closet - HN-26,SW-HN26,Network Equipment,Network Engineer,2029-01-24,Access layer switch for wired users,SWHN2618869,Network Operations,"Transceivers, Fans",Juniper,
632,MAINTENANCE,Access-Control-Panel-HN-26,Paxton Net2 Plus Access Control Panel,North,,Access Control Room - HN-26,ACP-HN26,Security,Security Officer,2029-05-25,Door access control and credential management,ACPHN2618509,Security Operations,"Power Supply, Readers",Paxton,HaNoi Cooling Services
633,OPERATIONAL,NVR-HN-26,Hikvision DS-9632NI-M8 Network Video Recorder,North,,Video Surveillance Room - HN-26,NVR-HN26,Security,Security Officer,2027-09-07,Central CCTV recording system,NVRHN2645968,Security Operations,"Hard Drives, Fans",Hikvision,
634,OPERATIONAL,UPS-HN-26,APC Smart-UPS SRT 3000VA,North,,UPS Room - HN-26,UPS-HN26,Power,Electrician,2028-11-05,Online double-conversion UPS,UPSHN2637400,Facilities,"Batteries, Fan Kits",APC,
635,OPERATIONAL,ATS-Panel-HN-26,Schneider EasyPact Automatic Transfer Switch,North,,Electrical Room - HN-26,ATS-HN26,Power,Electrician,2030-06-07,Automatic mains/generator transfer switch,ATSHN2692441,Facilities,"Breakers, Contact Kits",Schneider Electric,
636,STANDBY,CRAC-Unit-HN-26,Vertiv Liebert PDX Precision Cooling Unit,North,,HVAC Plant - HN-26,CRAC-HN26,Cooling,HVAC Technician,2029-12-19,Precision cooling for IT spaces,CRACHN2673394,Facilities,"Filters, Compressor Kits",Vertiv,
637,OPERATIONAL,Generator-HN-26,Cummins C275D5 Backup Generator,North,,Generator Yard - HN-26,GEN-HN26,Power,Electrician,2030-11-11,Standby diesel generator set,GENHN2647642,Facilities,"Filters, Starter Batteries",Cummins,
638,OPERATIONAL,Visitor-Kiosk-HN-26,ZKTeco SpeedFace-V5L Visitor Kiosk,North,,Reception - HN-26,KSK-HN26,Security,Security Officer,2029-05-24,Visitor registration and facial verification terminal,KSKHN2651482,Security Operations,"Touch Panel, Camera Module",ZKTeco,
639,OPERATIONAL,Loading-Bay-Camera-HN-26,Hikvision DS-2CD2686G2 Bullet Camera,North,,Loading Bay - HN-26,CCTV-HN26,Security,Security Officer,2028-06-15,High-resolution loading dock surveillance camera,CCTVHN2691689,Security Operations,"Mounting Bracket, PoE Injector",Hikvision,
640,COMMISSIONING,Microwave-Radio-HN-26,Ceragon IP-20C Microwave Radio,North,,Roof - HN-26,MWR-HN26,Network Equipment,Field Technician,2028-12-25,Roof-top point-to-point backhaul radio,MWRHN2690516,Cellular Maintenance,"ODU Cables, Mount Kits",Ceragon,
641,OPERATIONAL,Fiber-Patch-Panel-HN-26,Corning EDGE Fiber Patch Panel,North,,IDF Room 1 - HN-26,FPP-HN26,Cabling,Cabling Technician,2029-11-30,Structured fiber distribution panel,FPPHN2675239,Infrastructure,"LC Connectors, Adapter Packs",Corning,
642,MAINTENANCE,Edge-Switch-HN-26,Cisco Catalyst 9300 Edge Switch,North,,IDF Room 2 - HN-26,ESW-HN26,Network Equipment,Network Engineer,2029-10-05,Edge switch for floor distribution,ESWHN2640503,Network Operations,"Power Supplies, SFP Modules",Cisco,
643,OPERATIONAL,5G-Antenna-HN-26,Ericsson AIR 6488 Massive MIMO Antenna,North,,Telecom Mast - HN-26,ANT-HN26,Cellular Equipment,Field Technician,2028-02-01,5G radio antenna system,ANTHN2691980,Cellular Maintenance,"Mount Kits, RF Jumpers",Ericsson,
644,OPERATIONAL,Baseband-Unit-HN-26,Nokia AirScale Baseband Unit,North,,Base Station - HN-26,BBU-HN26,Cellular Equipment,Field Technician,2027-08-30,Baseband processing for radio access network,BBUHN2690649,Cellular Maintenance,"Power Supply, Sync Modules",Nokia,
645,OPERATIONAL,Radio-Unit-HN-26,Ericsson Radio 4422 Remote Radio Unit,North,Baseband-Unit-HN-26,Antenna Array - HN-26,RRU-HN26,Cellular Equipment,Field Technician,2029-04-29,Remote radio head for sector coverage,RRUHN2683454,Cellular Maintenance,"RF Cables, Surge Protectors",Ericsson,
646,OPERATIONAL,Sensor-Gateway-HN-26,Advantech WISE-6610 IoT Gateway,North,,Storage Room - HN-26,IOT-HN26,IoT,Facilities Supervisor,2030-07-29,Environmental and utility sensor concentrator,IOTHN2693967,Facilities,"Antenna Kit, DIN Clips",Advantech,
647,OPERATIONAL,WiFi-Controller-HN-26,Cisco Catalyst 9800-L Wireless Controller,North,,Office Floor 1 - HN-26,WLC-HN26,Network Equipment,Network Engineer,2028-02-17,Centralized wireless controller,WLCHN2643347,Network Operations,"Power Supplies, SSDs",Cisco,
648,OPERATIONAL,Access-Point-HN-26,Aruba AP-515 Wireless Access Point,North,WiFi-Controller-HN-26,Office Floor 2 - HN-26,AP-HN26,Network Equipment,Network Engineer,2027-05-19,Wi-Fi 6 indoor wireless access point,APHN2676412,Network Operations,"Mounting Kit, PoE Injector",Aruba,
649,OPERATIONAL,AI-Analytics-Server-HN-26,NVIDIA DGX A100 AI Analytics Server,North,,Lab A - HN-26,AIS-HN26,Servers,AI Specialist,2030-01-31,Accelerated AI processing node,AISHN2610803,AI Operations,"GPUs, NVLink Cables",NVIDIA,
650,OPERATIONAL,Monitoring-Appliance-HN-26,Fluke OptiView XG Network Monitoring Appliance,North,Monitoring-System-HN-26,Workshop - HN-26,NMA-HN26,Network Equipment,Network Engineer,2027-08-22,Portable and fixed network diagnostics appliance,NMAHN2684569,Network Operations,"SFP Modules, SSDs",Fluke,
651,STANDBY,Monitoring-System-HCM-27,SolarWinds Hybrid Cloud Observability Appliance,South,,Infrastructure Site - HCM-27,MON-HCM27,Network Equipment,Network Engineer,2030-06-15,Central site monitoring appliance,MONHCM2733020,Network Operations,"Power Supplies, SSDs",SolarWinds,
652,OPERATIONAL,Core-Router-HCM-27,Cisco ASR 9904 Core Router,South,,Network Operations Center (NOC) - HCM-27,RTR-HCM27,Network Equipment,Network Engineer,2028-02-02,Core network routing platform,RTRHCM2754294,Network Operations,"Line Cards, Power Supplies",Cisco,
653,OPERATIONAL,Security-VMS-Server-HCM-27,Milestone Husky IVO 350R Video Management Server,South,,Security Operations Center (SOC) - HCM-27,VMS-HCM27,Security,Security Officer,2030-10-09,Video management and recording server,VMSHCM2772193,Security Operations,"RAID Drives, PSUs",Milestone,
654,OPERATIONAL,Virtualization-Host-HCM-27,Dell PowerEdge R750 Virtualization Host,South,,Server Room A - HCM-27,SRV-HCM27,Servers,System Administrator,2027-03-14,Virtualization compute cluster node,SRVHCM2773110,Server Operations,"RAM, NVMe Drives",Dell,
655,OPERATIONAL,Storage-Array-HCM-27,NetApp AFF A250 Storage Array,South,,Server Room B - HCM-27,SAN-HCM27,Storage,Storage Administrator,2027-11-15,Shared storage array for critical workloads,SANHCM2780381,Server Operations,"SSDs, Controllers",NetApp,
656,OPERATIONAL,Access-Switch-HCM-27,Juniper EX4300 Access Switch,South,,Network Closet - HCM-27,SW-HCM27,Network Equipment,Network Engineer,2028-11-17,Access layer switch for wired users,SWHCM2764257,Network Operations,"Transceivers, Fans",Juniper,
657,MAINTENANCE,Access-Control-Panel-HCM-27,Paxton Net2 Plus Access Control Panel,South,,Access Control Room - HCM-27,ACP-HCM27,Security,Security Officer,2027-04-25,Door access control and credential management,ACPHCM2749235,Security Operations,"Power Supply, Readers",Paxton,
658,OPERATIONAL,NVR-HCM-27,Hikvision DS-9632NI-M8 Network Video Recorder,South,,Video Surveillance Room - HCM-27,NVR-HCM27,Security,Security Officer,2030-10-20,Central CCTV recording system,NVRHCM2780239,Security Operations,"Hard Drives, Fans",Hikvision,
659,OPERATIONAL,UPS-HCM-27,APC Smart-UPS SRT 3000VA,South,,UPS Room - HCM-27,UPS-HCM27,Power,Electrician,2027-02-08,Online double-conversion UPS,UPSHCM2756346,Facilities,"Batteries, Fan Kits",APC,
660,STANDBY,ATS-Panel-HCM-27,Schneider EasyPact Automatic Transfer Switch,South,,Electrical Room - HCM-27,ATS-HCM27,Power,Electrician,2027-05-16,Automatic mains/generator transfer switch,ATSHCM2714085,Facilities,"Breakers, Contact Kits",Schneider Electric,
661,STANDBY,CRAC-Unit-HCM-27,Vertiv Liebert PDX Precision Cooling Unit,South,,HVAC Plant - HCM-27,CRAC-HCM27,Cooling,HVAC Technician,2028-11-25,Precision cooling for IT spaces,CRACHCM2792118,Facilities,"Filters, Compressor Kits",Vertiv,
662,MAINTENANCE,Generator-HCM-27,Cummins C275D5 Backup Generator,South,,Generator Yard - HCM-27,GEN-HCM27,Power,Electrician,2029-12-30,Standby diesel generator set,GENHCM2761061,Facilities,"Filters, Starter Batteries",Cummins,SaiGon MEP Solutions
663,OPERATIONAL,Visitor-Kiosk-HCM-27,ZKTeco SpeedFace-V5L Visitor Kiosk,South,,Reception - HCM-27,KSK-HCM27,Security,Security Officer,2028-09-23,Visitor registration and facial verification terminal,KSKHCM2751222,Security Operations,"Touch Panel, Camera Module",ZKTeco,
664,OPERATIONAL,Loading-Bay-Camera-HCM-27,Hikvision DS-2CD2686G2 Bullet Camera,South,,Loading Bay - HCM-27,CCTV-HCM27,Security,Security Officer,2030-12-24,High-resolution loading dock surveillance camera,CCTVHCM2764246,Security Operations,"Mounting Bracket, PoE Injector",Hikvision,
665,OPERATIONAL,Microwave-Radio-HCM-27,Ceragon IP-20C Microwave Radio,South,,Roof - HCM-27,MWR-HCM27,Network Equipment,Field Technician,2027-06-27,Roof-top point-to-point backhaul radio,MWRHCM2741148,Cellular Maintenance,"ODU Cables, Mount Kits",Ceragon,
666,OPERATIONAL,Fiber-Patch-Panel-HCM-27,Corning EDGE Fiber Patch Panel,South,,IDF Room 1 - HCM-27,FPP-HCM27,Cabling,Cabling Technician,2029-01-31,Structured fiber distribution panel,FPPHCM2749666,Infrastructure,"LC Connectors, Adapter Packs",Corning,
667,OPERATIONAL,Edge-Switch-HCM-27,Cisco Catalyst 9300 Edge Switch,South,Core-Router-HCM-27,IDF Room 2 - HCM-27,ESW-HCM27,Network Equipment,Network Engineer,2028-03-18,Edge switch for floor distribution,ESWHCM2759049,Network Operations,"Power Supplies, SFP Modules",Cisco,
668,OPERATIONAL,5G-Antenna-HCM-27,Ericsson AIR 6488 Massive MIMO Antenna,South,,Telecom Mast - HCM-27,ANT-HCM27,Cellular Equipment,Field Technician,2027-03-18,5G radio antenna system,ANTHCM2768166,Cellular Maintenance,"Mount Kits, RF Jumpers",Ericsson,
669,OPERATIONAL,Baseband-Unit-HCM-27,Nokia AirScale Baseband Unit,South,,Base Station - HCM-27,BBU-HCM27,Cellular Equipment,Field Technician,2029-11-02,Baseband processing for radio access network,BBUHCM2775543,Cellular Maintenance,"Power Supply, Sync Modules",Nokia,
670,OPERATIONAL,Radio-Unit-HCM-27,Ericsson Radio 4422 Remote Radio Unit,South,Baseband-Unit-HCM-27,Antenna Array - HCM-27,RRU-HCM27,Cellular Equipment,Field Technician,2027-11-12,Remote radio head for sector coverage,RRUHCM2778632,Cellular Maintenance,"RF Cables, Surge Protectors",Ericsson,
671,OPERATIONAL,Sensor-Gateway-HCM-27,Advantech WISE-6610 IoT Gateway,South,,Storage Room - HCM-27,IOT-HCM27,IoT,Facilities Supervisor,2028-09-27,Environmental and utility sensor concentrator,IOTHCM2728781,Facilities,"Antenna Kit, DIN Clips",Advantech,
672,MAINTENANCE,WiFi-Controller-HCM-27,Cisco Catalyst 9800-L Wireless Controller,South,,Office Floor 1 - HCM-27,WLC-HCM27,Network Equipment,Network Engineer,2027-07-21,Centralized wireless controller,WLCHCM2777652,Network Operations,"Power Supplies, SSDs",Cisco,
673,OPERATIONAL,Access-Point-HCM-27,Aruba AP-515 Wireless Access Point,South,WiFi-Controller-HCM-27,Office Floor 2 - HCM-27,AP-HCM27,Network Equipment,Network Engineer,2027-09-29,Wi-Fi 6 indoor wireless access point,APHCM2714791,Network Operations,"Mounting Kit, PoE Injector",Aruba,
674,OPERATIONAL,AI-Analytics-Server-HCM-27,NVIDIA DGX A100 AI Analytics Server,South,,Lab A - HCM-27,AIS-HCM27,Servers,AI Specialist,2029-07-29,Accelerated AI processing node,AISHCM2778464,AI Operations,"GPUs, NVLink Cables",NVIDIA,
675,OPERATIONAL,Monitoring-Appliance-HCM-27,Fluke OptiView XG Network Monitoring Appliance,South,,Workshop - HCM-27,NMA-HCM27,Network Equipment,Network Engineer,2027-08-26,Portable and fixed network diagnostics appliance,NMAHCM2787894,Network Operations,"SFP Modules, SSDs",Fluke,
676,OPERATIONAL,Monitoring-System-HCM-28,SolarWinds Hybrid Cloud Observability Appliance,South,,Infrastructure Site - HCM-28,MON-HCM28,Network Equipment,Network Engineer,2027-06-28,Central site monitoring appliance,MONHCM2816047,Network Operations,"Power Supplies, SSDs",SolarWinds,
677,OPERATIONAL,Core-Router-HCM-28,Cisco ASR 9904 Core Router,South,,Network Operations Center (NOC) - HCM-28,RTR-HCM28,Network Equipment,Network Engineer,2027-07-31,Core network routing platform,RTRHCM2896374,Network Operations,"Line Cards, Power Supplies",Cisco,
678,OPERATIONAL,Security-VMS-Server-HCM-28,Milestone Husky IVO 350R Video Management Server,South,,Security Operations Center (SOC) - HCM-28,VMS-HCM28,Security,Security Officer,2028-10-01,Video management and recording server,VMSHCM2850913,Security Operations,"RAID Drives, PSUs",Milestone,
679,DOWN,Virtualization-Host-HCM-28,Dell PowerEdge R750 Virtualization Host,South,,Server Room A - HCM-28,SRV-HCM28,Servers,System Administrator,2030-08-01,Virtualization compute cluster node,SRVHCM2852058,Server Operations,"RAM, NVMe Drives",Dell,
680,OPERATIONAL,Storage-Array-HCM-28,NetApp AFF A250 Storage Array,South,,Server Room B - HCM-28,SAN-HCM28,Storage,Storage Administrator,2028-02-15,Shared storage array for critical workloads,SANHCM2846261,Server Operations,"SSDs, Controllers",NetApp,
681,OPERATIONAL,Access-Switch-HCM-28,Juniper EX4300 Access Switch,South,,Network Closet - HCM-28,SW-HCM28,Network Equipment,Network Engineer,2029-12-26,Access layer switch for wired users,SWHCM2867817,Network Operations,"Transceivers, Fans",Juniper,
682,OPERATIONAL,Access-Control-Panel-HCM-28,Paxton Net2 Plus Access Control Panel,South,,Access Control Room - HCM-28,ACP-HCM28,Security,Security Officer,2030-10-06,Door access control and credential management,ACPHCM2829571,Security Operations,"Power Supply, Readers",Paxton,
683,OPERATIONAL,NVR-HCM-28,Hikvision DS-9632NI-M8 Network Video Recorder,South,,Video Surveillance Room - HCM-28,NVR-HCM28,Security,Security Officer,2027-11-19,Central CCTV recording system,NVRHCM2811999,Security Operations,"Hard Drives, Fans",Hikvision,
684,OPERATIONAL,UPS-HCM-28,APC Smart-UPS SRT 3000VA,South,,UPS Room - HCM-28,UPS-HCM28,Power,Electrician,2030-06-29,Online double-conversion UPS,UPSHCM2881110,Facilities,"Batteries, Fan Kits",APC,
685,OPERATIONAL,ATS-Panel-HCM-28,Schneider EasyPact Automatic Transfer Switch,South,,Electrical Room - HCM-28,ATS-HCM28,Power,Electrician,2028-12-18,Automatic mains/generator transfer switch,ATSHCM2847128,Facilities,"Breakers, Contact Kits",Schneider Electric,
686,OPERATIONAL,CRAC-Unit-HCM-28,Vertiv Liebert PDX Precision Cooling Unit,South,,HVAC Plant - HCM-28,CRAC-HCM28,Cooling,HVAC Technician,2030-03-21,Precision cooling for IT spaces,CRACHCM2819337,Facilities,"Filters, Compressor Kits",Vertiv,
687,OPERATIONAL,Generator-HCM-28,Cummins C275D5 Backup Generator,South,,Generator Yard - HCM-28,GEN-HCM28,Power,Electrician,2028-09-29,Standby diesel generator set,GENHCM2868149,Facilities,"Filters, Starter Batteries",Cummins,
688,OPERATIONAL,Visitor-Kiosk-HCM-28,ZKTeco SpeedFace-V5L Visitor Kiosk,South,,Reception - HCM-28,KSK-HCM28,Security,Security Officer,2027-04-14,Visitor registration and facial verification terminal,KSKHCM2871700,Security Operations,"Touch Panel, Camera Module",ZKTeco,
689,OPERATIONAL,Loading-Bay-Camera-HCM-28,Hikvision DS-2CD2686G2 Bullet Camera,South,,Loading Bay - HCM-28,CCTV-HCM28,Security,Security Officer,2030-10-15,High-resolution loading dock surveillance camera,CCTVHCM2860279,Security Operations,"Mounting Bracket, PoE Injector",Hikvision,
690,OPERATIONAL,Microwave-Radio-HCM-28,Ceragon IP-20C Microwave Radio,South,,Roof - HCM-28,MWR-HCM28,Network Equipment,Field Technician,2027-04-21,Roof-top point-to-point backhaul radio,MWRHCM2861369,Cellular Maintenance,"ODU Cables, Mount Kits",Ceragon,
691,OPERATIONAL,Fiber-Patch-Panel-HCM-28,Corning EDGE Fiber Patch Panel,South,,IDF Room 1 - HCM-28,FPP-HCM28,Cabling,Cabling Technician,2028-01-02,Structured fiber distribution panel,FPPHCM2887693,Infrastructure,"LC Connectors, Adapter Packs",Corning,
692,MAINTENANCE,Edge-Switch-HCM-28,Cisco Catalyst 9300 Edge Switch,South,,IDF Room 2 - HCM-28,ESW-HCM28,Network Equipment,Network Engineer,2030-07-13,Edge switch for floor distribution,ESWHCM2890781,Network Operations,"Power Supplies, SFP Modules",Cisco,Red River Power Co.
693,OPERATIONAL,5G-Antenna-HCM-28,Ericsson AIR 6488 Massive MIMO Antenna,South,,Telecom Mast - HCM-28,ANT-HCM28,Cellular Equipment,Field Technician,2028-02-10,5G radio antenna system,ANTHCM2879924,Cellular Maintenance,"Mount Kits, RF Jumpers",Ericsson,
694,STANDBY,Baseband-Unit-HCM-28,Nokia AirScale Baseband Unit,South,,Base Station - HCM-28,BBU-HCM28,Cellular Equipment,Field Technician,2027-06-10,Baseband processing for radio access network,BBUHCM2871039,Cellular Maintenance,"Power Supply, Sync Modules",Nokia,
695,OPERATIONAL,Radio-Unit-HCM-28,Ericsson Radio 4422 Remote Radio Unit,South,Baseband-Unit-HCM-28,Antenna Array - HCM-28,RRU-HCM28,Cellular Equipment,Field Technician,2030-03-08,Remote radio head for sector coverage,RRUHCM2871377,Cellular Maintenance,"RF Cables, Surge Protectors",Ericsson,
696,OPERATIONAL,Sensor-Gateway-HCM-28,Advantech WISE-6610 IoT Gateway,South,,Storage Room - HCM-28,IOT-HCM28,IoT,Facilities Supervisor,2027-07-19,Environmental and utility sensor concentrator,IOTHCM2899715,Facilities,"Antenna Kit, DIN Clips",Advantech,
697,OPERATIONAL,WiFi-Controller-HCM-28,Cisco Catalyst 9800-L Wireless Controller,South,,Office Floor 1 - HCM-28,WLC-HCM28,Network Equipment,Network Engineer,2030-08-12,Centralized wireless controller,WLCHCM2871000,Network Operations,"Power Supplies, SSDs",Cisco,
698,OPERATIONAL,Access-Point-HCM-28,Aruba AP-515 Wireless Access Point,South,WiFi-Controller-HCM-28,Office Floor 2 - HCM-28,AP-HCM28,Network Equipment,Network Engineer,2029-08-21,Wi-Fi 6 indoor wireless access point,APHCM2839333,Network Operations,"Mounting Kit, PoE Injector",Aruba,
699,DOWN,AI-Analytics-Server-HCM-28,NVIDIA DGX A100 AI Analytics Server,South,,Lab A - HCM-28,AIS-HCM28,Servers,AI Specialist,2027-10-22,Accelerated AI processing node,AISHCM2890863,AI Operations,"GPUs, NVLink Cables",NVIDIA,
700,DOWN,Monitoring-Appliance-HCM-28,Fluke OptiView XG Network Monitoring Appliance,South,Monitoring-System-HCM-28,Workshop - HCM-28,NMA-HCM28,Network Equipment,Network Engineer,2028-06-12,Portable and fixed network diagnostics appliance,NMAHCM2897186,Network Operations,"SFP Modules, SSDs",Fluke,
701,MAINTENANCE,Monitoring-System-DN-29,SolarWinds Hybrid Cloud Observability Appliance,Central,,Infrastructure Site - DN-29,MON-DN29,Network Equipment,Network Engineer,2028-11-07,Central site monitoring appliance,MONDN2952567,Network Operations,"Power Supplies, SSDs",SolarWinds,
702,OPERATIONAL,Core-Router-DN-29,Cisco ASR 9904 Core Router,Central,,Network Operations Center (NOC) - DN-29,RTR-DN29,Network Equipment,Network Engineer,2027-03-03,Core network routing platform,RTRDN2924796,Network Operations,"Line Cards, Power Supplies",Cisco,
703,OPERATIONAL,Security-VMS-Server-DN-29,Milestone Husky IVO 350R Video Management Server,Central,,Security Operations Center (SOC) - DN-29,VMS-DN29,Security,Security Officer,2028-12-20,Video management and recording server,VMSDN2932387,Security Operations,"RAID Drives, PSUs",Milestone,
704,OPERATIONAL,Virtualization-Host-DN-29,Dell PowerEdge R750 Virtualization Host,Central,,Server Room A - DN-29,SRV-DN29,Servers,System Administrator,2028-08-01,Virtualization compute cluster node,SRVDN2989225,Server Operations,"RAM, NVMe Drives",Dell,
705,OPERATIONAL,Storage-Array-DN-29,NetApp AFF A250 Storage Array,Central,,Server Room B - DN-29,SAN-DN29,Storage,Storage Administrator,2030-03-22,Shared storage array for critical workloads,SANDN2923491,Server Operations,"SSDs, Controllers",NetApp,
706,MAINTENANCE,Access-Switch-DN-29,Juniper EX4300 Access Switch,Central,,Network Closet - DN-29,SW-DN29,Network Equipment,Network Engineer,2029-04-10,Access layer switch for wired users,SWDN2924022,Network Operations,"Transceivers, Fans",Juniper,SaiGon MEP Solutions
707,OPERATIONAL,Access-Control-Panel-DN-29,Paxton Net2 Plus Access Control Panel,Central,,Access Control Room - DN-29,ACP-DN29,Security,Security Officer,2028-09-10,Door access control and credential management,ACPDN2962535,Security Operations,"Power Supply, Readers",Paxton,
708,OPERATIONAL,NVR-DN-29,Hikvision DS-9632NI-M8 Network Video Recorder,Central,,Video Surveillance Room - DN-29,NVR-DN29,Security,Security Officer,2030-04-24,Central CCTV recording system,NVRDN2991379,Security Operations,"Hard Drives, Fans",Hikvision,
709,OPERATIONAL,UPS-DN-29,APC Smart-UPS SRT 3000VA,Central,,UPS Room - DN-29,UPS-DN29,Power,Electrician,2028-05-14,Online double-conversion UPS,UPSDN2960307,Facilities,"Batteries, Fan Kits",APC,
710,OPERATIONAL,ATS-Panel-DN-29,Schneider EasyPact Automatic Transfer Switch,Central,,Electrical Room - DN-29,ATS-DN29,Power,Electrician,2027-05-16,Automatic mains/generator transfer switch,ATSDN2987459,Facilities,"Breakers, Contact Kits",Schneider Electric,
711,MAINTENANCE,CRAC-Unit-DN-29,Vertiv Liebert PDX Precision Cooling Unit,Central,,HVAC Plant - DN-29,CRAC-DN29,Cooling,HVAC Technician,2029-06-01,Precision cooling for IT spaces,CRACDN2967062,Facilities,"Filters, Compressor Kits",Vertiv,
712,OPERATIONAL,Generator-DN-29,Cummins C275D5 Backup Generator,Central,,Generator Yard - DN-29,GEN-DN29,Power,Electrician,2028-12-01,Standby diesel generator set,GENDN2996849,Facilities,"Filters, Starter Batteries",Cummins,
713,OPERATIONAL,Visitor-Kiosk-DN-29,ZKTeco SpeedFace-V5L Visitor Kiosk,Central,,Reception - DN-29,KSK-DN29,Security,Security Officer,2030-10-03,Visitor registration and facial verification terminal,KSKDN2985260,Security Operations,"Touch Panel, Camera Module",ZKTeco,
714,OPERATIONAL,Loading-Bay-Camera-DN-29,Hikvision DS-2CD2686G2 Bullet Camera,Central,,Loading Bay - DN-29,CCTV-DN29,Security,Security Officer,2029-09-23,High-resolution loading dock surveillance camera,CCTVDN2988128,Security Operations,"Mounting Bracket, PoE Injector",Hikvision,
715,OPERATIONAL,Microwave-Radio-DN-29,Ceragon IP-20C Microwave Radio,Central,,Roof - DN-29,MWR-DN29,Network Equipment,Field Technician,2029-08-06,Roof-top point-to-point backhaul radio,MWRDN2922799,Cellular Maintenance,"ODU Cables, Mount Kits",Ceragon,
716,OPERATIONAL,Fiber-Patch-Panel-DN-29,Corning EDGE Fiber Patch Panel,Central,,IDF Room 1 - DN-29,FPP-DN29,Cabling,Cabling Technician,2029-06-30,Structured fiber distribution panel,FPPDN2963188,Infrastructure,"LC Connectors, Adapter Packs",Corning,
717,OPERATIONAL,Edge-Switch-DN-29,Cisco Catalyst 9300 Edge Switch,Central,,IDF Room 2 - DN-29,ESW-DN29,Network Equipment,Network Engineer,2027-05-23,Edge switch for floor distribution,ESWDN2988172,Network Operations,"Power Supplies, SFP Modules",Cisco,
718,OPERATIONAL,5G-Antenna-DN-29,Ericsson AIR 6488 Massive MIMO Antenna,Central,,Telecom Mast - DN-29,ANT-DN29,Cellular Equipment,Field Technician,2029-02-15,5G radio antenna system,ANTDN2918058,Cellular Maintenance,"Mount Kits, RF Jumpers",Ericsson,
719,OPERATIONAL,Baseband-Unit-DN-29,Nokia AirScale Baseband Unit,Central,,Base Station - DN-29,BBU-DN29,Cellular Equipment,Field Technician,2027-07-05,Baseband processing for radio access network,BBUDN2986122,Cellular Maintenance,"Power Supply, Sync Modules",Nokia,
720,MAINTENANCE,Radio-Unit-DN-29,Ericsson Radio 4422 Remote Radio Unit,Central,Baseband-Unit-DN-29,Antenna Array - DN-29,RRU-DN29,Cellular Equipment,Field Technician,2030-07-26,Remote radio head for sector coverage,RRUDN2996623,Cellular Maintenance,"RF Cables, Surge Protectors",Ericsson,Metro Cabling Partners
721,OPERATIONAL,Sensor-Gateway-DN-29,Advantech WISE-6610 IoT Gateway,Central,,Storage Room - DN-29,IOT-DN29,IoT,Facilities Supervisor,2029-03-09,Environmental and utility sensor concentrator,IOTDN2968610,Facilities,"Antenna Kit, DIN Clips",Advantech,
722,OPERATIONAL,WiFi-Controller-DN-29,Cisco Catalyst 9800-L Wireless Controller,Central,,Office Floor 1 - DN-29,WLC-DN29,Network Equipment,Network Engineer,2028-02-05,Centralized wireless controller,WLCDN2951497,Network Operations,"Power Supplies, SSDs",Cisco,
723,OPERATIONAL,Access-Point-DN-29,Aruba AP-515 Wireless Access Point,Central,WiFi-Controller-DN-29,Office Floor 2 - DN-29,AP-DN29,Network Equipment,Network Engineer,2028-09-05,Wi-Fi 6 indoor wireless access point,APDN2999071,Network Operations,"Mounting Kit, PoE Injector",Aruba,
724,DOWN,AI-Analytics-Server-DN-29,NVIDIA DGX A100 AI Analytics Server,Central,,Lab A - DN-29,AIS-DN29,Servers,AI Specialist,2028-09-15,Accelerated AI processing node,AISDN2966980,AI Operations,"GPUs, NVLink Cables",NVIDIA,
725,DOWN,Monitoring-Appliance-DN-29,Fluke OptiView XG Network Monitoring Appliance,Central,,Workshop - DN-29,NMA-DN29,Network Equipment,Network Engineer,2028-12-06,Portable and fixed network diagnostics appliance,NMADN2990149,Network Operations,"SFP Modules, SSDs",Fluke,
726,OPERATIONAL,Monitoring-System-HP-30,SolarWinds Hybrid Cloud Observability Appliance,North,,Infrastructure Site - HP-30,MON-HP30,Network Equipment,Network Engineer,2029-11-11,Central site monitoring appliance,MONHP3026718,Network Operations,"Power Supplies, SSDs",SolarWinds,
727,OPERATIONAL,Core-Router-HP-30,Cisco ASR 9904 Core Router,North,,Network Operations Center (NOC) - HP-30,RTR-HP30,Network Equipment,Network Engineer,2028-08-25,Core network routing platform,RTRHP3081943,Network Operations,"Line Cards, Power Supplies",Cisco,
728,OPERATIONAL,Security-VMS-Server-HP-30,Milestone Husky IVO 350R Video Management Server,North,,Security Operations Center (SOC) - HP-30,VMS-HP30,Security,Security Officer,2027-04-19,Video management and recording server,VMSHP3083404,Security Operations,"RAID Drives, PSUs",Milestone,
729,OPERATIONAL,Virtualization-Host-HP-30,Dell PowerEdge R750 Virtualization Host,North,,Server Room A - HP-30,SRV-HP30,Servers,System Administrator,2029-01-05,Virtualization compute cluster node,SRVHP3046989,Server Operations,"RAM, NVMe Drives",Dell,
730,OPERATIONAL,Storage-Array-HP-30,NetApp AFF A250 Storage Array,North,,Server Room B - HP-30,SAN-HP30,Storage,Storage Administrator,2027-03-05,Shared storage array for critical workloads,SANHP3087353,Server Operations,"SSDs, Controllers",NetApp,
731,OPERATIONAL,Access-Switch-HP-30,Juniper EX4300 Access Switch,North,,Network Closet - HP-30,SW-HP30,Network Equipment,Network Engineer,2029-03-18,Access layer switch for wired users,SWHP3060173,Network Operations,"Transceivers, Fans",Juniper,
732,OPERATIONAL,Access-Control-Panel-HP-30,Paxton Net2 Plus Access Control Panel,North,,Access Control Room - HP-30,ACP-HP30,Security,Security Officer,2029-04-11,Door access control and credential management,ACPHP3081449,Security Operations,"Power Supply, Readers",Paxton,
733,OPERATIONAL,NVR-HP-30,Hikvision DS-9632NI-M8 Network Video Recorder,North,,Video Surveillance Room - HP-30,NVR-HP30,Security,Security Officer,2028-03-08,Central CCTV recording system,NVRHP3072242,Security Operations,"Hard Drives, Fans",Hikvision,
734,OPERATIONAL,UPS-HP-30,APC Smart-UPS SRT 3000VA,North,,UPS Room - HP-30,UPS-HP30,Power,Electrician,2027-10-12,Online double-conversion UPS,UPSHP3057223,Facilities,"Batteries, Fan Kits",APC,
735,OPERATIONAL,ATS-Panel-HP-30,Schneider EasyPact Automatic Transfer Switch,North,,Electrical Room - HP-30,ATS-HP30,Power,Electrician,2029-05-04,Automatic mains/generator transfer switch,ATSHP3097826,Facilities,"Breakers, Contact Kits",Schneider Electric,
736,OPERATIONAL,CRAC-Unit-HP-30,Vertiv Liebert PDX Precision Cooling Unit,North,,HVAC Plant - HP-30,CRAC-HP30,Cooling,HVAC Technician,2027-09-15,Precision cooling for IT spaces,CRACHP3019403,Facilities,"Filters, Compressor Kits",Vertiv,
737,OPERATIONAL,Generator-HP-30,Cummins C275D5 Backup Generator,North,,Generator Yard - HP-30,GEN-HP30,Power,Electrician,2030-08-20,Standby diesel generator set,GENHP3073792,Facilities,"Filters, Starter Batteries",Cummins,
738,OPERATIONAL,Visitor-Kiosk-HP-30,ZKTeco SpeedFace-V5L Visitor Kiosk,North,,Reception - HP-30,KSK-HP30,Security,Security Officer,2030-09-09,Visitor registration and facial verification terminal,KSKHP3027796,Security Operations,"Touch Panel, Camera Module",ZKTeco,
739,OPERATIONAL,Loading-Bay-Camera-HP-30,Hikvision DS-2CD2686G2 Bullet Camera,North,,Loading Bay - HP-30,CCTV-HP30,Security,Security Officer,2027-06-23,High-resolution loading dock surveillance camera,CCTVHP3064507,Security Operations,"Mounting Bracket, PoE Injector",Hikvision,
740,DOWN,Microwave-Radio-HP-30,Ceragon IP-20C Microwave Radio,North,,Roof - HP-30,MWR-HP30,Network Equipment,Field Technician,2029-07-22,Roof-top point-to-point backhaul radio,MWRHP3089223,Cellular Maintenance,"ODU Cables, Mount Kits",Ceragon,
741,OPERATIONAL,Fiber-Patch-Panel-HP-30,Corning EDGE Fiber Patch Panel,North,,IDF Room 1 - HP-30,FPP-HP30,Cabling,Cabling Technician,2029-05-21,Structured fiber distribution panel,FPPHP3069558,Infrastructure,"LC Connectors, Adapter Packs",Corning,
742,OPERATIONAL,Edge-Switch-HP-30,Cisco Catalyst 9300 Edge Switch,North,,IDF Room 2 - HP-30,ESW-HP30,Network Equipment,Network Engineer,2029-11-09,Edge switch for floor distribution,ESWHP3060425,Network Operations,"Power Supplies, SFP Modules",Cisco,
743,OPERATIONAL,5G-Antenna-HP-30,Ericsson AIR 6488 Massive MIMO Antenna,North,,Telecom Mast - HP-30,ANT-HP30,Cellular Equipment,Field Technician,2028-12-28,5G radio antenna system,ANTHP3010973,Cellular Maintenance,"Mount Kits, RF Jumpers",Ericsson,
744,OPERATIONAL,Baseband-Unit-HP-30,Nokia AirScale Baseband Unit,North,,Base Station - HP-30,BBU-HP30,Cellular Equipment,Field Technician,2030-03-29,Baseband processing for radio access network,BBUHP3075762,Cellular Maintenance,"Power Supply, Sync Modules",Nokia,
745,OPERATIONAL,Radio-Unit-HP-30,Ericsson Radio 4422 Remote Radio Unit,North,Baseband-Unit-HP-30,Antenna Array - HP-30,RRU-HP30,Cellular Equipment,Field Technician,2028-07-05,Remote radio head for sector coverage,RRUHP3058099,Cellular Maintenance,"RF Cables, Surge Protectors",Ericsson,
746,STANDBY,Sensor-Gateway-HP-30,Advantech WISE-6610 IoT Gateway,North,,Storage Room - HP-30,IOT-HP30,IoT,Facilities Supervisor,2027-03-10,Environmental and utility sensor concentrator,IOTHP3084468,Facilities,"Antenna Kit, DIN Clips",Advantech,
747,OPERATIONAL,WiFi-Controller-HP-30,Cisco Catalyst 9800-L Wireless Controller,North,,Office Floor 1 - HP-30,WLC-HP30,Network Equipment,Network Engineer,2029-09-16,Centralized wireless controller,WLCHP3024832,Network Operations,"Power Supplies, SSDs",Cisco,
748,OPERATIONAL,Access-Point-HP-30,Aruba AP-515 Wireless Access Point,North,WiFi-Controller-HP-30,Office Floor 2 - HP-30,AP-HP30,Network Equipment,Network Engineer,2030-04-03,Wi-Fi 6 indoor wireless access point,APHP3020494,Network Operations,"Mounting Kit, PoE Injector",Aruba,
749,OPERATIONAL,AI-Analytics-Server-HP-30,NVIDIA DGX A100 AI Analytics Server,North,,Lab A - HP-30,AIS-HP30,Servers,AI Specialist,2027-10-18,Accelerated AI processing node,AISHP3078997,AI Operations,"GPUs, NVLink Cables",NVIDIA,
750,OPERATIONAL,Monitoring-Appliance-HP-30,Fluke OptiView XG Network Monitoring Appliance,North,Monitoring-System-HP-30,Workshop - HP-30,NMA-HP30,Network Equipment,Network Engineer,2028-07-26,Portable and fixed network diagnostics appliance,NMAHP3089963,Network Operations,"SFP Modules, SSDs",Fluke,
751,OPERATIONAL,Monitoring-System-CT-31,SolarWinds Hybrid Cloud Observability Appliance,South,,Infrastructure Site - CT-31,MON-CT31,Network Equipment,Network Engineer,2027-07-01,Central site monitoring appliance,MONCT3192662,Network Operations,"Power Supplies, SSDs",SolarWinds,
752,STANDBY,Core-Router-CT-31,Cisco ASR 9904 Core Router,South,,Network Operations Center (NOC) - CT-31,RTR-CT31,Network Equipment,Network Engineer,2030-09-21,Core network routing platform,RTRCT3120234,Network Operations,"Line Cards, Power Supplies",Cisco,
753,OPERATIONAL,Security-VMS-Server-CT-31,Milestone Husky IVO 350R Video Management Server,South,,Security Operations Center (SOC) - CT-31,VMS-CT31,Security,Security Officer,2030-11-01,Video management and recording server,VMSCT3185973,Security Operations,"RAID Drives, PSUs",Milestone,
754,OPERATIONAL,Virtualization-Host-CT-31,Dell PowerEdge R750 Virtualization Host,South,,Server Room A - CT-31,SRV-CT31,Servers,System Administrator,2028-10-01,Virtualization compute cluster node,SRVCT3155029,Server Operations,"RAM, NVMe Drives",Dell,
755,OPERATIONAL,Storage-Array-CT-31,NetApp AFF A250 Storage Array,South,,Server Room B - CT-31,SAN-CT31,Storage,Storage Administrator,2029-12-31,Shared storage array for critical workloads,SANCT3171455,Server Operations,"SSDs, Controllers",NetApp,
756,OPERATIONAL,Access-Switch-CT-31,Juniper EX4300 Access Switch,South,,Network Closet - CT-31,SW-CT31,Network Equipment,Network Engineer,2029-07-18,Access layer switch for wired users,SWCT3171503,Network Operations,"Transceivers, Fans",Juniper,
757,OPERATIONAL,Access-Control-Panel-CT-31,Paxton Net2 Plus Access Control Panel,South,,Access Control Room - CT-31,ACP-CT31,Security,Security Officer,2030-03-21,Door access control and credential management,ACPCT3165183,Security Operations,"Power Supply, Readers",Paxton,
758,STANDBY,NVR-CT-31,Hikvision DS-9632NI-M8 Network Video Recorder,South,,Video Surveillance Room - CT-31,NVR-CT31,Security,Security Officer,2028-12-23,Central CCTV recording system,NVRCT3148616,Security Operations,"Hard Drives, Fans",Hikvision,
759,OPERATIONAL,UPS-CT-31,APC Smart-UPS SRT 3000VA,South,,UPS Room - CT-31,UPS-CT31,Power,Electrician,2028-08-15,Online double-conversion UPS,UPSCT3188333,Facilities,"Batteries, Fan Kits",APC,
760,OPERATIONAL,ATS-Panel-CT-31,Schneider EasyPact Automatic Transfer Switch,South,,Electrical Room - CT-31,ATS-CT31,Power,Electrician,2028-09-14,Automatic mains/generator transfer switch,ATSCT3118050,Facilities,"Breakers, Contact Kits",Schneider Electric,
761,OPERATIONAL,CRAC-Unit-CT-31,Vertiv Liebert PDX Precision Cooling Unit,South,,HVAC Plant - CT-31,CRAC-CT31,Cooling,HVAC Technician,2030-07-12,Precision cooling for IT spaces,CRACCT3132161,Facilities,"Filters, Compressor Kits",Vertiv,
762,OPERATIONAL,Generator-CT-31,Cummins C275D5 Backup Generator,South,,Generator Yard - CT-31,GEN-CT31,Power,Electrician,2030-03-19,Standby diesel generator set,GENCT3191830,Facilities,"Filters, Starter Batteries",Cummins,
763,OPERATIONAL,Visitor-Kiosk-CT-31,ZKTeco SpeedFace-V5L Visitor Kiosk,South,,Reception - CT-31,KSK-CT31,Security,Security Officer,2027-02-25,Visitor registration and facial verification terminal,KSKCT3120814,Security Operations,"Touch Panel, Camera Module",ZKTeco,
764,OPERATIONAL,Loading-Bay-Camera-CT-31,Hikvision DS-2CD2686G2 Bullet Camera,South,,Loading Bay - CT-31,CCTV-CT31,Security,Security Officer,2027-09-17,High-resolution loading dock surveillance camera,CCTVCT3146418,Security Operations,"Mounting Bracket, PoE Injector",Hikvision,
765,OPERATIONAL,Microwave-Radio-CT-31,Ceragon IP-20C Microwave Radio,South,,Roof - CT-31,MWR-CT31,Network Equipment,Field Technician,2028-05-31,Roof-top point-to-point backhaul radio,MWRCT3146827,Cellular Maintenance,"ODU Cables, Mount Kits",Ceragon,
766,MAINTENANCE,Fiber-Patch-Panel-CT-31,Corning EDGE Fiber Patch Panel,South,,IDF Room 1 - CT-31,FPP-CT31,Cabling,Cabling Technician,2028-07-17,Structured fiber distribution panel,FPPCT3111861,Infrastructure,"LC Connectors, Adapter Packs",Corning,
767,OPERATIONAL,Edge-Switch-CT-31,Cisco Catalyst 9300 Edge Switch,South,,IDF Room 2 - CT-31,ESW-CT31,Network Equipment,Network Engineer,2030-05-21,Edge switch for floor distribution,ESWCT3129809,Network Operations,"Power Supplies, SFP Modules",Cisco,
768,OPERATIONAL,5G-Antenna-CT-31,Ericsson AIR 6488 Massive MIMO Antenna,South,,Telecom Mast - CT-31,ANT-CT31,Cellular Equipment,Field Technician,2030-09-11,5G radio antenna system,ANTCT3144242,Cellular Maintenance,"Mount Kits, RF Jumpers",Ericsson,
769,OPERATIONAL,Baseband-Unit-CT-31,Nokia AirScale Baseband Unit,South,,Base Station - CT-31,BBU-CT31,Cellular Equipment,Field Technician,2030-12-06,Baseband processing for radio access network,BBUCT3179125,Cellular Maintenance,"Power Supply, Sync Modules",Nokia,
770,OPERATIONAL,Radio-Unit-CT-31,Ericsson Radio 4422 Remote Radio Unit,South,Baseband-Unit-CT-31,Antenna Array - CT-31,RRU-CT31,Cellular Equipment,Field Technician,2027-03-09,Remote radio head for sector coverage,RRUCT3129014,Cellular Maintenance,"RF Cables, Surge Protectors",Ericsson,
771,COMMISSIONING,Sensor-Gateway-CT-31,Advantech WISE-6610 IoT Gateway,South,,Storage Room - CT-31,IOT-CT31,IoT,Facilities Supervisor,2030-05-04,Environmental and utility sensor concentrator,IOTCT3130204,Facilities,"Antenna Kit, DIN Clips",Advantech,
772,OPERATIONAL,WiFi-Controller-CT-31,Cisco Catalyst 9800-L Wireless Controller,South,,Office Floor 1 - CT-31,WLC-CT31,Network Equipment,Network Engineer,2029-04-25,Centralized wireless controller,WLCCT3141188,Network Operations,"Power Supplies, SSDs",Cisco,
773,OPERATIONAL,Access-Point-CT-31,Aruba AP-515 Wireless Access Point,South,WiFi-Controller-CT-31,Office Floor 2 - CT-31,AP-CT31,Network Equipment,Network Engineer,2030-09-15,Wi-Fi 6 indoor wireless access point,APCT3193568,Network Operations,"Mounting Kit, PoE Injector",Aruba,
774,OPERATIONAL,AI-Analytics-Server-CT-31,NVIDIA DGX A100 AI Analytics Server,South,,Lab A - CT-31,AIS-CT31,Servers,AI Specialist,2027-12-09,Accelerated AI processing node,AISCT3155229,AI Operations,"GPUs, NVLink Cables",NVIDIA,
775,OPERATIONAL,Monitoring-Appliance-CT-31,Fluke OptiView XG Network Monitoring Appliance,South,,Workshop - CT-31,NMA-CT31,Network Equipment,Network Engineer,2027-04-22,Portable and fixed network diagnostics appliance,NMACT3125203,Network Operations,"SFP Modules, SSDs",Fluke,
776,OPERATIONAL,Monitoring-System-BD-32,SolarWinds Hybrid Cloud Observability Appliance,South,,Infrastructure Site - BD-32,MON-BD32,Network Equipment,Network Engineer,2027-04-18,Central site monitoring appliance,MONBD3262264,Network Operations,"Power Supplies, SSDs",SolarWinds,
777,OPERATIONAL,Core-Router-BD-32,Cisco ASR 9904 Core Router,South,,Network Operations Center (NOC) - BD-32,RTR-BD32,Network Equipment,Network Engineer,2029-09-02,Core network routing platform,RTRBD3279798,Network Operations,"Line Cards, Power Supplies",Cisco,
778,OPERATIONAL,Security-VMS-Server-BD-32,Milestone Husky IVO 350R Video Management Server,South,,Security Operations Center (SOC) - BD-32,VMS-BD32,Security,Security Officer,2028-04-23,Video management and recording server,VMSBD3261127,Security Operations,"RAID Drives, PSUs",Milestone,
779,OPERATIONAL,Virtualization-Host-BD-32,Dell PowerEdge R750 Virtualization Host,South,,Server Room A - BD-32,SRV-BD32,Servers,System Administrator,2029-08-29,Virtualization compute cluster node,SRVBD3279526,Server Operations,"RAM, NVMe Drives",Dell,
780,OPERATIONAL,Storage-Array-BD-32,NetApp AFF A250 Storage Array,South,,Server Room B - BD-32,SAN-BD32,Storage,Storage Administrator,2029-06-09,Shared storage array for critical workloads,SANBD3268827,Server Operations,"SSDs, Controllers",NetApp,
781,OPERATIONAL,Access-Switch-BD-32,Juniper EX4300 Access Switch,South,,Network Closet - BD-32,SW-BD32,Network Equipment,Network Engineer,2029-02-21,Access layer switch for wired users,SWBD3279501,Network Operations,"Transceivers, Fans",Juniper,
782,COMMISSIONING,Access-Control-Panel-BD-32,Paxton Net2 Plus Access Control Panel,South,,Access Control Room - BD-32,ACP-BD32,Security,Security Officer,2030-10-30,Door access control and credential management,ACPBD3222761,Security Operations,"Power Supply, Readers",Paxton,
783,OPERATIONAL,NVR-BD-32,Hikvision DS-9632NI-M8 Network Video Recorder,South,,Video Surveillance Room - BD-32,NVR-BD32,Security,Security Officer,2030-07-29,Central CCTV recording system,NVRBD3266595,Security Operations,"Hard Drives, Fans",Hikvision,
784,DOWN,UPS-BD-32,APC Smart-UPS SRT 3000VA,South,,UPS Room - BD-32,UPS-BD32,Power,Electrician,2030-06-04,Online double-conversion UPS,UPSBD3253904,Facilities,"Batteries, Fan Kits",APC,
785,OPERATIONAL,ATS-Panel-BD-32,Schneider EasyPact Automatic Transfer Switch,South,,Electrical Room - BD-32,ATS-BD32,Power,Electrician,2028-07-07,Automatic mains/generator transfer switch,ATSBD3295766,Facilities,"Breakers, Contact Kits",Schneider Electric,
786,OPERATIONAL,CRAC-Unit-BD-32,Vertiv Liebert PDX Precision Cooling Unit,South,,HVAC Plant - BD-32,CRAC-BD32,Cooling,HVAC Technician,2030-04-11,Precision cooling for IT spaces,CRACBD3298511,Facilities,"Filters, Compressor Kits",Vertiv,
787,OPERATIONAL,Generator-BD-32,Cummins C275D5 Backup Generator,South,,Generator Yard - BD-32,GEN-BD32,Power,Electrician,2028-05-10,Standby diesel generator set,GENBD3235549,Facilities,"Filters, Starter Batteries",Cummins,
788,OPERATIONAL,Visitor-Kiosk-BD-32,ZKTeco SpeedFace-V5L Visitor Kiosk,South,,Reception - BD-32,KSK-BD32,Security,Security Officer,2029-11-30,Visitor registration and facial verification terminal,KSKBD3233582,Security Operations,"Touch Panel, Camera Module",ZKTeco,
789,OPERATIONAL,Loading-Bay-Camera-BD-32,Hikvision DS-2CD2686G2 Bullet Camera,South,,Loading Bay - BD-32,CCTV-BD32,Security,Security Officer,2028-10-03,High-resolution loading dock surveillance camera,CCTVBD3298185,Security Operations,"Mounting Bracket, PoE Injector",Hikvision,
790,MAINTENANCE,Microwave-Radio-BD-32,Ceragon IP-20C Microwave Radio,South,,Roof - BD-32,MWR-BD32,Network Equipment,Field Technician,2027-01-18,Roof-top point-to-point backhaul radio,MWRBD3211567,Cellular Maintenance,"ODU Cables, Mount Kits",Ceragon,SaiGon MEP Solutions
791,OPERATIONAL,Fiber-Patch-Panel-BD-32,Corning EDGE Fiber Patch Panel,South,,IDF Room 1 - BD-32,FPP-BD32,Cabling,Cabling Technician,2030-11-04,Structured fiber distribution panel,FPPBD3238759,Infrastructure,"LC Connectors, Adapter Packs",Corning,
792,OPERATIONAL,Edge-Switch-BD-32,Cisco Catalyst 9300 Edge Switch,South,Core-Router-BD-32,IDF Room 2 - BD-32,ESW-BD32,Network Equipment,Network Engineer,2028-08-03,Edge switch for floor distribution,ESWBD3291185,Network Operations,"Power Supplies, SFP Modules",Cisco,
793,OPERATIONAL,5G-Antenna-BD-32,Ericsson AIR 6488 Massive MIMO Antenna,South,,Telecom Mast - BD-32,ANT-BD32,Cellular Equipment,Field Technician,2027-07-08,5G radio antenna system,ANTBD3238419,Cellular Maintenance,"Mount Kits, RF Jumpers",Ericsson,
794,OPERATIONAL,Baseband-Unit-BD-32,Nokia AirScale Baseband Unit,South,,Base Station - BD-32,BBU-BD32,Cellular Equipment,Field Technician,2030-05-12,Baseband processing for radio access network,BBUBD3225725,Cellular Maintenance,"Power Supply, Sync Modules",Nokia,
795,MAINTENANCE,Radio-Unit-BD-32,Ericsson Radio 4422 Remote Radio Unit,South,Baseband-Unit-BD-32,Antenna Array - BD-32,RRU-BD32,Cellular Equipment,Field Technician,2027-06-26,Remote radio head for sector coverage,RRUBD3296034,Cellular Maintenance,"RF Cables, Surge Protectors",Ericsson,
796,OPERATIONAL,Sensor-Gateway-BD-32,Advantech WISE-6610 IoT Gateway,South,,Storage Room - BD-32,IOT-BD32,IoT,Facilities Supervisor,2030-08-19,Environmental and utility sensor concentrator,IOTBD3234217,Facilities,"Antenna Kit, DIN Clips",Advantech,
797,OPERATIONAL,WiFi-Controller-BD-32,Cisco Catalyst 9800-L Wireless Controller,South,,Office Floor 1 - BD-32,WLC-BD32,Network Equipment,Network Engineer,2027-08-16,Centralized wireless controller,WLCBD3243205,Network Operations,"Power Supplies, SSDs",Cisco,
798,OPERATIONAL,Access-Point-BD-32,Aruba AP-515 Wireless Access Point,South,WiFi-Controller-BD-32,Office Floor 2 - BD-32,AP-BD32,Network Equipment,Network Engineer,2028-08-26,Wi-Fi 6 indoor wireless access point,APBD3219924,Network Operations,"Mounting Kit, PoE Injector",Aruba,
799,OPERATIONAL,AI-Analytics-Server-BD-32,NVIDIA DGX A100 AI Analytics Server,South,,Lab A - BD-32,AIS-BD32,Servers,AI Specialist,2030-08-01,Accelerated AI processing node,AISBD3246226,AI Operations,"GPUs, NVLink Cables",NVIDIA,
800,OPERATIONAL,Monitoring-Appliance-BD-32,Fluke OptiView XG Network Monitoring Appliance,South,,Workshop - BD-32,NMA-BD32,Network Equipment,Network Engineer,2029-05-24,Portable and fixed network diagnostics appliance,NMABD3252389,Network Operations,"SFP Modules, SSDs",Fluke,
801,OPERATIONAL,Monitoring-System-HN-33,SolarWinds Hybrid Cloud Observability Appliance,North,,Infrastructure Site - HN-33,MON-HN33,Network Equipment,Network Engineer,2028-06-11,Central site monitoring appliance,MONHN3319698,Network Operations,"Power Supplies, SSDs",SolarWinds,
802,OPERATIONAL,Core-Router-HN-33,Cisco ASR 9904 Core Router,North,,Network Operations Center (NOC) - HN-33,RTR-HN33,Network Equipment,Network Engineer,2028-07-21,Core network routing platform,RTRHN3360174,Network Operations,"Line Cards, Power Supplies",Cisco,
803,OPERATIONAL,Security-VMS-Server-HN-33,Milestone Husky IVO 350R Video Management Server,North,,Security Operations Center (SOC) - HN-33,VMS-HN33,Security,Security Officer,2029-03-06,Video management and recording server,VMSHN3317872,Security Operations,"RAID Drives, PSUs",Milestone,
804,COMMISSIONING,Virtualization-Host-HN-33,Dell PowerEdge R750 Virtualization Host,North,,Server Room A - HN-33,SRV-HN33,Servers,System Administrator,2028-06-12,Virtualization compute cluster node,SRVHN3344690,Server Operations,"RAM, NVMe Drives",Dell,SaiGon MEP Solutions
805,STANDBY,Storage-Array-HN-33,NetApp AFF A250 Storage Array,North,,Server Room B - HN-33,SAN-HN33,Storage,Storage Administrator,2029-10-04,Shared storage array for critical workloads,SANHN3336302,Server Operations,"SSDs, Controllers",NetApp,
806,OPERATIONAL,Access-Switch-HN-33,Juniper EX4300 Access Switch,North,,Network Closet - HN-33,SW-HN33,Network Equipment,Network Engineer,2030-06-03,Access layer switch for wired users,SWHN3394604,Network Operations,"Transceivers, Fans",Juniper,
807,OPERATIONAL,Access-Control-Panel-HN-33,Paxton Net2 Plus Access Control Panel,North,,Access Control Room - HN-33,ACP-HN33,Security,Security Officer,2029-10-04,Door access control and credential management,ACPHN3380861,Security Operations,"Power Supply, Readers",Paxton,
808,OPERATIONAL,NVR-HN-33,Hikvision DS-9632NI-M8 Network Video Recorder,North,,Video Surveillance Room - HN-33,NVR-HN33,Security,Security Officer,2029-06-02,Central CCTV recording system,NVRHN3394323,Security Operations,"Hard Drives, Fans",Hikvision,
809,DOWN,UPS-HN-33,APC Smart-UPS SRT 3000VA,North,,UPS Room - HN-33,UPS-HN33,Power,Electrician,2027-08-06,Online double-conversion UPS,UPSHN3323538,Facilities,"Batteries, Fan Kits",APC,
810,OPERATIONAL,ATS-Panel-HN-33,Schneider EasyPact Automatic Transfer Switch,North,,Electrical Room - HN-33,ATS-HN33,Power,Electrician,2027-03-13,Automatic mains/generator transfer switch,ATSHN3342846,Facilities,"Breakers, Contact Kits",Schneider Electric,
811,OPERATIONAL,CRAC-Unit-HN-33,Vertiv Liebert PDX Precision Cooling Unit,North,,HVAC Plant - HN-33,CRAC-HN33,Cooling,HVAC Technician,2029-07-02,Precision cooling for IT spaces,CRACHN3375234,Facilities,"Filters, Compressor Kits",Vertiv,
812,OPERATIONAL,Generator-HN-33,Cummins C275D5 Backup Generator,North,,Generator Yard - HN-33,GEN-HN33,Power,Electrician,2027-11-01,Standby diesel generator set,GENHN3314959,Facilities,"Filters, Starter Batteries",Cummins,
813,OPERATIONAL,Visitor-Kiosk-HN-33,ZKTeco SpeedFace-V5L Visitor Kiosk,North,,Reception - HN-33,KSK-HN33,Security,Security Officer,2030-09-23,Visitor registration and facial verification terminal,KSKHN3329871,Security Operations,"Touch Panel, Camera Module",ZKTeco,
814,OPERATIONAL,Loading-Bay-Camera-HN-33,Hikvision DS-2CD2686G2 Bullet Camera,North,,Loading Bay - HN-33,CCTV-HN33,Security,Security Officer,2030-12-04,High-resolution loading dock surveillance camera,CCTVHN3361292,Security Operations,"Mounting Bracket, PoE Injector",Hikvision,
815,OPERATIONAL,Microwave-Radio-HN-33,Ceragon IP-20C Microwave Radio,North,,Roof - HN-33,MWR-HN33,Network Equipment,Field Technician,2030-03-22,Roof-top point-to-point backhaul radio,MWRHN3374314,Cellular Maintenance,"ODU Cables, Mount Kits",Ceragon,
816,OPERATIONAL,Fiber-Patch-Panel-HN-33,Corning EDGE Fiber Patch Panel,North,,IDF Room 1 - HN-33,FPP-HN33,Cabling,Cabling Technician,2029-09-06,Structured fiber distribution panel,FPPHN3319188,Infrastructure,"LC Connectors, Adapter Packs",Corning,
817,OPERATIONAL,Edge-Switch-HN-33,Cisco Catalyst 9300 Edge Switch,North,Core-Router-HN-33,IDF Room 2 - HN-33,ESW-HN33,Network Equipment,Network Engineer,2030-01-11,Edge switch for floor distribution,ESWHN3373185,Network Operations,"Power Supplies, SFP Modules",Cisco,
818,OPERATIONAL,5G-Antenna-HN-33,Ericsson AIR 6488 Massive MIMO Antenna,North,,Telecom Mast - HN-33,ANT-HN33,Cellular Equipment,Field Technician,2027-09-06,5G radio antenna system,ANTHN3357044,Cellular Maintenance,"Mount Kits, RF Jumpers",Ericsson,
819,OPERATIONAL,Baseband-Unit-HN-33,Nokia AirScale Baseband Unit,North,,Base Station - HN-33,BBU-HN33,Cellular Equipment,Field Technician,2028-11-13,Baseband processing for radio access network,BBUHN3392873,Cellular Maintenance,"Power Supply, Sync Modules",Nokia,
820,OPERATIONAL,Radio-Unit-HN-33,Ericsson Radio 4422 Remote Radio Unit,North,Baseband-Unit-HN-33,Antenna Array - HN-33,RRU-HN33,Cellular Equipment,Field Technician,2030-08-18,Remote radio head for sector coverage,RRUHN3354572,Cellular Maintenance,"RF Cables, Surge Protectors",Ericsson,
821,MAINTENANCE,Sensor-Gateway-HN-33,Advantech WISE-6610 IoT Gateway,North,,Storage Room - HN-33,IOT-HN33,IoT,Facilities Supervisor,2027-06-14,Environmental and utility sensor concentrator,IOTHN3348005,Facilities,"Antenna Kit, DIN Clips",Advantech,
822,OPERATIONAL,WiFi-Controller-HN-33,Cisco Catalyst 9800-L Wireless Controller,North,,Office Floor 1 - HN-33,WLC-HN33,Network Equipment,Network Engineer,2027-12-28,Centralized wireless controller,WLCHN3360353,Network Operations,"Power Supplies, SSDs",Cisco,
823,OPERATIONAL,Access-Point-HN-33,Aruba AP-515 Wireless Access Point,North,WiFi-Controller-HN-33,Office Floor 2 - HN-33,AP-HN33,Network Equipment,Network Engineer,2030-09-15,Wi-Fi 6 indoor wireless access point,APHN3361131,Network Operations,"Mounting Kit, PoE Injector",Aruba,
824,OPERATIONAL,AI-Analytics-Server-HN-33,NVIDIA DGX A100 AI Analytics Server,North,,Lab A - HN-33,AIS-HN33,Servers,AI Specialist,2027-08-07,Accelerated AI processing node,AISHN3357089,AI Operations,"GPUs, NVLink Cables",NVIDIA,
825,OPERATIONAL,Monitoring-Appliance-HN-33,Fluke OptiView XG Network Monitoring Appliance,North,,Workshop - HN-33,NMA-HN33,Network Equipment,Network Engineer,2029-09-23,Portable and fixed network diagnostics appliance,NMAHN3334833,Network Operations,"SFP Modules, SSDs",Fluke,
826,OPERATIONAL,Monitoring-System-HN-34,SolarWinds Hybrid Cloud Observability Appliance,North,,Infrastructure Site - HN-34,MON-HN34,Network Equipment,Network Engineer,2027-10-14,Central site monitoring appliance,MONHN3413324,Network Operations,"Power Supplies, SSDs",SolarWinds,
827,OPERATIONAL,Core-Router-HN-34,Cisco ASR 9904 Core Router,North,,Network Operations Center (NOC) - HN-34,RTR-HN34,Network Equipment,Network Engineer,2030-04-29,Core network routing platform,RTRHN3460956,Network Operations,"Line Cards, Power Supplies",Cisco,
828,MAINTENANCE,Security-VMS-Server-HN-34,Milestone Husky IVO 350R Video Management Server,North,,Security Operations Center (SOC) - HN-34,VMS-HN34,Security,Security Officer,2027-05-10,Video management and recording server,VMSHN3494332,Security Operations,"RAID Drives, PSUs",Milestone,Danang Engineering Works
829,OPERATIONAL,Virtualization-Host-HN-34,Dell PowerEdge R750 Virtualization Host,North,,Server Room A - HN-34,SRV-HN34,Servers,System Administrator,2027-02-03,Virtualization compute cluster node,SRVHN3417347,Server Operations,"RAM, NVMe Drives",Dell,
830,MAINTENANCE,Storage-Array-HN-34,NetApp AFF A250 Storage Array,North,,Server Room B - HN-34,SAN-HN34,Storage,Storage Administrator,2028-11-22,Shared storage array for critical workloads,SANHN3415611,Server Operations,"SSDs, Controllers",NetApp,Alpha Secure Systems
831,OPERATIONAL,Access-Switch-HN-34,Juniper EX4300 Access Switch,North,,Network Closet - HN-34,SW-HN34,Network Equipment,Network Engineer,2030-09-01,Access layer switch for wired users,SWHN3470079,Network Operations,"Transceivers, Fans",Juniper,
832,DOWN,Access-Control-Panel-HN-34,Paxton Net2 Plus Access Control Panel,North,,Access Control Room - HN-34,ACP-HN34,Security,Security Officer,2030-10-20,Door access control and credential management,ACPHN3480328,Security Operations,"Power Supply, Readers",Paxton,
833,OPERATIONAL,NVR-HN-34,Hikvision DS-9632NI-M8 Network Video Recorder,North,,Video Surveillance Room - HN-34,NVR-HN34,Security,Security Officer,2027-11-02,Central CCTV recording system,NVRHN3440537,Security Operations,"Hard Drives, Fans",Hikvision,
834,OPERATIONAL,UPS-HN-34,APC Smart-UPS SRT 3000VA,North,,UPS Room - HN-34,UPS-HN34,Power,Electrician,2027-05-28,Online double-conversion UPS,UPSHN3495699,Facilities,"Batteries, Fan Kits",APC,
835,OPERATIONAL,ATS-Panel-HN-34,Schneider EasyPact Automatic Transfer Switch,North,,Electrical Room - HN-34,ATS-HN34,Power,Electrician,2027-02-09,Automatic mains/generator transfer switch,ATSHN3416003,Facilities,"Breakers, Contact Kits",Schneider Electric,
836,OPERATIONAL,CRAC-Unit-HN-34,Vertiv Liebert PDX Precision Cooling Unit,North,,HVAC Plant - HN-34,CRAC-HN34,Cooling,HVAC Technician,2028-05-12,Precision cooling for IT spaces,CRACHN3427109,Facilities,"Filters, Compressor Kits",Vertiv,
837,OPERATIONAL,Generator-HN-34,Cummins C275D5 Backup Generator,North,,Generator Yard - HN-34,GEN-HN34,Power,Electrician,2027-01-30,Standby diesel generator set,GENHN3450283,Facilities,"Filters, Starter Batteries",Cummins,
838,OPERATIONAL,Visitor-Kiosk-HN-34,ZKTeco SpeedFace-V5L Visitor Kiosk,North,,Reception - HN-34,KSK-HN34,Security,Security Officer,2027-07-19,Visitor registration and facial verification terminal,KSKHN3432372,Security Operations,"Touch Panel, Camera Module",ZKTeco,
839,OPERATIONAL,Loading-Bay-Camera-HN-34,Hikvision DS-2CD2686G2 Bullet Camera,North,,Loading Bay - HN-34,CCTV-HN34,Security,Security Officer,2030-04-25,High-resolution loading dock surveillance camera,CCTVHN3423937,Security Operations,"Mounting Bracket, PoE Injector",Hikvision,
840,OPERATIONAL,Microwave-Radio-HN-34,Ceragon IP-20C Microwave Radio,North,,Roof - HN-34,MWR-HN34,Network Equipment,Field Technician,2027-08-22,Roof-top point-to-point backhaul radio,MWRHN3490691,Cellular Maintenance,"ODU Cables, Mount Kits",Ceragon,
841,OPERATIONAL,Fiber-Patch-Panel-HN-34,Corning EDGE Fiber Patch Panel,North,,IDF Room 1 - HN-34,FPP-HN34,Cabling,Cabling Technician,2028-03-27,Structured fiber distribution panel,FPPHN3436560,Infrastructure,"LC Connectors, Adapter Packs",Corning,
842,OPERATIONAL,Edge-Switch-HN-34,Cisco Catalyst 9300 Edge Switch,North,,IDF Room 2 - HN-34,ESW-HN34,Network Equipment,Network Engineer,2029-05-22,Edge switch for floor distribution,ESWHN3498918,Network Operations,"Power Supplies, SFP Modules",Cisco,
843,OPERATIONAL,5G-Antenna-HN-34,Ericsson AIR 6488 Massive MIMO Antenna,North,,Telecom Mast - HN-34,ANT-HN34,Cellular Equipment,Field Technician,2029-04-03,5G radio antenna system,ANTHN3485493,Cellular Maintenance,"Mount Kits, RF Jumpers",Ericsson,
844,OPERATIONAL,Baseband-Unit-HN-34,Nokia AirScale Baseband Unit,North,,Base Station - HN-34,BBU-HN34,Cellular Equipment,Field Technician,2030-01-22,Baseband processing for radio access network,BBUHN3437948,Cellular Maintenance,"Power Supply, Sync Modules",Nokia,
845,OPERATIONAL,Radio-Unit-HN-34,Ericsson Radio 4422 Remote Radio Unit,North,Baseband-Unit-HN-34,Antenna Array - HN-34,RRU-HN34,Cellular Equipment,Field Technician,2027-04-04,Remote radio head for sector coverage,RRUHN3425826,Cellular Maintenance,"RF Cables, Surge Protectors",Ericsson,
846,OPERATIONAL,Sensor-Gateway-HN-34,Advantech WISE-6610 IoT Gateway,North,,Storage Room - HN-34,IOT-HN34,IoT,Facilities Supervisor,2028-07-14,Environmental and utility sensor concentrator,IOTHN3464415,Facilities,"Antenna Kit, DIN Clips",Advantech,
847,OPERATIONAL,WiFi-Controller-HN-34,Cisco Catalyst 9800-L Wireless Controller,North,,Office Floor 1 - HN-34,WLC-HN34,Network Equipment,Network Engineer,2027-12-11,Centralized wireless controller,WLCHN3482536,Network Operations,"Power Supplies, SSDs",Cisco,
848,OPERATIONAL,Access-Point-HN-34,Aruba AP-515 Wireless Access Point,North,WiFi-Controller-HN-34,Office Floor 2 - HN-34,AP-HN34,Network Equipment,Network Engineer,2027-12-04,Wi-Fi 6 indoor wireless access point,APHN3486282,Network Operations,"Mounting Kit, PoE Injector",Aruba,
849,OPERATIONAL,AI-Analytics-Server-HN-34,NVIDIA DGX A100 AI Analytics Server,North,,Lab A - HN-34,AIS-HN34,Servers,AI Specialist,2027-03-25,Accelerated AI processing node,AISHN3492863,AI Operations,"GPUs, NVLink Cables",NVIDIA,
850,OPERATIONAL,Monitoring-Appliance-HN-34,Fluke OptiView XG Network Monitoring Appliance,North,Monitoring-System-HN-34,Workshop - HN-34,NMA-HN34,Network Equipment,Network Engineer,2030-06-08,Portable and fixed network diagnostics appliance,NMAHN3473827,Network Operations,"SFP Modules, SSDs",Fluke,
851,OPERATIONAL,Monitoring-System-HCM-35,SolarWinds Hybrid Cloud Observability Appliance,South,,Infrastructure Site - HCM-35,MON-HCM35,Network Equipment,Network Engineer,2027-06-15,Central site monitoring appliance,MONHCM3533516,Network Operations,"Power Supplies, SSDs",SolarWinds,
852,OPERATIONAL,Core-Router-HCM-35,Cisco ASR 9904 Core Router,South,,Network Operations Center (NOC) - HCM-35,RTR-HCM35,Network Equipment,Network Engineer,2027-07-02,Core network routing platform,RTRHCM3587821,Network Operations,"Line Cards, Power Supplies",Cisco,
853,OPERATIONAL,Security-VMS-Server-HCM-35,Milestone Husky IVO 350R Video Management Server,South,,Security Operations Center (SOC) - HCM-35,VMS-HCM35,Security,Security Officer,2028-08-04,Video management and recording server,VMSHCM3572391,Security Operations,"RAID Drives, PSUs",Milestone,
854,OPERATIONAL,Virtualization-Host-HCM-35,Dell PowerEdge R750 Virtualization Host,South,,Server Room A - HCM-35,SRV-HCM35,Servers,System Administrator,2030-11-18,Virtualization compute cluster node,SRVHCM3528754,Server Operations,"RAM, NVMe Drives",Dell,
855,OPERATIONAL,Storage-Array-HCM-35,NetApp AFF A250 Storage Array,South,,Server Room B - HCM-35,SAN-HCM35,Storage,Storage Administrator,2030-08-03,Shared storage array for critical workloads,SANHCM3569037,Server Operations,"SSDs, Controllers",NetApp,
856,OPERATIONAL,Access-Switch-HCM-35,Juniper EX4300 Access Switch,South,,Network Closet - HCM-35,SW-HCM35,Network Equipment,Network Engineer,2029-04-23,Access layer switch for wired users,SWHCM3532878,Network Operations,"Transceivers, Fans",Juniper,
857,OPERATIONAL,Access-Control-Panel-HCM-35,Paxton Net2 Plus Access Control Panel,South,,Access Control Room - HCM-35,ACP-HCM35,Security,Security Officer,2030-06-04,Door access control and credential management,ACPHCM3588154,Security Operations,"Power Supply, Readers",Paxton,
858,OPERATIONAL,NVR-HCM-35,Hikvision DS-9632NI-M8 Network Video Recorder,South,,Video Surveillance Room - HCM-35,NVR-HCM35,Security,Security Officer,2028-01-04,Central CCTV recording system,NVRHCM3590222,Security Operations,"Hard Drives, Fans",Hikvision,
859,OPERATIONAL,UPS-HCM-35,APC Smart-UPS SRT 3000VA,South,,UPS Room - HCM-35,UPS-HCM35,Power,Electrician,2027-06-30,Online double-conversion UPS,UPSHCM3555593,Facilities,"Batteries, Fan Kits",APC,
860,OPERATIONAL,ATS-Panel-HCM-35,Schneider EasyPact Automatic Transfer Switch,South,,Electrical Room - HCM-35,ATS-HCM35,Power,Electrician,2029-05-07,Automatic mains/generator transfer switch,ATSHCM3525401,Facilities,"Breakers, Contact Kits",Schneider Electric,
861,STANDBY,CRAC-Unit-HCM-35,Vertiv Liebert PDX Precision Cooling Unit,South,,HVAC Plant - HCM-35,CRAC-HCM35,Cooling,HVAC Technician,2029-12-21,Precision cooling for IT spaces,CRACHCM3591123,Facilities,"Filters, Compressor Kits",Vertiv,
862,DOWN,Generator-HCM-35,Cummins C275D5 Backup Generator,South,,Generator Yard - HCM-35,GEN-HCM35,Power,Electrician,2029-01-11,Standby diesel generator set,GENHCM3576524,Facilities,"Filters, Starter Batteries",Cummins,
863,OPERATIONAL,Visitor-Kiosk-HCM-35,ZKTeco SpeedFace-V5L Visitor Kiosk,South,,Reception - HCM-35,KSK-HCM35,Security,Security Officer,2028-03-25,Visitor registration and facial verification terminal,KSKHCM3592111,Security Operations,"Touch Panel, Camera Module",ZKTeco,
864,OPERATIONAL,Loading-Bay-Camera-HCM-35,Hikvision DS-2CD2686G2 Bullet Camera,South,,Loading Bay - HCM-35,CCTV-HCM35,Security,Security Officer,2030-09-12,High-resolution loading dock surveillance camera,CCTVHCM3516955,Security Operations,"Mounting Bracket, PoE Injector",Hikvision,
865,OPERATIONAL,Microwave-Radio-HCM-35,Ceragon IP-20C Microwave Radio,South,,Roof - HCM-35,MWR-HCM35,Network Equipment,Field Technician,2028-02-01,Roof-top point-to-point backhaul radio,MWRHCM3529558,Cellular Maintenance,"ODU Cables, Mount Kits",Ceragon,
866,MAINTENANCE,Fiber-Patch-Panel-HCM-35,Corning EDGE Fiber Patch Panel,South,,IDF Room 1 - HCM-35,FPP-HCM35,Cabling,Cabling Technician,2030-11-04,Structured fiber distribution panel,FPPHCM3572182,Infrastructure,"LC Connectors, Adapter Packs",Corning,
867,OPERATIONAL,Edge-Switch-HCM-35,Cisco Catalyst 9300 Edge Switch,South,Core-Router-HCM-35,IDF Room 2 - HCM-35,ESW-HCM35,Network Equipment,Network Engineer,2027-11-24,Edge switch for floor distribution,ESWHCM3594523,Network Operations,"Power Supplies, SFP Modules",Cisco,
868,OPERATIONAL,5G-Antenna-HCM-35,Ericsson AIR 6488 Massive MIMO Antenna,South,,Telecom Mast - HCM-35,ANT-HCM35,Cellular Equipment,Field Technician,2029-01-15,5G radio antenna system,ANTHCM3553816,Cellular Maintenance,"Mount Kits, RF Jumpers",Ericsson,
869,MAINTENANCE,Baseband-Unit-HCM-35,Nokia AirScale Baseband Unit,South,,Base Station - HCM-35,BBU-HCM35,Cellular Equipment,Field Technician,2030-06-17,Baseband processing for radio access network,BBUHCM3515677,Cellular Maintenance,"Power Supply, Sync Modules",Nokia,VN Facilities Services
870,OPERATIONAL,Radio-Unit-HCM-35,Ericsson Radio 4422 Remote Radio Unit,South,Baseband-Unit-HCM-35,Antenna Array - HCM-35,RRU-HCM35,Cellular Equipment,Field Technician,2030-01-05,Remote radio head for sector coverage,RRUHCM3573577,Cellular Maintenance,"RF Cables, Surge Protectors",Ericsson,
871,OPERATIONAL,Sensor-Gateway-HCM-35,Advantech WISE-6610 IoT Gateway,South,,Storage Room - HCM-35,IOT-HCM35,IoT,Facilities Supervisor,2029-11-20,Environmental and utility sensor concentrator,IOTHCM3540841,Facilities,"Antenna Kit, DIN Clips",Advantech,
872,OPERATIONAL,WiFi-Controller-HCM-35,Cisco Catalyst 9800-L Wireless Controller,South,,Office Floor 1 - HCM-35,WLC-HCM35,Network Equipment,Network Engineer,2029-06-29,Centralized wireless controller,WLCHCM3552725,Network Operations,"Power Supplies, SSDs",Cisco,
873,OPERATIONAL,Access-Point-HCM-35,Aruba AP-515 Wireless Access Point,South,WiFi-Controller-HCM-35,Office Floor 2 - HCM-35,AP-HCM35,Network Equipment,Network Engineer,2029-05-08,Wi-Fi 6 indoor wireless access point,APHCM3598716,Network Operations,"Mounting Kit, PoE Injector",Aruba,
874,OPERATIONAL,AI-Analytics-Server-HCM-35,NVIDIA DGX A100 AI Analytics Server,South,,Lab A - HCM-35,AIS-HCM35,Servers,AI Specialist,2028-10-29,Accelerated AI processing node,AISHCM3524435,AI Operations,"GPUs, NVLink Cables",NVIDIA,
875,OPERATIONAL,Monitoring-Appliance-HCM-35,Fluke OptiView XG Network Monitoring Appliance,South,Monitoring-System-HCM-35,Workshop - HCM-35,NMA-HCM35,Network Equipment,Network Engineer,2028-10-29,Portable and fixed network diagnostics appliance,NMAHCM3564079,Network Operations,"SFP Modules, SSDs",Fluke,
876,OPERATIONAL,Monitoring-System-HCM-36,SolarWinds Hybrid Cloud Observability Appliance,South,,Infrastructure Site - HCM-36,MON-HCM36,Network Equipment,Network Engineer,2028-02-14,Central site monitoring appliance,MONHCM3638922,Network Operations,"Power Supplies, SSDs",SolarWinds,
877,OPERATIONAL,Core-Router-HCM-36,Cisco ASR 9904 Core Router,South,,Network Operations Center (NOC) - HCM-36,RTR-HCM36,Network Equipment,Network Engineer,2027-05-31,Core network routing platform,RTRHCM3673492,Network Operations,"Line Cards, Power Supplies",Cisco,
878,DOWN,Security-VMS-Server-HCM-36,Milestone Husky IVO 350R Video Management Server,South,,Security Operations Center (SOC) - HCM-36,VMS-HCM36,Security,Security Officer,2027-04-22,Video management and recording server,VMSHCM3628997,Security Operations,"RAID Drives, PSUs",Milestone,
879,COMMISSIONING,Virtualization-Host-HCM-36,Dell PowerEdge R750 Virtualization Host,South,,Server Room A - HCM-36,SRV-HCM36,Servers,System Administrator,2028-03-18,Virtualization compute cluster node,SRVHCM3669636,Server Operations,"RAM, NVMe Drives",Dell,Red River Power Co.
880,OPERATIONAL,Storage-Array-HCM-36,NetApp AFF A250 Storage Array,South,,Server Room B - HCM-36,SAN-HCM36,Storage,Storage Administrator,2027-10-07,Shared storage array for critical workloads,SANHCM3635448,Server Operations,"SSDs, Controllers",NetApp,
881,OPERATIONAL,Access-Switch-HCM-36,Juniper EX4300 Access Switch,South,,Network Closet - HCM-36,SW-HCM36,Network Equipment,Network Engineer,2030-07-18,Access layer switch for wired users,SWHCM3645349,Network Operations,"Transceivers, Fans",Juniper,
882,OPERATIONAL,Access-Control-Panel-HCM-36,Paxton Net2 Plus Access Control Panel,South,,Access Control Room - HCM-36,ACP-HCM36,Security,Security Officer,2028-02-19,Door access control and credential management,ACPHCM3614206,Security Operations,"Power Supply, Readers",Paxton,
883,OPERATIONAL,NVR-HCM-36,Hikvision DS-9632NI-M8 Network Video Recorder,South,,Video Surveillance Room - HCM-36,NVR-HCM36,Security,Security Officer,2030-11-18,Central CCTV recording system,NVRHCM3646779,Security Operations,"Hard Drives, Fans",Hikvision,
884,OPERATIONAL,UPS-HCM-36,APC Smart-UPS SRT 3000VA,South,,UPS Room - HCM-36,UPS-HCM36,Power,Electrician,2027-10-07,Online double-conversion UPS,UPSHCM3664817,Facilities,"Batteries, Fan Kits",APC,
885,OPERATIONAL,ATS-Panel-HCM-36,Schneider EasyPact Automatic Transfer Switch,South,,Electrical Room - HCM-36,ATS-HCM36,Power,Electrician,2027-12-17,Automatic mains/generator transfer switch,ATSHCM3648687,Facilities,"Breakers, Contact Kits",Schneider Electric,
886,OPERATIONAL,CRAC-Unit-HCM-36,Vertiv Liebert PDX Precision Cooling Unit,South,,HVAC Plant - HCM-36,CRAC-HCM36,Cooling,HVAC Technician,2030-05-21,Precision cooling for IT spaces,CRACHCM3693623,Facilities,"Filters, Compressor Kits",Vertiv,
887,DOWN,Generator-HCM-36,Cummins C275D5 Backup Generator,South,,Generator Yard - HCM-36,GEN-HCM36,Power,Electrician,2030-06-06,Standby diesel generator set,GENHCM3682450,Facilities,"Filters, Starter Batteries",Cummins,
888,OPERATIONAL,Visitor-Kiosk-HCM-36,ZKTeco SpeedFace-V5L Visitor Kiosk,South,,Reception - HCM-36,KSK-HCM36,Security,Security Officer,2028-04-15,Visitor registration and facial verification terminal,KSKHCM3678389,Security Operations,"Touch Panel, Camera Module",ZKTeco,
889,DOWN,Loading-Bay-Camera-HCM-36,Hikvision DS-2CD2686G2 Bullet Camera,South,,Loading Bay - HCM-36,CCTV-HCM36,Security,Security Officer,2029-09-28,High-resolution loading dock surveillance camera,CCTVHCM3638369,Security Operations,"Mounting Bracket, PoE Injector",Hikvision,
890,OPERATIONAL,Microwave-Radio-HCM-36,Ceragon IP-20C Microwave Radio,South,,Roof - HCM-36,MWR-HCM36,Network Equipment,Field Technician,2030-04-26,Roof-top point-to-point backhaul radio,MWRHCM3670655,Cellular Maintenance,"ODU Cables, Mount Kits",Ceragon,
891,OPERATIONAL,Fiber-Patch-Panel-HCM-36,Corning EDGE Fiber Patch Panel,South,,IDF Room 1 - HCM-36,FPP-HCM36,Cabling,Cabling Technician,2028-07-25,Structured fiber distribution panel,FPPHCM3666113,Infrastructure,"LC Connectors, Adapter Packs",Corning,
892,OPERATIONAL,Edge-Switch-HCM-36,Cisco Catalyst 9300 Edge Switch,South,Core-Router-HCM-36,IDF Room 2 - HCM-36,ESW-HCM36,Network Equipment,Network Engineer,2028-05-20,Edge switch for floor distribution,ESWHCM3639151,Network Operations,"Power Supplies, SFP Modules",Cisco,
893,COMMISSIONING,5G-Antenna-HCM-36,Ericsson AIR 6488 Massive MIMO Antenna,South,,Telecom Mast - HCM-36,ANT-HCM36,Cellular Equipment,Field Technician,2030-04-26,5G radio antenna system,ANTHCM3610665,Cellular Maintenance,"Mount Kits, RF Jumpers",Ericsson,VN Facilities Services
894,DOWN,Baseband-Unit-HCM-36,Nokia AirScale Baseband Unit,South,,Base Station - HCM-36,BBU-HCM36,Cellular Equipment,Field Technician,2027-03-24,Baseband processing for radio access network,BBUHCM3676088,Cellular Maintenance,"Power Supply, Sync Modules",Nokia,
895,OPERATIONAL,Radio-Unit-HCM-36,Ericsson Radio 4422 Remote Radio Unit,South,Baseband-Unit-HCM-36,Antenna Array - HCM-36,RRU-HCM36,Cellular Equipment,Field Technician,2027-03-10,Remote radio head for sector coverage,RRUHCM3622844,Cellular Maintenance,"RF Cables, Surge Protectors",Ericsson,
896,OPERATIONAL,Sensor-Gateway-HCM-36,Advantech WISE-6610 IoT Gateway,South,,Storage Room - HCM-36,IOT-HCM36,IoT,Facilities Supervisor,2029-07-15,Environmental and utility sensor concentrator,IOTHCM3620890,Facilities,"Antenna Kit, DIN Clips",Advantech,
897,OPERATIONAL,WiFi-Controller-HCM-36,Cisco Catalyst 9800-L Wireless Controller,South,,Office Floor 1 - HCM-36,WLC-HCM36,Network Equipment,Network Engineer,2030-02-17,Centralized wireless controller,WLCHCM3663296,Network Operations,"Power Supplies, SSDs",Cisco,
898,OPERATIONAL,Access-Point-HCM-36,Aruba AP-515 Wireless Access Point,South,WiFi-Controller-HCM-36,Office Floor 2 - HCM-36,AP-HCM36,Network Equipment,Network Engineer,2028-03-22,Wi-Fi 6 indoor wireless access point,APHCM3648769,Network Operations,"Mounting Kit, PoE Injector",Aruba,
899,OPERATIONAL,AI-Analytics-Server-HCM-36,NVIDIA DGX A100 AI Analytics Server,South,,Lab A - HCM-36,AIS-HCM36,Servers,AI Specialist,2028-05-04,Accelerated AI processing node,AISHCM3621892,AI Operations,"GPUs, NVLink Cables",NVIDIA,
900,OPERATIONAL,Monitoring-Appliance-HCM-36,Fluke OptiView XG Network Monitoring Appliance,South,Monitoring-System-HCM-36,Workshop - HCM-36,NMA-HCM36,Network Equipment,Network Engineer,2027-02-02,Portable and fixed network diagnostics appliance,NMAHCM3670199,Network Operations,"SFP Modules, SSDs",Fluke,
901,OPERATIONAL,Monitoring-System-DN-37,SolarWinds Hybrid Cloud Observability Appliance,Central,,Infrastructure Site - DN-37,MON-DN37,Network Equipment,Network Engineer,2030-03-14,Central site monitoring appliance,MONDN3713199,Network Operations,"Power Supplies, SSDs",SolarWinds,
902,OPERATIONAL,Core-Router-DN-37,Cisco ASR 9904 Core Router,Central,,Network Operations Center (NOC) - DN-37,RTR-DN37,Network Equipment,Network Engineer,2029-07-20,Core network routing platform,RTRDN3728169,Network Operations,"Line Cards, Power Supplies",Cisco,
903,OPERATIONAL,Security-VMS-Server-DN-37,Milestone Husky IVO 350R Video Management Server,Central,,Security Operations Center (SOC) - DN-37,VMS-DN37,Security,Security Officer,2030-12-11,Video management and recording server,VMSDN3758551,Security Operations,"RAID Drives, PSUs",Milestone,
904,OPERATIONAL,Virtualization-Host-DN-37,Dell PowerEdge R750 Virtualization Host,Central,,Server Room A - DN-37,SRV-DN37,Servers,System Administrator,2030-07-07,Virtualization compute cluster node,SRVDN3793021,Server Operations,"RAM, NVMe Drives",Dell,
905,DOWN,Storage-Array-DN-37,NetApp AFF A250 Storage Array,Central,,Server Room B - DN-37,SAN-DN37,Storage,Storage Administrator,2027-01-03,Shared storage array for critical workloads,SANDN3719266,Server Operations,"SSDs, Controllers",NetApp,
906,DOWN,Access-Switch-DN-37,Juniper EX4300 Access Switch,Central,,Network Closet - DN-37,SW-DN37,Network Equipment,Network Engineer,2029-02-27,Access layer switch for wired users,SWDN3753634,Network Operations,"Transceivers, Fans",Juniper,
907,OPERATIONAL,Access-Control-Panel-DN-37,Paxton Net2 Plus Access Control Panel,Central,,Access Control Room - DN-37,ACP-DN37,Security,Security Officer,2029-12-23,Door access control and credential management,ACPDN3765823,Security Operations,"Power Supply, Readers",Paxton,
908,OPERATIONAL,NVR-DN-37,Hikvision DS-9632NI-M8 Network Video Recorder,Central,,Video Surveillance Room - DN-37,NVR-DN37,Security,Security Officer,2028-07-06,Central CCTV recording system,NVRDN3790281,Security Operations,"Hard Drives, Fans",Hikvision,
909,OPERATIONAL,UPS-DN-37,APC Smart-UPS SRT 3000VA,Central,,UPS Room - DN-37,UPS-DN37,Power,Electrician,2030-01-15,Online double-conversion UPS,UPSDN3799740,Facilities,"Batteries, Fan Kits",APC,
910,OPERATIONAL,ATS-Panel-DN-37,Schneider EasyPact Automatic Transfer Switch,Central,,Electrical Room - DN-37,ATS-DN37,Power,Electrician,2027-06-15,Automatic mains/generator transfer switch,ATSDN3717184,Facilities,"Breakers, Contact Kits",Schneider Electric,
911,COMMISSIONING,CRAC-Unit-DN-37,Vertiv Liebert PDX Precision Cooling Unit,Central,,HVAC Plant - DN-37,CRAC-DN37,Cooling,HVAC Technician,2029-11-20,Precision cooling for IT spaces,CRACDN3798428,Facilities,"Filters, Compressor Kits",Vertiv,VN Facilities Services
912,OPERATIONAL,Generator-DN-37,Cummins C275D5 Backup Generator,Central,,Generator Yard - DN-37,GEN-DN37,Power,Electrician,2027-08-16,Standby diesel generator set,GENDN3715357,Facilities,"Filters, Starter Batteries",Cummins,
913,OPERATIONAL,Visitor-Kiosk-DN-37,ZKTeco SpeedFace-V5L Visitor Kiosk,Central,,Reception - DN-37,KSK-DN37,Security,Security Officer,2029-01-18,Visitor registration and facial verification terminal,KSKDN3794957,Security Operations,"Touch Panel, Camera Module",ZKTeco,
914,OPERATIONAL,Loading-Bay-Camera-DN-37,Hikvision DS-2CD2686G2 Bullet Camera,Central,,Loading Bay - DN-37,CCTV-DN37,Security,Security Officer,2030-02-18,High-resolution loading dock surveillance camera,CCTVDN3783499,Security Operations,"Mounting Bracket, PoE Injector",Hikvision,
915,OPERATIONAL,Microwave-Radio-DN-37,Ceragon IP-20C Microwave Radio,Central,,Roof - DN-37,MWR-DN37,Network Equipment,Field Technician,2030-12-23,Roof-top point-to-point backhaul radio,MWRDN3728141,Cellular Maintenance,"ODU Cables, Mount Kits",Ceragon,
916,OPERATIONAL,Fiber-Patch-Panel-DN-37,Corning EDGE Fiber Patch Panel,Central,,IDF Room 1 - DN-37,FPP-DN37,Cabling,Cabling Technician,2028-11-16,Structured fiber distribution panel,FPPDN3724884,Infrastructure,"LC Connectors, Adapter Packs",Corning,
917,OPERATIONAL,Edge-Switch-DN-37,Cisco Catalyst 9300 Edge Switch,Central,,IDF Room 2 - DN-37,ESW-DN37,Network Equipment,Network Engineer,2030-08-22,Edge switch for floor distribution,ESWDN3786037,Network Operations,"Power Supplies, SFP Modules",Cisco,
918,OPERATIONAL,5G-Antenna-DN-37,Ericsson AIR 6488 Massive MIMO Antenna,Central,,Telecom Mast - DN-37,ANT-DN37,Cellular Equipment,Field Technician,2030-12-10,5G radio antenna system,ANTDN3739548,Cellular Maintenance,"Mount Kits, RF Jumpers",Ericsson,
919,OPERATIONAL,Baseband-Unit-DN-37,Nokia AirScale Baseband Unit,Central,,Base Station - DN-37,BBU-DN37,Cellular Equipment,Field Technician,2028-10-18,Baseband processing for radio access network,BBUDN3799158,Cellular Maintenance,"Power Supply, Sync Modules",Nokia,
920,OPERATIONAL,Radio-Unit-DN-37,Ericsson Radio 4422 Remote Radio Unit,Central,Baseband-Unit-DN-37,Antenna Array - DN-37,RRU-DN37,Cellular Equipment,Field Technician,2029-05-16,Remote radio head for sector coverage,RRUDN3755249,Cellular Maintenance,"RF Cables, Surge Protectors",Ericsson,
921,OPERATIONAL,Sensor-Gateway-DN-37,Advantech WISE-6610 IoT Gateway,Central,,Storage Room - DN-37,IOT-DN37,IoT,Facilities Supervisor,2029-07-15,Environmental and utility sensor concentrator,IOTDN3779033,Facilities,"Antenna Kit, DIN Clips",Advantech,
922,OPERATIONAL,WiFi-Controller-DN-37,Cisco Catalyst 9800-L Wireless Controller,Central,,Office Floor 1 - DN-37,WLC-DN37,Network Equipment,Network Engineer,2027-09-09,Centralized wireless controller,WLCDN3779717,Network Operations,"Power Supplies, SSDs",Cisco,
923,MAINTENANCE,Access-Point-DN-37,Aruba AP-515 Wireless Access Point,Central,WiFi-Controller-DN-37,Office Floor 2 - DN-37,AP-DN37,Network Equipment,Network Engineer,2030-10-21,Wi-Fi 6 indoor wireless access point,APDN3748307,Network Operations,"Mounting Kit, PoE Injector",Aruba,
924,MAINTENANCE,AI-Analytics-Server-DN-37,NVIDIA DGX A100 AI Analytics Server,Central,,Lab A - DN-37,AIS-DN37,Servers,AI Specialist,2029-01-23,Accelerated AI processing node,AISDN3718601,AI Operations,"GPUs, NVLink Cables",NVIDIA,Danang Engineering Works
925,OPERATIONAL,Monitoring-Appliance-DN-37,Fluke OptiView XG Network Monitoring Appliance,Central,,Workshop - DN-37,NMA-DN37,Network Equipment,Network Engineer,2027-06-28,Portable and fixed network diagnostics appliance,NMADN3747797,Network Operations,"SFP Modules, SSDs",Fluke,
926,OPERATIONAL,Monitoring-System-HP-38,SolarWinds Hybrid Cloud Observability Appliance,North,,Infrastructure Site - HP-38,MON-HP38,Network Equipment,Network Engineer,2027-06-07,Central site monitoring appliance,MONHP3846168,Network Operations,"Power Supplies, SSDs",SolarWinds,
927,OPERATIONAL,Core-Router-HP-38,Cisco ASR 9904 Core Router,North,,Network Operations Center (NOC) - HP-38,RTR-HP38,Network Equipment,Network Engineer,2027-08-18,Core network routing platform,RTRHP3875054,Network Operations,"Line Cards, Power Supplies",Cisco,
928,DOWN,Security-VMS-Server-HP-38,Milestone Husky IVO 350R Video Management Server,North,,Security Operations Center (SOC) - HP-38,VMS-HP38,Security,Security Officer,2027-11-05,Video management and recording server,VMSHP3878247,Security Operations,"RAID Drives, PSUs",Milestone,
929,OPERATIONAL,Virtualization-Host-HP-38,Dell PowerEdge R750 Virtualization Host,North,,Server Room A - HP-38,SRV-HP38,Servers,System Administrator,2030-07-08,Virtualization compute cluster node,SRVHP3864596,Server Operations,"RAM, NVMe Drives",Dell,
930,OPERATIONAL,Storage-Array-HP-38,NetApp AFF A250 Storage Array,North,,Server Room B - HP-38,SAN-HP38,Storage,Storage Administrator,2030-10-29,Shared storage array for critical workloads,SANHP3827305,Server Operations,"SSDs, Controllers",NetApp,
931,OPERATIONAL,Access-Switch-HP-38,Juniper EX4300 Access Switch,North,,Network Closet - HP-38,SW-HP38,Network Equipment,Network Engineer,2029-08-28,Access layer switch for wired users,SWHP3868177,Network Operations,"Transceivers, Fans",Juniper,
932,OPERATIONAL,Access-Control-Panel-HP-38,Paxton Net2 Plus Access Control Panel,North,,Access Control Room - HP-38,ACP-HP38,Security,Security Officer,2030-08-13,Door access control and credential management,ACPHP3834780,Security Operations,"Power Supply, Readers",Paxton,
933,OPERATIONAL,NVR-HP-38,Hikvision DS-9632NI-M8 Network Video Recorder,North,,Video Surveillance Room - HP-38,NVR-HP38,Security,Security Officer,2027-05-09,Central CCTV recording system,NVRHP3840451,Security Operations,"Hard Drives, Fans",Hikvision,
934,OPERATIONAL,UPS-HP-38,APC Smart-UPS SRT 3000VA,North,,UPS Room - HP-38,UPS-HP38,Power,Electrician,2029-11-30,Online double-conversion UPS,UPSHP3854930,Facilities,"Batteries, Fan Kits",APC,
935,OPERATIONAL,ATS-Panel-HP-38,Schneider EasyPact Automatic Transfer Switch,North,,Electrical Room - HP-38,ATS-HP38,Power,Electrician,2030-09-04,Automatic mains/generator transfer switch,ATSHP3887772,Facilities,"Breakers, Contact Kits",Schneider Electric,
936,OPERATIONAL,CRAC-Unit-HP-38,Vertiv Liebert PDX Precision Cooling Unit,North,,HVAC Plant - HP-38,CRAC-HP38,Cooling,HVAC Technician,2030-09-25,Precision cooling for IT spaces,CRACHP3881888,Facilities,"Filters, Compressor Kits",Vertiv,
937,OPERATIONAL,Generator-HP-38,Cummins C275D5 Backup Generator,North,,Generator Yard - HP-38,GEN-HP38,Power,Electrician,2029-06-30,Standby diesel generator set,GENHP3850172,Facilities,"Filters, Starter Batteries",Cummins,
938,MAINTENANCE,Visitor-Kiosk-HP-38,ZKTeco SpeedFace-V5L Visitor Kiosk,North,,Reception - HP-38,KSK-HP38,Security,Security Officer,2027-12-18,Visitor registration and facial verification terminal,KSKHP3839724,Security Operations,"Touch Panel, Camera Module",ZKTeco,
939,OPERATIONAL,Loading-Bay-Camera-HP-38,Hikvision DS-2CD2686G2 Bullet Camera,North,,Loading Bay - HP-38,CCTV-HP38,Security,Security Officer,2028-08-13,High-resolution loading dock surveillance camera,CCTVHP3816202,Security Operations,"Mounting Bracket, PoE Injector",Hikvision,
940,OPERATIONAL,Microwave-Radio-HP-38,Ceragon IP-20C Microwave Radio,North,,Roof - HP-38,MWR-HP38,Network Equipment,Field Technician,2027-10-31,Roof-top point-to-point backhaul radio,MWRHP3869759,Cellular Maintenance,"ODU Cables, Mount Kits",Ceragon,
941,OPERATIONAL,Fiber-Patch-Panel-HP-38,Corning EDGE Fiber Patch Panel,North,,IDF Room 1 - HP-38,FPP-HP38,Cabling,Cabling Technician,2027-12-07,Structured fiber distribution panel,FPPHP3831075,Infrastructure,"LC Connectors, Adapter Packs",Corning,
942,OPERATIONAL,Edge-Switch-HP-38,Cisco Catalyst 9300 Edge Switch,North,Core-Router-HP-38,IDF Room 2 - HP-38,ESW-HP38,Network Equipment,Network Engineer,2030-12-28,Edge switch for floor distribution,ESWHP3832984,Network Operations,"Power Supplies, SFP Modules",Cisco,
943,OPERATIONAL,5G-Antenna-HP-38,Ericsson AIR 6488 Massive MIMO Antenna,North,,Telecom Mast - HP-38,ANT-HP38,Cellular Equipment,Field Technician,2030-12-21,5G radio antenna system,ANTHP3830117,Cellular Maintenance,"Mount Kits, RF Jumpers",Ericsson,
944,OPERATIONAL,Baseband-Unit-HP-38,Nokia AirScale Baseband Unit,North,,Base Station - HP-38,BBU-HP38,Cellular Equipment,Field Technician,2027-11-27,Baseband processing for radio access network,BBUHP3851500,Cellular Maintenance,"Power Supply, Sync Modules",Nokia,
945,OPERATIONAL,Radio-Unit-HP-38,Ericsson Radio 4422 Remote Radio Unit,North,Baseband-Unit-HP-38,Antenna Array - HP-38,RRU-HP38,Cellular Equipment,Field Technician,2030-03-22,Remote radio head for sector coverage,RRUHP3834182,Cellular Maintenance,"RF Cables, Surge Protectors",Ericsson,
946,OPERATIONAL,Sensor-Gateway-HP-38,Advantech WISE-6610 IoT Gateway,North,,Storage Room - HP-38,IOT-HP38,IoT,Facilities Supervisor,2028-02-25,Environmental and utility sensor concentrator,IOTHP3814546,Facilities,"Antenna Kit, DIN Clips",Advantech,
947,OPERATIONAL,WiFi-Controller-HP-38,Cisco Catalyst 9800-L Wireless Controller,North,,Office Floor 1 - HP-38,WLC-HP38,Network Equipment,Network Engineer,2030-09-25,Centralized wireless controller,WLCHP3855068,Network Operations,"Power Supplies, SSDs",Cisco,
948,OPERATIONAL,Access-Point-HP-38,Aruba AP-515 Wireless Access Point,North,WiFi-Controller-HP-38,Office Floor 2 - HP-38,AP-HP38,Network Equipment,Network Engineer,2027-10-30,Wi-Fi 6 indoor wireless access point,APHP3880761,Network Operations,"Mounting Kit, PoE Injector",Aruba,
949,OPERATIONAL,AI-Analytics-Server-HP-38,NVIDIA DGX A100 AI Analytics Server,North,,Lab A - HP-38,AIS-HP38,Servers,AI Specialist,2027-11-29,Accelerated AI processing node,AISHP3825923,AI Operations,"GPUs, NVLink Cables",NVIDIA,
950,OPERATIONAL,Monitoring-Appliance-HP-38,Fluke OptiView XG Network Monitoring Appliance,North,,Workshop - HP-38,NMA-HP38,Network Equipment,Network Engineer,2027-02-21,Portable and fixed network diagnostics appliance,NMAHP3829055,Network Operations,"SFP Modules, SSDs",Fluke,
951,COMMISSIONING,Monitoring-System-CT-39,SolarWinds Hybrid Cloud Observability Appliance,South,,Infrastructure Site - CT-39,MON-CT39,Network Equipment,Network Engineer,2029-07-27,Central site monitoring appliance,MONCT3930454,Network Operations,"Power Supplies, SSDs",SolarWinds,Red River Power Co.
952,OPERATIONAL,Core-Router-CT-39,Cisco ASR 9904 Core Router,South,,Network Operations Center (NOC) - CT-39,RTR-CT39,Network Equipment,Network Engineer,2030-08-18,Core network routing platform,RTRCT3972116,Network Operations,"Line Cards, Power Supplies",Cisco,
953,STANDBY,Security-VMS-Server-CT-39,Milestone Husky IVO 350R Video Management Server,South,,Security Operations Center (SOC) - CT-39,VMS-CT39,Security,Security Officer,2028-08-16,Video management and recording server,VMSCT3985199,Security Operations,"RAID Drives, PSUs",Milestone,
954,OPERATIONAL,Virtualization-Host-CT-39,Dell PowerEdge R750 Virtualization Host,South,,Server Room A - CT-39,SRV-CT39,Servers,System Administrator,2030-09-27,Virtualization compute cluster node,SRVCT3984086,Server Operations,"RAM, NVMe Drives",Dell,
955,OPERATIONAL,Storage-Array-CT-39,NetApp AFF A250 Storage Array,South,,Server Room B - CT-39,SAN-CT39,Storage,Storage Administrator,2029-06-24,Shared storage array for critical workloads,SANCT3924721,Server Operations,"SSDs, Controllers",NetApp,
956,DOWN,Access-Switch-CT-39,Juniper EX4300 Access Switch,South,,Network Closet - CT-39,SW-CT39,Network Equipment,Network Engineer,2029-09-07,Access layer switch for wired users,SWCT3928274,Network Operations,"Transceivers, Fans",Juniper,
957,OPERATIONAL,Access-Control-Panel-CT-39,Paxton Net2 Plus Access Control Panel,South,,Access Control Room - CT-39,ACP-CT39,Security,Security Officer,2030-10-20,Door access control and credential management,ACPCT3950380,Security Operations,"Power Supply, Readers",Paxton,
958,OPERATIONAL,NVR-CT-39,Hikvision DS-9632NI-M8 Network Video Recorder,South,,Video Surveillance Room - CT-39,NVR-CT39,Security,Security Officer,2027-02-20,Central CCTV recording system,NVRCT3938883,Security Operations,"Hard Drives, Fans",Hikvision,
959,OPERATIONAL,UPS-CT-39,APC Smart-UPS SRT 3000VA,South,,UPS Room - CT-39,UPS-CT39,Power,Electrician,2029-07-02,Online double-conversion UPS,UPSCT3989711,Facilities,"Batteries, Fan Kits",APC,
960,OPERATIONAL,ATS-Panel-CT-39,Schneider EasyPact Automatic Transfer Switch,South,,Electrical Room - CT-39,ATS-CT39,Power,Electrician,2030-08-06,Automatic mains/generator transfer switch,ATSCT3946428,Facilities,"Breakers, Contact Kits",Schneider Electric,
961,OPERATIONAL,CRAC-Unit-CT-39,Vertiv Liebert PDX Precision Cooling Unit,South,,HVAC Plant - CT-39,CRAC-CT39,Cooling,HVAC Technician,2028-02-05,Precision cooling for IT spaces,CRACCT3980570,Facilities,"Filters, Compressor Kits",Vertiv,
962,OPERATIONAL,Generator-CT-39,Cummins C275D5 Backup Generator,South,,Generator Yard - CT-39,GEN-CT39,Power,Electrician,2029-07-01,Standby diesel generator set,GENCT3977081,Facilities,"Filters, Starter Batteries",Cummins,
963,OPERATIONAL,Visitor-Kiosk-CT-39,ZKTeco SpeedFace-V5L Visitor Kiosk,South,,Reception - CT-39,KSK-CT39,Security,Security Officer,2029-03-18,Visitor registration and facial verification terminal,KSKCT3951649,Security Operations,"Touch Panel, Camera Module",ZKTeco,
964,OPERATIONAL,Loading-Bay-Camera-CT-39,Hikvision DS-2CD2686G2 Bullet Camera,South,,Loading Bay - CT-39,CCTV-CT39,Security,Security Officer,2030-05-20,High-resolution loading dock surveillance camera,CCTVCT3917346,Security Operations,"Mounting Bracket, PoE Injector",Hikvision,
965,OPERATIONAL,Microwave-Radio-CT-39,Ceragon IP-20C Microwave Radio,South,,Roof - CT-39,MWR-CT39,Network Equipment,Field Technician,2030-09-27,Roof-top point-to-point backhaul radio,MWRCT3929391,Cellular Maintenance,"ODU Cables, Mount Kits",Ceragon,
966,OPERATIONAL,Fiber-Patch-Panel-CT-39,Corning EDGE Fiber Patch Panel,South,,IDF Room 1 - CT-39,FPP-CT39,Cabling,Cabling Technician,2029-05-25,Structured fiber distribution panel,FPPCT3958867,Infrastructure,"LC Connectors, Adapter Packs",Corning,
967,OPERATIONAL,Edge-Switch-CT-39,Cisco Catalyst 9300 Edge Switch,South,Core-Router-CT-39,IDF Room 2 - CT-39,ESW-CT39,Network Equipment,Network Engineer,2027-01-25,Edge switch for floor distribution,ESWCT3968402,Network Operations,"Power Supplies, SFP Modules",Cisco,
968,OPERATIONAL,5G-Antenna-CT-39,Ericsson AIR 6488 Massive MIMO Antenna,South,,Telecom Mast - CT-39,ANT-CT39,Cellular Equipment,Field Technician,2030-02-22,5G radio antenna system,ANTCT3968224,Cellular Maintenance,"Mount Kits, RF Jumpers",Ericsson,
969,MAINTENANCE,Baseband-Unit-CT-39,Nokia AirScale Baseband Unit,South,,Base Station - CT-39,BBU-CT39,Cellular Equipment,Field Technician,2029-05-01,Baseband processing for radio access network,BBUCT3965552,Cellular Maintenance,"Power Supply, Sync Modules",Nokia,
970,OPERATIONAL,Radio-Unit-CT-39,Ericsson Radio 4422 Remote Radio Unit,South,Baseband-Unit-CT-39,Antenna Array - CT-39,RRU-CT39,Cellular Equipment,Field Technician,2029-04-28,Remote radio head for sector coverage,RRUCT3921282,Cellular Maintenance,"RF Cables, Surge Protectors",Ericsson,
971,OPERATIONAL,Sensor-Gateway-CT-39,Advantech WISE-6610 IoT Gateway,South,,Storage Room - CT-39,IOT-CT39,IoT,Facilities Supervisor,2027-10-22,Environmental and utility sensor concentrator,IOTCT3972208,Facilities,"Antenna Kit, DIN Clips",Advantech,
972,STANDBY,WiFi-Controller-CT-39,Cisco Catalyst 9800-L Wireless Controller,South,,Office Floor 1 - CT-39,WLC-CT39,Network Equipment,Network Engineer,2029-12-11,Centralized wireless controller,WLCCT3918665,Network Operations,"Power Supplies, SSDs",Cisco,
973,OPERATIONAL,Access-Point-CT-39,Aruba AP-515 Wireless Access Point,South,WiFi-Controller-CT-39,Office Floor 2 - CT-39,AP-CT39,Network Equipment,Network Engineer,2030-04-24,Wi-Fi 6 indoor wireless access point,APCT3921593,Network Operations,"Mounting Kit, PoE Injector",Aruba,
974,OPERATIONAL,AI-Analytics-Server-CT-39,NVIDIA DGX A100 AI Analytics Server,South,,Lab A - CT-39,AIS-CT39,Servers,AI Specialist,2027-01-14,Accelerated AI processing node,AISCT3945825,AI Operations,"GPUs, NVLink Cables",NVIDIA,
975,OPERATIONAL,Monitoring-Appliance-CT-39,Fluke OptiView XG Network Monitoring Appliance,South,,Workshop - CT-39,NMA-CT39,Network Equipment,Network Engineer,2029-04-28,Portable and fixed network diagnostics appliance,NMACT3984437,Network Operations,"SFP Modules, SSDs",Fluke,
976,OPERATIONAL,Monitoring-System-BD-40,SolarWinds Hybrid Cloud Observability Appliance,South,,Infrastructure Site - BD-40,MON-BD40,Network Equipment,Network Engineer,2027-10-08,Central site monitoring appliance,MONBD4060039,Network Operations,"Power Supplies, SSDs",SolarWinds,
977,OPERATIONAL,Core-Router-BD-40,Cisco ASR 9904 Core Router,South,,Network Operations Center (NOC) - BD-40,RTR-BD40,Network Equipment,Network Engineer,2028-08-15,Core network routing platform,RTRBD4015535,Network Operations,"Line Cards, Power Supplies",Cisco,
978,MAINTENANCE,Security-VMS-Server-BD-40,Milestone Husky IVO 350R Video Management Server,South,,Security Operations Center (SOC) - BD-40,VMS-BD40,Security,Security Officer,2028-09-10,Video management and recording server,VMSBD4049834,Security Operations,"RAID Drives, PSUs",Milestone,
979,OPERATIONAL,Virtualization-Host-BD-40,Dell PowerEdge R750 Virtualization Host,South,,Server Room A - BD-40,SRV-BD40,Servers,System Administrator,2029-08-07,Virtualization compute cluster node,SRVBD4010320,Server Operations,"RAM, NVMe Drives",Dell,
980,OPERATIONAL,Storage-Array-BD-40,NetApp AFF A250 Storage Array,South,,Server Room B - BD-40,SAN-BD40,Storage,Storage Administrator,2027-11-12,Shared storage array for critical workloads,SANBD4093958,Server Operations,"SSDs, Controllers",NetApp,
981,OPERATIONAL,Access-Switch-BD-40,Juniper EX4300 Access Switch,South,,Network Closet - BD-40,SW-BD40,Network Equipment,Network Engineer,2030-07-27,Access layer switch for wired users,SWBD4095696,Network Operations,"Transceivers, Fans",Juniper,
982,DOWN,Access-Control-Panel-BD-40,Paxton Net2 Plus Access Control Panel,South,,Access Control Room - BD-40,ACP-BD40,Security,Security Officer,2030-09-25,Door access control and credential management,ACPBD4064677,Security Operations,"Power Supply, Readers",Paxton,
983,OPERATIONAL,NVR-BD-40,Hikvision DS-9632NI-M8 Network Video Recorder,South,,Video Surveillance Room - BD-40,NVR-BD40,Security,Security Officer,2028-01-03,Central CCTV recording system,NVRBD4094513,Security Operations,"Hard Drives, Fans",Hikvision,
984,OPERATIONAL,UPS-BD-40,APC Smart-UPS SRT 3000VA,South,,UPS Room - BD-40,UPS-BD40,Power,Electrician,2028-05-16,Online double-conversion UPS,UPSBD4074625,Facilities,"Batteries, Fan Kits",APC,
985,OPERATIONAL,ATS-Panel-BD-40,Schneider EasyPact Automatic Transfer Switch,South,,Electrical Room - BD-40,ATS-BD40,Power,Electrician,2027-05-17,Automatic mains/generator transfer switch,ATSBD4072978,Facilities,"Breakers, Contact Kits",Schneider Electric,
986,OPERATIONAL,CRAC-Unit-BD-40,Vertiv Liebert PDX Precision Cooling Unit,South,,HVAC Plant - BD-40,CRAC-BD40,Cooling,HVAC Technician,2030-03-04,Precision cooling for IT spaces,CRACBD4043804,Facilities,"Filters, Compressor Kits",Vertiv,
987,OPERATIONAL,Generator-BD-40,Cummins C275D5 Backup Generator,South,,Generator Yard - BD-40,GEN-BD40,Power,Electrician,2030-07-10,Standby diesel generator set,GENBD4025674,Facilities,"Filters, Starter Batteries",Cummins,
988,OPERATIONAL,Visitor-Kiosk-BD-40,ZKTeco SpeedFace-V5L Visitor Kiosk,South,,Reception - BD-40,KSK-BD40,Security,Security Officer,2029-02-03,Visitor registration and facial verification terminal,KSKBD4085400,Security Operations,"Touch Panel, Camera Module",ZKTeco,
989,MAINTENANCE,Loading-Bay-Camera-BD-40,Hikvision DS-2CD2686G2 Bullet Camera,South,,Loading Bay - BD-40,CCTV-BD40,Security,Security Officer,2027-02-05,High-resolution loading dock surveillance camera,CCTVBD4031344,Security Operations,"Mounting Bracket, PoE Injector",Hikvision,
990,OPERATIONAL,Microwave-Radio-BD-40,Ceragon IP-20C Microwave Radio,South,,Roof - BD-40,MWR-BD40,Network Equipment,Field Technician,2027-10-27,Roof-top point-to-point backhaul radio,MWRBD4027759,Cellular Maintenance,"ODU Cables, Mount Kits",Ceragon,
991,OPERATIONAL,Fiber-Patch-Panel-BD-40,Corning EDGE Fiber Patch Panel,South,,IDF Room 1 - BD-40,FPP-BD40,Cabling,Cabling Technician,2029-01-01,Structured fiber distribution panel,FPPBD4045739,Infrastructure,"LC Connectors, Adapter Packs",Corning,
992,OPERATIONAL,Edge-Switch-BD-40,Cisco Catalyst 9300 Edge Switch,South,,IDF Room 2 - BD-40,ESW-BD40,Network Equipment,Network Engineer,2029-01-09,Edge switch for floor distribution,ESWBD4056659,Network Operations,"Power Supplies, SFP Modules",Cisco,
993,OPERATIONAL,5G-Antenna-BD-40,Ericsson AIR 6488 Massive MIMO Antenna,South,,Telecom Mast - BD-40,ANT-BD40,Cellular Equipment,Field Technician,2027-04-10,5G radio antenna system,ANTBD4020069,Cellular Maintenance,"Mount Kits, RF Jumpers",Ericsson,
994,OPERATIONAL,Baseband-Unit-BD-40,Nokia AirScale Baseband Unit,South,,Base Station - BD-40,BBU-BD40,Cellular Equipment,Field Technician,2029-11-18,Baseband processing for radio access network,BBUBD4022387,Cellular Maintenance,"Power Supply, Sync Modules",Nokia,
995,OPERATIONAL,Radio-Unit-BD-40,Ericsson Radio 4422 Remote Radio Unit,South,Baseband-Unit-BD-40,Antenna Array - BD-40,RRU-BD40,Cellular Equipment,Field Technician,2030-05-11,Remote radio head for sector coverage,RRUBD4051446,Cellular Maintenance,"RF Cables, Surge Protectors",Ericsson,
996,MAINTENANCE,Sensor-Gateway-BD-40,Advantech WISE-6610 IoT Gateway,South,,Storage Room - BD-40,IOT-BD40,IoT,Facilities Supervisor,2030-11-03,Environmental and utility sensor concentrator,IOTBD4045580,Facilities,"Antenna Kit, DIN Clips",Advantech,
997,OPERATIONAL,WiFi-Controller-BD-40,Cisco Catalyst 9800-L Wireless Controller,South,,Office Floor 1 - BD-40,WLC-BD40,Network Equipment,Network Engineer,2030-11-10,Centralized wireless controller,WLCBD4080047,Network Operations,"Power Supplies, SSDs",Cisco,
998,OPERATIONAL,Access-Point-BD-40,Aruba AP-515 Wireless Access Point,South,WiFi-Controller-BD-40,Office Floor 2 - BD-40,AP-BD40,Network Equipment,Network Engineer,2030-04-02,Wi-Fi 6 indoor wireless access point,APBD4028837,Network Operations,"Mounting Kit, PoE Injector",Aruba,
999,OPERATIONAL,AI-Analytics-Server-BD-40,NVIDIA DGX A100 AI Analytics Server,South,,Lab A - BD-40,AIS-BD40,Servers,AI Specialist,2027-01-27,Accelerated AI processing node,AISBD4046885,AI Operations,"GPUs, NVLink Cables",NVIDIA,
1000,OPERATIONAL,Monitoring-Appliance-BD-40,Fluke OptiView XG Network Monitoring Appliance,South,,Workshop - BD-40,NMA-BD40,Network Equipment,Network Engineer,2029-02-02,Portable and fixed network diagnostics appliance,NMABD4031368,Network Operations,"SFP Modules, SSDs",Fluke,