name,address,parent_location,vendors,contractors
Infrastructure Site - HN-01,"107 Phạm Hùng, Cầu Giấy, Hà Nội, Vietnam",,"Corning, Juniper, Cisco",
Network Operations Center (NOC) - HN-01,"107 Phạm Hùng, Cầu Giấy, Hà Nội, Vietnam",Infrastructure Site - HN-01,"Hikvision, Fortinet, Dell",
Security Operations Center (SOC) - HN-01,"107 Phạm Hùng, Cầu Giấy, Hà Nội, Vietnam",Infrastructure Site - HN-01,"Corning, NVIDIA, Ericsson",Mekong Telecom Services
Server Room A - HN-01,"107 Phạm Hùng, Cầu Giấy, Hà Nội, Vietnam",Infrastructure Site - HN-01,"Cisco, Fortinet, Juniper",VN Facilities Services
Server Room B - HN-01,"107 Phạm Hùng, Cầu Giấy, Hà Nội, Vietnam",Infrastructure Site - HN-01,"Ericsson, Hikvision, NVIDIA",
Network Closet - HN-01,"107 Phạm Hùng, Cầu Giấy, Hà Nội, Vietnam",Infrastructure Site - HN-01,"Ericsson, Schneider Electric, Hikvision",
Access Control Room - HN-01,"107 Phạm Hùng, Cầu Giấy, Hà Nội, Vietnam",Infrastructure Site - HN-01,"Paxton, Aruba, Cisco",
Video Surveillance Room - HN-01,"107 Phạm Hùng, Cầu Giấy, Hà Nội, Vietnam",Infrastructure Site - HN-01,"Dell, NVIDIA, Schneider Electric",HaNoi Cooling Services
UPS Room - HN-01,"107 Phạm Hùng, Cầu Giấy, Hà Nội, Vietnam",Infrastructure Site - HN-01,"Hikvision, Aruba, APC",Mekong Telecom Services
Electrical Room - HN-01,"107 Phạm Hùng, Cầu Giấy, Hà Nội, Vietnam",Infrastructure Site - HN-01,"Juniper, APC, Aruba",
HVAC Plant - HN-01,"107 Phạm Hùng, Cầu Giấy, Hà Nội, Vietnam",Infrastructure Site - HN-01,"Aruba, Cisco, NVIDIA",
Generator Yard - HN-01,"107 Phạm Hùng, Cầu Giấy, Hà Nội, Vietnam",Infrastructure Site - HN-01,"Juniper, Schneider Electric, Fortinet",
Reception - HN-01,"107 Phạm Hùng, Cầu Giấy, Hà Nội, Vietnam",Infrastructure Site - HN-01,"Fortinet, Corning, Nokia",
Loading Bay - HN-01,"107 Phạm Hùng, Cầu Giấy, Hà Nội, Vietnam",Infrastructure Site - HN-01,"APC, Nokia, Hikvision",
Roof - HN-01,"107 Phạm Hùng, Cầu Giấy, Hà Nội, Vietnam",Infrastructure Site - HN-01,"Cisco, Corning, Hikvision",
IDF Room 1 - HN-01,"107 Phạm Hùng, Cầu Giấy, Hà Nội, Vietnam",Office Floor 1 - HN-01,"Juniper, Hikvision, Fortinet",
IDF Room 2 - HN-01,"107 Phạm Hùng, Cầu Giấy, Hà Nội, Vietnam",Office Floor 2 - HN-01,"Vertiv, Corning, APC",Red River Power Co.
Telecom Mast - HN-01,"107 Phạm Hùng, Cầu Giấy, Hà Nội, Vietnam",Roof - HN-01,"Hikvision, Corning, Paxton",
Base Station - HN-01,"107 Phạm Hùng, Cầu Giấy, Hà Nội, Vietnam",Telecom Mast - HN-01,"Corning, Fortinet, Juniper",
Antenna Array - HN-01,"107 Phạm Hùng, Cầu Giấy, Hà Nội, Vietnam",Telecom Mast - HN-01,"Dell, Ericsson, NVIDIA",Danang Engineering Works
Storage Room - HN-01,"107 Phạm Hùng, Cầu Giấy, Hà Nội, Vietnam",Infrastructure Site - HN-01,"Schneider Electric, Paxton, Corning",
Office Floor 1 - HN-01,"107 Phạm Hùng, Cầu Giấy, Hà Nội, Vietnam",Infrastructure Site - HN-01,"Hikvision, Corning, APC",
Office Floor 2 - HN-01,"107 Phạm Hùng, Cầu Giấy, Hà Nội, Vietnam",Infrastructure Site - HN-01,"Aruba, Cisco, Hikvision",
Lab A - HN-01,"107 Phạm Hùng, Cầu Giấy, Hà Nội, Vietnam",Infrastructure Site - HN-01,"Aruba, APC, Schneider Electric",Alpha Secure Systems
Workshop - HN-01,"107 Phạm Hùng, Cầu Giấy, Hà Nội, Vietnam",Infrastructure Site - HN-01,"Nokia, NVIDIA, APC",Danang Engineering Works
Infrastructure Site - HN-02,"114 Nguyễn Văn Linh, Long Biên, Hà Nội, Vietnam",,"Schneider Electric, Corning, Vertiv",HaNoi Cooling Services
Network Operations Center (NOC) - HN-02,"114 Nguyễn Văn Linh, Long Biên, Hà Nội, Vietnam",Infrastructure Site - HN-02,"Hikvision, NVIDIA, Ericsson",
Security Operations Center (SOC) - HN-02,"114 Nguyễn Văn Linh, Long Biên, Hà Nội, Vietnam",Infrastructure Site - HN-02,"NVIDIA, Nokia, Schneider Electric",
Server Room A - HN-02,"114 Nguyễn Văn Linh, Long Biên, Hà Nội, Vietnam",Infrastructure Site - HN-02,"Schneider Electric, APC, Hikvision",
Server Room B - HN-02,"114 Nguyễn Văn Linh, Long Biên, Hà Nội, Vietnam",Infrastructure Site - HN-02,"Dell, Ericsson, Vertiv",VN Facilities Services
Network Closet - HN-02,"114 Nguyễn Văn Linh, Long Biên, Hà Nội, Vietnam",Infrastructure Site - HN-02,"Fortinet, Juniper, Dell",
Access Control Room - HN-02,"114 Nguyễn Văn Linh, Long Biên, Hà Nội, Vietnam",Infrastructure Site - HN-02,"Aruba, Corning, Schneider Electric",
Video Surveillance Room - HN-02,"114 Nguyễn Văn Linh, Long Biên, Hà Nội, Vietnam",Infrastructure Site - HN-02,"Schneider Electric, Fortinet, Nokia",
UPS Room - HN-02,"114 Nguyễn Văn Linh, Long Biên, Hà Nội, Vietnam",Infrastructure Site - HN-02,"Ericsson, Paxton, Fortinet",
Electrical Room - HN-02,"114 Nguyễn Văn Linh, Long Biên, Hà Nội, Vietnam",Infrastructure Site - HN-02,"Cisco, Corning, NVIDIA",Metro Cabling Partners
HVAC Plant - HN-02,"114 Nguyễn Văn Linh, Long Biên, Hà Nội, Vietnam",Infrastructure Site - HN-02,"Aruba, Corning, APC",Mekong Telecom Services
Generator Yard - HN-02,"114 Nguyễn Văn Linh, Long Biên, Hà Nội, Vietnam",Infrastructure Site - HN-02,"Dell, Vertiv, Cisco",
Reception - HN-02,"114 Nguyễn Văn Linh, Long Biên, Hà Nội, Vietnam",Infrastructure Site - HN-02,"NVIDIA, Paxton, Ericsson",
Loading Bay - HN-02,"114 Nguyễn Văn Linh, Long Biên, Hà Nội, Vietnam",Infrastructure Site - HN-02,"Ericsson, Juniper, Corning",Alpha Secure Systems
Roof - HN-02,"114 Nguyễn Văn Linh, Long Biên, Hà Nội, Vietnam",Infrastructure Site - HN-02,"Dell, APC, Fortinet",
IDF Room 1 - HN-02,"114 Nguyễn Văn Linh, Long Biên, Hà Nội, Vietnam",Office Floor 1 - HN-02,"Aruba, Ericsson, Cisco",
IDF Room 2 - HN-02,"114 Nguyễn Văn Linh, Long Biên, Hà Nội, Vietnam",Office Floor 2 - HN-02,"Vertiv, Cisco, Juniper",
Telecom Mast - HN-02,"114 Nguyễn Văn Linh, Long Biên, Hà Nội, Vietnam",Roof - HN-02,"Fortinet, Aruba, Paxton",Alpha Secure Systems
Base Station - HN-02,"114 Nguyễn Văn Linh, Long Biên, Hà Nội, Vietnam",Telecom Mast - HN-02,"Nokia, Juniper, Aruba",
Antenna Array - HN-02,"114 Nguyễn Văn Linh, Long Biên, Hà Nội, Vietnam",Telecom Mast - HN-02,"Fortinet, Juniper, Ericsson",
Storage Room - HN-02,"114 Nguyễn Văn Linh, Long Biên, Hà Nội, Vietnam",Infrastructure Site - HN-02,"Dell, Corning, Vertiv",
Office Floor 1 - HN-02,"114 Nguyễn Văn Linh, Long Biên, Hà Nội, Vietnam",Infrastructure Site - HN-02,"Dell, Paxton, Ericsson",
Office Floor 2 - HN-02,"114 Nguyễn Văn Linh, Long Biên, Hà Nội, Vietnam",Infrastructure Site - HN-02,"Schneider Electric, Hikvision, Ericsson",
Lab A - HN-02,"114 Nguyễn Văn Linh, Long Biên, Hà Nội, Vietnam",Infrastructure Site - HN-02,"NVIDIA, Hikvision, Fortinet",Red River Power Co.
Workshop - HN-02,"114 Nguyễn Văn Linh, Long Biên, Hà Nội, Vietnam",Infrastructure Site - HN-02,"Vertiv, Ericsson, Fortinet",Alpha Secure Systems
Infrastructure Site - HCM-03,"121 Nguyễn Văn Linh, Quận 7, TP. Hồ Chí Minh, Vietnam",,"Juniper, APC, Cisco",
Network Operations Center (NOC) - HCM-03,"121 Nguyễn Văn Linh, Quận 7, TP. Hồ Chí Minh, Vietnam",Infrastructure Site - HCM-03,"Hikvision, Nokia, Fortinet",VN Facilities Services
Security Operations Center (SOC) - HCM-03,"121 Nguyễn Văn Linh, Quận 7, TP. Hồ Chí Minh, Vietnam",Infrastructure Site - HCM-03,"Hikvision, Juniper, Cisco",
Server Room A - HCM-03,"121 Nguyễn Văn Linh, Quận 7, TP. Hồ Chí Minh, Vietnam",Infrastructure Site - HCM-03,"Juniper, Ericsson, Hikvision",Danang Engineering Works
Server Room B - HCM-03,"121 Nguyễn Văn Linh, Quận 7, TP. Hồ Chí Minh, Vietnam",Infrastructure Site - HCM-03,"Hikvision, Ericsson, Dell",
Network Closet - HCM-03,"121 Nguyễn Văn Linh, Quận 7, TP. Hồ Chí Minh, Vietnam",Infrastructure Site - HCM-03,"Nokia, Fortinet, Vertiv",Danang Engineering Works
Access Control Room - HCM-03,"121 Nguyễn Văn Linh, Quận 7, TP. Hồ Chí Minh, Vietnam",Infrastructure Site - HCM-03,"Aruba, Schneider Electric, Hikvision",Mekong Telecom Services
Video Surveillance Room - HCM-03,"121 Nguyễn Văn Linh, Quận 7, TP. Hồ Chí Minh, Vietnam",Infrastructure Site - HCM-03,"APC, Schneider Electric, Aruba",
UPS Room - HCM-03,"121 Nguyễn Văn Linh, Quận 7, TP. Hồ Chí Minh, Vietnam",Infrastructure Site - HCM-03,"NVIDIA, Cisco, Corning",
Electrical Room - HCM-03,"121 Nguyễn Văn Linh, Quận 7, TP. Hồ Chí Minh, Vietnam",Infrastructure Site - HCM-03,"Corning, Juniper, Cisco",
HVAC Plant - HCM-03,"121 Nguyễn Văn Linh, Quận 7, TP. Hồ Chí Minh, Vietnam",Infrastructure Site - HCM-03,"APC, Aruba, Juniper",Alpha Secure Systems
Generator Yard - HCM-03,"121 Nguyễn Văn Linh, Quận 7, TP. Hồ Chí Minh, Vietnam",Infrastructure Site - HCM-03,"Ericsson, Vertiv, Dell",
Reception - HCM-03,"121 Nguyễn Văn Linh, Quận 7, TP. Hồ Chí Minh, Vietnam",Infrastructure Site - HCM-03,"Paxton, Vertiv, Hikvision",
Loading Bay - HCM-03,"121 Nguyễn Văn Linh, Quận 7, TP. Hồ Chí Minh, Vietnam",Infrastructure Site - HCM-03,"Juniper, Vertiv, Ericsson",VN Facilities Services
Roof - HCM-03,"121 Nguyễn Văn Linh, Quận 7, TP. Hồ Chí Minh, Vietnam",Infrastructure Site - HCM-03,"Juniper, Aruba, Hikvision",Danang Engineering Works
IDF Room 1 - HCM-03,"121 Nguyễn Văn Linh, Quận 7, TP. Hồ Chí Minh, Vietnam",Office Floor 1 - HCM-03,"Vertiv, Hikvision, Schneider Electric",
IDF Room 2 - HCM-03,"121 Nguyễn Văn Linh, Quận 7, TP. Hồ Chí Minh, Vietnam",Office Floor 2 - HCM-03,"Dell, Schneider Electric, Cisco",
Telecom Mast - HCM-03,"121 Nguyễn Văn Linh, Quận 7, TP. Hồ Chí Minh, Vietnam",Roof - HCM-03,"Paxton, Aruba, Vertiv",Danang Engineering Works
Base Station - HCM-03,"121 Nguyễn Văn Linh, Quận 7, TP. Hồ Chí Minh, Vietnam",Telecom Mast - HCM-03,"Dell, Hikvision, Paxton",VN Facilities Services
Antenna Array - HCM-03,"121 Nguyễn Văn Linh, Quận 7, TP. Hồ Chí Minh, Vietnam",Telecom Mast - HCM-03,"Nokia, NVIDIA, Ericsson",Red River Power Co.
Storage Room - HCM-03,"121 Nguyễn Văn Linh, Quận 7, TP. Hồ Chí Minh, Vietnam",Infrastructure Site - HCM-03,"Cisco, Fortinet, Nokia",
Office Floor 1 - HCM-03,"121 Nguyễn Văn Linh, Quận 7, TP. Hồ Chí Minh, Vietnam",Infrastructure Site - HCM-03,"Fortinet, Ericsson, Dell",SaiGon MEP Solutions
Office Floor 2 - HCM-03,"121 Nguyễn Văn Linh, Quận 7, TP. Hồ Chí Minh, Vietnam",Infrastructure Site - HCM-03,"Fortinet, Dell, Juniper",
Lab A - HCM-03,"121 Nguyễn Văn Linh, Quận 7, TP. Hồ Chí Minh, Vietnam",Infrastructure Site - HCM-03,"Corning, Hikvision, Schneider Electric",Alpha Secure Systems
Workshop - HCM-03,"121 Nguyễn Văn Linh, Quận 7, TP. Hồ Chí Minh, Vietnam",Infrastructure Site - HCM-03,"Nokia, Fortinet, Cisco",
Infrastructure Site - HCM-04,"128 Xa Lộ Hà Nội, Thủ Đức, TP. Hồ Chí Minh, Vietnam",,"Schneider Electric, Corning, Nokia",
Network Operations Center (NOC) - HCM-04,"128 Xa Lộ Hà Nội, Thủ Đức, TP. Hồ Chí Minh, Vietnam",Infrastructure Site - HCM-04,"APC, Paxton, Hikvision",
Security Operations Center (SOC) - HCM-04,"128 Xa Lộ Hà Nội, Thủ Đức, TP. Hồ Chí Minh, Vietnam",Infrastructure Site - HCM-04,"APC, Hikvision, Paxton",
Server Room A - HCM-04,"128 Xa Lộ Hà Nội, Thủ Đức, TP. Hồ Chí Minh, Vietnam",Infrastructure Site - HCM-04,"Corning, Fortinet, Paxton",
Server Room B - HCM-04,"128 Xa Lộ Hà Nội, Thủ Đức, TP. Hồ Chí Minh, Vietnam",Infrastructure Site - HCM-04,"Aruba, Juniper, Cisco",
Network Closet - HCM-04,"128 Xa Lộ Hà Nội, Thủ Đức, TP. Hồ Chí Minh, Vietnam",Infrastructure Site - HCM-04,"Nokia, Juniper, Aruba",
Access Control Room - HCM-04,"128 Xa Lộ Hà Nội, Thủ Đức, TP. Hồ Chí Minh, Vietnam",Infrastructure Site - HCM-04,"Ericsson, Paxton, Dell",
Video Surveillance Room - HCM-04,"128 Xa Lộ Hà Nội, Thủ Đức, TP. Hồ Chí Minh, Vietnam",Infrastructure Site - HCM-04,"Juniper, Hikvision, APC",Danang Engineering Works
UPS Room - HCM-04,"128 Xa Lộ Hà Nội, Thủ Đức, TP. Hồ Chí Minh, Vietnam",Infrastructure Site - HCM-04,"Fortinet, Ericsson, NVIDIA",VN Facilities Services
Electrical Room - HCM-04,"128 Xa Lộ Hà Nội, Thủ Đức, TP. Hồ Chí Minh, Vietnam",Infrastructure Site - HCM-04,"Corning, Ericsson, Paxton",
HVAC Plant - HCM-04,"128 Xa Lộ Hà Nội, Thủ Đức, TP. Hồ Chí Minh, Vietnam",Infrastructure Site - HCM-04,"Juniper, Dell, Paxton",SaiGon MEP Solutions
Generator Yard - HCM-04,"128 Xa Lộ Hà Nội, Thủ Đức, TP. Hồ Chí Minh, Vietnam",Infrastructure Site - HCM-04,"NVIDIA, Ericsson, Dell",Alpha Secure Systems
Reception - HCM-04,"128 Xa Lộ Hà Nội, Thủ Đức, TP. Hồ Chí Minh, Vietnam",Infrastructure Site - HCM-04,"NVIDIA, APC, Hikvision",
Loading Bay - HCM-04,"128 Xa Lộ Hà Nội, Thủ Đức, TP. Hồ Chí Minh, Vietnam",Infrastructure Site - HCM-04,"Fortinet, Paxton, Ericsson",
Roof - HCM-04,"128 Xa Lộ Hà Nội, Thủ Đức, TP. Hồ Chí Minh, Vietnam",Infrastructure Site - HCM-04,"Fortinet, Cisco, Juniper",
IDF Room 1 - HCM-04,"128 Xa Lộ Hà Nội, Thủ Đức, TP. Hồ Chí Minh, Vietnam",Office Floor 1 - HCM-04,"Fortinet, Paxton, Cisco",HaNoi Cooling Services
IDF Room 2 - HCM-04,"128 Xa Lộ Hà Nội, Thủ Đức, TP. Hồ Chí Minh, Vietnam",Office Floor 2 - HCM-04,"Corning, Paxton, Dell",
Telecom Mast - HCM-04,"128 Xa Lộ Hà Nội, Thủ Đức, TP. Hồ Chí Minh, Vietnam",Roof - HCM-04,"Ericsson, NVIDIA, Schneider Electric",
Base Station - HCM-04,"128 Xa Lộ Hà Nội, Thủ Đức, TP. Hồ Chí Minh, Vietnam",Telecom Mast - HCM-04,"Juniper, Fortinet, NVIDIA",
Antenna Array - HCM-04,"128 Xa Lộ Hà Nội, Thủ Đức, TP. Hồ Chí Minh, Vietnam",Telecom Mast - HCM-04,"Ericsson, Cisco, APC",
Storage Room - HCM-04,"128 Xa Lộ Hà Nội, Thủ Đức, TP. Hồ Chí Minh, Vietnam",Infrastructure Site - HCM-04,"Dell, Schneider Electric, Fortinet",Red River Power Co.
Office Floor 1 - HCM-04,"128 Xa Lộ Hà Nội, Thủ Đức, TP. Hồ Chí Minh, Vietnam",Infrastructure Site - HCM-04,"Aruba, Cisco, APC",Alpha Secure Systems
Office Floor 2 - HCM-04,"128 Xa Lộ Hà Nội, Thủ Đức, TP. Hồ Chí Minh, Vietnam",Infrastructure Site - HCM-04,"Corning, Juniper, APC",
Lab A - HCM-04,"128 Xa Lộ Hà Nội, Thủ Đức, TP. Hồ Chí Minh, Vietnam",Infrastructure Site - HCM-04,"Fortinet, Schneider Electric, Nokia",
Workshop - HCM-04,"128 Xa Lộ Hà Nội, Thủ Đức, TP. Hồ Chí Minh, Vietnam",Infrastructure Site - HCM-04,"Hikvision, Dell, Aruba",
Infrastructure Site - DN-05,"135 2 Tháng 9, Hải Châu, Đà Nẵng, Vietnam",,"Cisco, Dell, NVIDIA",
Network Operations Center (NOC) - DN-05,"135 2 Tháng 9, Hải Châu, Đà Nẵng, Vietnam",Infrastructure Site - DN-05,"Aruba, Schneider Electric, Corning",
Security Operations Center (SOC) - DN-05,"135 2 Tháng 9, Hải Châu, Đà Nẵng, Vietnam",Infrastructure Site - DN-05,"Aruba, Hikvision, Paxton",SaiGon MEP Solutions
Server Room A - DN-05,"135 2 Tháng 9, Hải Châu, Đà Nẵng, Vietnam",Infrastructure Site - DN-05,"Schneider Electric, Cisco, Vertiv",Danang Engineering Works
Server Room B - DN-05,"135 2 Tháng 9, Hải Châu, Đà Nẵng, Vietnam",Infrastructure Site - DN-05,"APC, Paxton, Hikvision",Alpha Secure Systems
Network Closet - DN-05,"135 2 Tháng 9, Hải Châu, Đà Nẵng, Vietnam",Infrastructure Site - DN-05,"Schneider Electric, APC, Paxton",
Access Control Room - DN-05,"135 2 Tháng 9, Hải Châu, Đà Nẵng, Vietnam",Infrastructure Site - DN-05,"Aruba, Paxton, APC",
Video Surveillance Room - DN-05,"135 2 Tháng 9, Hải Châu, Đà Nẵng, Vietnam",Infrastructure Site - DN-05,"Schneider Electric, Corning, Ericsson",VN Facilities Services
UPS Room - DN-05,"135 2 Tháng 9, Hải Châu, Đà Nẵng, Vietnam",Infrastructure Site - DN-05,"Juniper, Paxton, Dell",
Electrical Room - DN-05,"135 2 Tháng 9, Hải Châu, Đà Nẵng, Vietnam",Infrastructure Site - DN-05,"Paxton, Cisco, Juniper",
HVAC Plant - DN-05,"135 2 Tháng 9, Hải Châu, Đà Nẵng, Vietnam",Infrastructure Site - DN-05,"APC, NVIDIA, Fortinet",
Generator Yard - DN-05,"135 2 Tháng 9, Hải Châu, Đà Nẵng, Vietnam",Infrastructure Site - DN-05,"Ericsson, Juniper, Schneider Electric",
Reception - DN-05,"135 2 Tháng 9, Hải Châu, Đà Nẵng, Vietnam",Infrastructure Site - DN-05,"Hikvision, Paxton, Cisco",
Loading Bay - DN-05,"135 2 Tháng 9, Hải Châu, Đà Nẵng, Vietnam",Infrastructure Site - DN-05,"Cisco, Ericsson, Aruba",
Roof - DN-05,"135 2 Tháng 9, Hải Châu, Đà Nẵng, Vietnam",Infrastructure Site - DN-05,"NVIDIA, Fortinet, Corning",Mekong Telecom Services
IDF Room 1 - DN-05,"135 2 Tháng 9, Hải Châu, Đà Nẵng, Vietnam",Office Floor 1 - DN-05,"Juniper, Corning, APC",
IDF Room 2 - DN-05,"135 2 Tháng 9, Hải Châu, Đà Nẵng, Vietnam",Office Floor 2 - DN-05,"Corning, Juniper, NVIDIA",
Telecom Mast - DN-05,"135 2 Tháng 9, Hải Châu, Đà Nẵng, Vietnam",Roof - DN-05,"Ericsson, Paxton, Corning",
Base Station - DN-05,"135 2 Tháng 9, Hải Châu, Đà Nẵng, Vietnam",Telecom Mast - DN-05,"Schneider Electric, NVIDIA, Paxton",
Antenna Array - DN-05,"135 2 Tháng 9, Hải Châu, Đà Nẵng, Vietnam",Telecom Mast - DN-05,"Hikvision, Schneider Electric, Corning",
Storage Room - DN-05,"135 2 Tháng 9, Hải Châu, Đà Nẵng, Vietnam",Infrastructure Site - DN-05,"Corning, NVIDIA, Dell",
Office Floor 1 - DN-05,"135 2 Tháng 9, Hải Châu, Đà Nẵng, Vietnam",Infrastructure Site - DN-05,"Paxton, Schneider Electric, Ericsson",
Office Floor 2 - DN-05,"135 2 Tháng 9, Hải Châu, Đà Nẵng, Vietnam",Infrastructure Site - DN-05,"Paxton, Fortinet, Hikvision",
Lab A - DN-05,"135 2 Tháng 9, Hải Châu, Đà Nẵng, Vietnam",Infrastructure Site - DN-05,"Nokia, Fortinet, Corning",Danang Engineering Works
Workshop - DN-05,"135 2 Tháng 9, Hải Châu, Đà Nẵng, Vietnam",Infrastructure Site - DN-05,"Vertiv, Corning, Hikvision",
Infrastructure Site - HP-06,"142 Tôn Đức Thắng, Lê Chân, Hải Phòng, Vietnam",,"Aruba, Fortinet, NVIDIA",SaiGon MEP Solutions
Network Operations Center (NOC) - HP-06,"142 Tôn Đức Thắng, Lê Chân, Hải Phòng, Vietnam",Infrastructure Site - HP-06,"Paxton, Ericsson, Corning",
Security Operations Center (SOC) - HP-06,"142 Tôn Đức Thắng, Lê Chân, Hải Phòng, Vietnam",Infrastructure Site - HP-06,"APC, Juniper, Hikvision",
Server Room A - HP-06,"142 Tôn Đức Thắng, Lê Chân, Hải Phòng, Vietnam",Infrastructure Site - HP-06,"Hikvision, Aruba, Fortinet",VN Facilities Services
Server Room B - HP-06,"142 Tôn Đức Thắng, Lê Chân, Hải Phòng, Vietnam",Infrastructure Site - HP-06,"Hikvision, Vertiv, Nokia",
Network Closet - HP-06,"142 Tôn Đức Thắng, Lê Chân, Hải Phòng, Vietnam",Infrastructure Site - HP-06,"Juniper, Vertiv, Schneider Electric",
Access Control Room - HP-06,"142 Tôn Đức Thắng, Lê Chân, Hải Phòng, Vietnam",Infrastructure Site - HP-06,"Nokia, Hikvision, NVIDIA",
Video Surveillance Room - HP-06,"142 Tôn Đức Thắng, Lê Chân, Hải Phòng, Vietnam",Infrastructure Site - HP-06,"Vertiv, Schneider Electric, Hikvision",VN Facilities Services
UPS Room - HP-06,"142 Tôn Đức Thắng, Lê Chân, Hải Phòng, Vietnam",Infrastructure Site - HP-06,"Aruba, Fortinet, Juniper",
Electrical Room - HP-06,"142 Tôn Đức Thắng, Lê Chân, Hải Phòng, Vietnam",Infrastructure Site - HP-06,"Hikvision, Dell, NVIDIA",
HVAC Plant - HP-06,"142 Tôn Đức Thắng, Lê Chân, Hải Phòng, Vietnam",Infrastructure Site - HP-06,"Cisco, Ericsson, Hikvision",
Generator Yard - HP-06,"142 Tôn Đức Thắng, Lê Chân, Hải Phòng, Vietnam",Infrastructure Site - HP-06,"Juniper, Vertiv, Dell",
Reception - HP-06,"142 Tôn Đức Thắng, Lê Chân, Hải Phòng, Vietnam",Infrastructure Site - HP-06,"Corning, Ericsson, Aruba",
Loading Bay - HP-06,"142 Tôn Đức Thắng, Lê Chân, Hải Phòng, Vietnam",Infrastructure Site - HP-06,"Aruba, Vertiv, Nokia",
Roof - HP-06,"142 Tôn Đức Thắng, Lê Chân, Hải Phòng, Vietnam",Infrastructure Site - HP-06,"Ericsson, Schneider Electric, Fortinet",
IDF Room 1 - HP-06,"142 Tôn Đức Thắng, Lê Chân, Hải Phòng, Vietnam",Office Floor 1 - HP-06,"Dell, NVIDIA, Vertiv",
IDF Room 2 - HP-06,"142 Tôn Đức Thắng, Lê Chân, Hải Phòng, Vietnam",Office Floor 2 - HP-06,"Aruba, Hikvision, Corning",Danang Engineering Works
Telecom Mast - HP-06,"142 Tôn Đức Thắng, Lê Chân, Hải Phòng, Vietnam",Roof - HP-06,"Corning, Hikvision, Paxton",
Base Station - HP-06,"142 Tôn Đức Thắng, Lê Chân, Hải Phòng, Vietnam",Telecom Mast - HP-06,"NVIDIA, Paxton, Hikvision",Red River Power Co.
Antenna Array - HP-06,"142 Tôn Đức Thắng, Lê Chân, Hải Phòng, Vietnam",Telecom Mast - HP-06,"Ericsson, Juniper, Dell",Mekong Telecom Services
Storage Room - HP-06,"142 Tôn Đức Thắng, Lê Chân, Hải Phòng, Vietnam",Infrastructure Site - HP-06,"NVIDIA, Dell, Fortinet",Mekong Telecom Services
Office Floor 1 - HP-06,"142 Tôn Đức Thắng, Lê Chân, Hải Phòng, Vietnam",Infrastructure Site - HP-06,"Schneider Electric, APC, Ericsson",
Office Floor 2 - HP-06,"142 Tôn Đức Thắng, Lê Chân, Hải Phòng, Vietnam",Infrastructure Site - HP-06,"Cisco, Hikvision, Schneider Electric",
Lab A - HP-06,"142 Tôn Đức Thắng, Lê Chân, Hải Phòng, Vietnam",Infrastructure Site - HP-06,"Aruba, Nokia, NVIDIA",Mekong Telecom Services
Workshop - HP-06,"142 Tôn Đức Thắng, Lê Chân, Hải Phòng, Vietnam",Infrastructure Site - HP-06,"Vertiv, Cisco, APC",Mekong Telecom Services
Infrastructure Site - CT-07,"149 30 Tháng 4, Ninh Kiều, Cần Thơ, Vietnam",,"Fortinet, Schneider Electric, Ericsson",
Network Operations Center (NOC) - CT-07,"149 30 Tháng 4, Ninh Kiều, Cần Thơ, Vietnam",Infrastructure Site - CT-07,"Ericsson, Aruba, Nokia",
Security Operations Center (SOC) - CT-07,"149 30 Tháng 4, Ninh Kiều, Cần Thơ, Vietnam",Infrastructure Site - CT-07,"Vertiv, Hikvision, Paxton",
Server Room A - CT-07,"149 30 Tháng 4, Ninh Kiều, Cần Thơ, Vietnam",Infrastructure Site - CT-07,"Cisco, Schneider Electric, APC",
Server Room B - CT-07,"149 30 Tháng 4, Ninh Kiều, Cần Thơ, Vietnam",Infrastructure Site - CT-07,"Aruba, Schneider Electric, NVIDIA",Danang Engineering Works
Network Closet - CT-07,"149 30 Tháng 4, Ninh Kiều, Cần Thơ, Vietnam",Infrastructure Site - CT-07,"Dell, Nokia, Ericsson",Mekong Telecom Services
Access Control Room - CT-07,"149 30 Tháng 4, Ninh Kiều, Cần Thơ, Vietnam",Infrastructure Site - CT-07,"Nokia, Fortinet, Corning",Mekong Telecom Services
Video Surveillance Room - CT-07,"149 30 Tháng 4, Ninh Kiều, Cần Thơ, Vietnam",Infrastructure Site - CT-07,"Dell, Vertiv, Fortinet",Mekong Telecom Services
UPS Room - CT-07,"149 30 Tháng 4, Ninh Kiều, Cần Thơ, Vietnam",Infrastructure Site - CT-07,"APC, Hikvision, Vertiv",Mekong Telecom Services
Electrical Room - CT-07,"149 30 Tháng 4, Ninh Kiều, Cần Thơ, Vietnam",Infrastructure Site - CT-07,"Paxton, Aruba, Schneider Electric",SaiGon MEP Solutions
HVAC Plant - CT-07,"149 30 Tháng 4, Ninh Kiều, Cần Thơ, Vietnam",Infrastructure Site - CT-07,"Vertiv, Cisco, NVIDIA",
Generator Yard - CT-07,"149 30 Tháng 4, Ninh Kiều, Cần Thơ, Vietnam",Infrastructure Site - CT-07,"APC, Hikvision, Corning",VN Facilities Services
Reception - CT-07,"149 30 Tháng 4, Ninh Kiều, Cần Thơ, Vietnam",Infrastructure Site - CT-07,"Aruba, Cisco, Hikvision",VN Facilities Services
Loading Bay - CT-07,"149 30 Tháng 4, Ninh Kiều, Cần Thơ, Vietnam",Infrastructure Site - CT-07,"Nokia, Dell, Hikvision",SaiGon MEP Solutions
Roof - CT-07,"149 30 Tháng 4, Ninh Kiều, Cần Thơ, Vietnam",Infrastructure Site - CT-07,"Nokia, Hikvision, Vertiv",
IDF Room 1 - CT-07,"149 30 Tháng 4, Ninh Kiều, Cần Thơ, Vietnam",Office Floor 1 - CT-07,"Aruba, APC, Dell",
IDF Room 2 - CT-07,"149 30 Tháng 4, Ninh Kiều, Cần Thơ, Vietnam",Office Floor 2 - CT-07,"NVIDIA, Fortinet, Juniper",
Telecom Mast - CT-07,"149 30 Tháng 4, Ninh Kiều, Cần Thơ, Vietnam",Roof - CT-07,"Dell, Paxton, Juniper",
Base Station - CT-07,"149 30 Tháng 4, Ninh Kiều, Cần Thơ, Vietnam",Telecom Mast - CT-07,"Paxton, Nokia, Corning",
Antenna Array - CT-07,"149 30 Tháng 4, Ninh Kiều, Cần Thơ, Vietnam",Telecom Mast - CT-07,"Schneider Electric, Fortinet, NVIDIA",Alpha Secure Systems
Storage Room - CT-07,"149 30 Tháng 4, Ninh Kiều, Cần Thơ, Vietnam",Infrastructure Site - CT-07,"Juniper, NVIDIA, Paxton",
Office Floor 1 - CT-07,"149 30 Tháng 4, Ninh Kiều, Cần Thơ, Vietnam",Infrastructure Site - CT-07,"Nokia, Aruba, Juniper",
Office Floor 2 - CT-07,"149 30 Tháng 4, Ninh Kiều, Cần Thơ, Vietnam",Infrastructure Site - CT-07,"Nokia, Aruba, Cisco",Mekong Telecom Services
Lab A - CT-07,"149 30 Tháng 4, Ninh Kiều, Cần Thơ, Vietnam",Infrastructure Site - CT-07,"Corning, APC, Juniper",
Workshop - CT-07,"149 30 Tháng 4, Ninh Kiều, Cần Thơ, Vietnam",Infrastructure Site - CT-07,"APC, Cisco, Schneider Electric",
Infrastructure Site - BD-08,"156 Hữu Nghị, Thuận An, Bình Dương, Vietnam",,"Juniper, Schneider Electric, APC",
Network Operations Center (NOC) - BD-08,"156 Hữu Nghị, Thuận An, Bình Dương, Vietnam",Infrastructure Site - BD-08,"Fortinet, Vertiv, NVIDIA",HaNoi Cooling Services
Security Operations Center (SOC) - BD-08,"156 Hữu Nghị, Thuận An, Bình Dương, Vietnam",Infrastructure Site - BD-08,"NVIDIA, Ericsson, Corning",Danang Engineering Works
Server Room A - BD-08,"156 Hữu Nghị, Thuận An, Bình Dương, Vietnam",Infrastructure Site - BD-08,"Vertiv, Schneider Electric, NVIDIA",
Server Room B - BD-08,"156 Hữu Nghị, Thuận An, Bình Dương, Vietnam",Infrastructure Site - BD-08,"APC, Hikvision, Juniper",Danang Engineering Works
Network Closet - BD-08,"156 Hữu Nghị, Thuận An, Bình Dương, Vietnam",Infrastructure Site - BD-08,"Hikvision, Aruba, Vertiv",
Access Control Room - BD-08,"156 Hữu Nghị, Thuận An, Bình Dương, Vietnam",Infrastructure Site - BD-08,"Corning, Schneider Electric, APC",Red River Power Co.
Video Surveillance Room - BD-08,"156 Hữu Nghị, Thuận An, Bình Dương, Vietnam",Infrastructure Site - BD-08,"Dell, Vertiv, Hikvision",
UPS Room - BD-08,"156 Hữu Nghị, Thuận An, Bình Dương, Vietnam",Infrastructure Site - BD-08,"Paxton, APC, Fortinet",
Electrical Room - BD-08,"156 Hữu Nghị, Thuận An, Bình Dương, Vietnam",Infrastructure Site - BD-08,"NVIDIA, Paxton, Ericsson",Alpha Secure Systems
HVAC Plant - BD-08,"156 Hữu Nghị, Thuận An, Bình Dương, Vietnam",Infrastructure Site - BD-08,"Juniper, Hikvision, NVIDIA",
Generator Yard - BD-08,"156 Hữu Nghị, Thuận An, Bình Dương, Vietnam",Infrastructure Site - BD-08,"Ericsson, Aruba, Hikvision",
Reception - BD-08,"156 Hữu Nghị, Thuận An, Bình Dương, Vietnam",Infrastructure Site - BD-08,"Corning, NVIDIA, Vertiv",
Loading Bay - BD-08,"156 Hữu Nghị, Thuận An, Bình Dương, Vietnam",Infrastructure Site - BD-08,"Cisco, Juniper, Paxton",Alpha Secure Systems
Roof - BD-08,"156 Hữu Nghị, Thuận An, Bình Dương, Vietnam",Infrastructure Site - BD-08,"Paxton, Corning, Nokia",
IDF Room 1 - BD-08,"156 Hữu Nghị, Thuận An, Bình Dương, Vietnam",Office Floor 1 - BD-08,"Ericsson, Fortinet, APC",
IDF Room 2 - BD-08,"156 Hữu Nghị, Thuận An, Bình Dương, Vietnam",Office Floor 2 - BD-08,"NVIDIA, Ericsson, APC",
Telecom Mast - BD-08,"156 Hữu Nghị, Thuận An, Bình Dương, Vietnam",Roof - BD-08,"Vertiv, Paxton, Aruba",SaiGon MEP Solutions
Base Station - BD-08,"156 Hữu Nghị, Thuận An, Bình Dương, Vietnam",Telecom Mast - BD-08,"NVIDIA, Hikvision, APC",HaNoi Cooling Services
Antenna Array - BD-08,"156 Hữu Nghị, Thuận An, Bình Dương, Vietnam",Telecom Mast - BD-08,"Hikvision, Fortinet, NVIDIA",
Storage Room - BD-08,"156 Hữu Nghị, Thuận An, Bình Dương, Vietnam",Infrastructure Site - BD-08,"NVIDIA, Nokia, Ericsson",
Office Floor 1 - BD-08,"156 Hữu Nghị, Thuận An, Bình Dương, Vietnam",Infrastructure Site - BD-08,"Juniper, Hikvision, Paxton",HaNoi Cooling Services
Office Floor 2 - BD-08,"156 Hữu Nghị, Thuận An, Bình Dương, Vietnam",Infrastructure Site - BD-08,"Paxton, Cisco, NVIDIA",
Lab A - BD-08,"156 Hữu Nghị, Thuận An, Bình Dương, Vietnam",Infrastructure Site - BD-08,"Paxton, Cisco, Aruba",
Workshop - BD-08,"156 Hữu Nghị, Thuận An, Bình Dương, Vietnam",Infrastructure Site - BD-08,"NVIDIA, Dell, Corning",
Infrastructure Site - HN-09,"163 Phạm Hùng, Cầu Giấy, Hà Nội, Vietnam",,"Vertiv, Juniper, Cisco",
Network Operations Center (NOC) - HN-09,"163 Phạm Hùng, Cầu Giấy, Hà Nội, Vietnam",Infrastructure Site - HN-09,"Vertiv, Fortinet, Aruba",VN Facilities Services
Security Operations Center (SOC) - HN-09,"163 Phạm Hùng, Cầu Giấy, Hà Nội, Vietnam",Infrastructure Site - HN-09,"Paxton, Vertiv, Juniper",
Server Room A - HN-09,"163 Phạm Hùng, Cầu Giấy, Hà Nội, Vietnam",Infrastructure Site - HN-09,"Schneider Electric, Vertiv, Juniper",
Server Room B - HN-09,"163 Phạm Hùng, Cầu Giấy, Hà Nội, Vietnam",Infrastructure Site - HN-09,"Corning, Cisco, Dell",Metro Cabling Partners
Network Closet - HN-09,"163 Phạm Hùng, Cầu Giấy, Hà Nội, Vietnam",Infrastructure Site - HN-09,"Juniper, Hikvision, Fortinet",
Access Control Room - HN-09,"163 Phạm Hùng, Cầu Giấy, Hà Nội, Vietnam",Infrastructure Site - HN-09,"Schneider Electric, Nokia, Aruba",
Video Surveillance Room - HN-09,"163 Phạm Hùng, Cầu Giấy, Hà Nội, Vietnam",Infrastructure Site - HN-09,"Hikvision, Aruba, Ericsson",
UPS Room - HN-09,"163 Phạm Hùng, Cầu Giấy, Hà Nội, Vietnam",Infrastructure Site - HN-09,"Vertiv, Paxton, Nokia",
Electrical Room - HN-09,"163 Phạm Hùng, Cầu Giấy, Hà Nội, Vietnam",Infrastructure Site - HN-09,"Paxton, Nokia, Aruba",SaiGon MEP Solutions
HVAC Plant - HN-09,"163 Phạm Hùng, Cầu Giấy, Hà Nội, Vietnam",Infrastructure Site - HN-09,"Aruba, Hikvision, Corning",SaiGon MEP Solutions
Generator Yard - HN-09,"163 Phạm Hùng, Cầu Giấy, Hà Nội, Vietnam",Infrastructure Site - HN-09,"Dell, Hikvision, Fortinet",
Reception - HN-09,"163 Phạm Hùng, Cầu Giấy, Hà Nội, Vietnam",Infrastructure Site - HN-09,"Dell, Cisco, Schneider Electric",
Loading Bay - HN-09,"163 Phạm Hùng, Cầu Giấy, Hà Nội, Vietnam",Infrastructure Site - HN-09,"Nokia, Vertiv, Paxton",Metro Cabling Partners
Roof - HN-09,"163 Phạm Hùng, Cầu Giấy, Hà Nội, Vietnam",Infrastructure Site - HN-09,"NVIDIA, Paxton, Fortinet",
IDF Room 1 - HN-09,"163 Phạm Hùng, Cầu Giấy, Hà Nội, Vietnam",Office Floor 1 - HN-09,"Juniper, Corning, Hikvision",
IDF Room 2 - HN-09,"163 Phạm Hùng, Cầu Giấy, Hà Nội, Vietnam",Office Floor 2 - HN-09,"Aruba, Fortinet, Corning",
Telecom Mast - HN-09,"163 Phạm Hùng, Cầu Giấy, Hà Nội, Vietnam",Roof - HN-09,"Aruba, Hikvision, Schneider Electric",Alpha Secure Systems
Base Station - HN-09,"163 Phạm Hùng, Cầu Giấy, Hà Nội, Vietnam",Telecom Mast - HN-09,"Corning, Dell, Paxton",
Antenna Array - HN-09,"163 Phạm Hùng, Cầu Giấy, Hà Nội, Vietnam",Telecom Mast - HN-09,"Juniper, Cisco, Dell",
Storage Room - HN-09,"163 Phạm Hùng, Cầu Giấy, Hà Nội, Vietnam",Infrastructure Site - HN-09,"Nokia, NVIDIA, Fortinet",
Office Floor 1 - HN-09,"163 Phạm Hùng, Cầu Giấy, Hà Nội, Vietnam",Infrastructure Site - HN-09,"Vertiv, Juniper, Fortinet",
Office Floor 2 - HN-09,"163 Phạm Hùng, Cầu Giấy, Hà Nội, Vietnam",Infrastructure Site - HN-09,"NVIDIA, Schneider Electric, Paxton",
Lab A - HN-09,"163 Phạm Hùng, Cầu Giấy, Hà Nội, Vietnam",Infrastructure Site - HN-09,"Vertiv, Fortinet, Juniper",
Workshop - HN-09,"163 Phạm Hùng, Cầu Giấy, Hà Nội, Vietnam",Infrastructure Site - HN-09,"Schneider Electric, NVIDIA, APC",
Infrastructure Site - HN-10,"170 Nguyễn Văn Linh, Long Biên, Hà Nội, Vietnam",,"Cisco, Juniper, Hikvision",
Network Operations Center (NOC) - HN-10,"170 Nguyễn Văn Linh, Long Biên, Hà Nội, Vietnam",Infrastructure Site - HN-10,"Fortinet, Nokia, Aruba",
Security Operations Center (SOC) - HN-10,"170 Nguyễn Văn Linh, Long Biên, Hà Nội, Vietnam",Infrastructure Site - HN-10,"Aruba, Corning, Paxton",
Server Room A - HN-10,"170 Nguyễn Văn Linh, Long Biên, Hà Nội, Vietnam",Infrastructure Site - HN-10,"Aruba, Fortinet, Dell",
Server Room B - HN-10,"170 Nguyễn Văn Linh, Long Biên, Hà Nội, Vietnam",Infrastructure Site - HN-10,"Corning, Vertiv, Paxton",Mekong Telecom Services
Network Closet - HN-10,"170 Nguyễn Văn Linh, Long Biên, Hà Nội, Vietnam",Infrastructure Site - HN-10,"Corning, Vertiv, Juniper",
Access Control Room - HN-10,"170 Nguyễn Văn Linh, Long Biên, Hà Nội, Vietnam",Infrastructure Site - HN-10,"Schneider Electric, APC, Aruba",
Video Surveillance Room - HN-10,"170 Nguyễn Văn Linh, Long Biên, Hà Nội, Vietnam",Infrastructure Site - HN-10,"Fortinet, Dell, APC",
UPS Room - HN-10,"170 Nguyễn Văn Linh, Long Biên, Hà Nội, Vietnam",Infrastructure Site - HN-10,"Vertiv, Paxton, Corning",
Electrical Room - HN-10,"170 Nguyễn Văn Linh, Long Biên, Hà Nội, Vietnam",Infrastructure Site - HN-10,"Fortinet, Aruba, Ericsson",SaiGon MEP Solutions
HVAC Plant - HN-10,"170 Nguyễn Văn Linh, Long Biên, Hà Nội, Vietnam",Infrastructure Site - HN-10,"APC, Paxton, Fortinet",Mekong Telecom Services
Generator Yard - HN-10,"170 Nguyễn Văn Linh, Long Biên, Hà Nội, Vietnam",Infrastructure Site - HN-10,"Fortinet, Ericsson, Cisco",
Reception - HN-10,"170 Nguyễn Văn Linh, Long Biên, Hà Nội, Vietnam",Infrastructure Site - HN-10,"Ericsson, Vertiv, Schneider Electric",Red River Power Co.
Loading Bay - HN-10,"170 Nguyễn Văn Linh, Long Biên, Hà Nội, Vietnam",Infrastructure Site - HN-10,"Nokia, Aruba, Vertiv",
Roof - HN-10,"170 Nguyễn Văn Linh, Long Biên, Hà Nội, Vietnam",Infrastructure Site - HN-10,"Aruba, Cisco, Hikvision",HaNoi Cooling Services
IDF Room 1 - HN-10,"170 Nguyễn Văn Linh, Long Biên, Hà Nội, Vietnam",Office Floor 1 - HN-10,"Paxton, Vertiv, NVIDIA",
IDF Room 2 - HN-10,"170 Nguyễn Văn Linh, Long Biên, Hà Nội, Vietnam",Office Floor 2 - HN-10,"Cisco, Corning, Nokia",
Telecom Mast - HN-10,"170 Nguyễn Văn Linh, Long Biên, Hà Nội, Vietnam",Roof - HN-10,"NVIDIA, Dell, Paxton",
Base Station - HN-10,"170 Nguyễn Văn Linh, Long Biên, Hà Nội, Vietnam",Telecom Mast - HN-10,"Ericsson, Schneider Electric, Juniper",SaiGon MEP Solutions
Antenna Array - HN-10,"170 Nguyễn Văn Linh, Long Biên, Hà Nội, Vietnam",Telecom Mast - HN-10,"Vertiv, Juniper, Corning",
Storage Room - HN-10,"170 Nguyễn Văn Linh, Long Biên, Hà Nội, Vietnam",Infrastructure Site - HN-10,"Vertiv, NVIDIA, Paxton",
Office Floor 1 - HN-10,"170 Nguyễn Văn Linh, Long Biên, Hà Nội, Vietnam",Infrastructure Site - HN-10,"Paxton, Schneider Electric, Vertiv",
Office Floor 2 - HN-10,"170 Nguyễn Văn Linh, Long Biên, Hà Nội, Vietnam",Infrastructure Site - HN-10,"Hikvision, Vertiv, Ericsson",Alpha Secure Systems
Lab A - HN-10,"170 Nguyễn Văn Linh, Long Biên, Hà Nội, Vietnam",Infrastructure Site - HN-10,"Nokia, Ericsson, NVIDIA",
Workshop - HN-10,"170 Nguyễn Văn Linh, Long Biên, Hà Nội, Vietnam",Infrastructure Site - HN-10,"Fortinet, Juniper, Paxton",
Infrastructure Site - HCM-11,"177 Nguyễn Văn Linh, Quận 7, TP. Hồ Chí Minh, Vietnam",,"Fortinet, Schneider Electric, APC",
Network Operations Center (NOC) - HCM-11,"177 Nguyễn Văn Linh, Quận 7, TP. Hồ Chí Minh, Vietnam",Infrastructure Site - HCM-11,"Ericsson, Paxton, Cisco",Metro Cabling Partners
Security Operations Center (SOC) - HCM-11,"177 Nguyễn Văn Linh, Quận 7, TP. Hồ Chí Minh, Vietnam",Infrastructure Site - HCM-11,"Fortinet, Nokia, Aruba",
Server Room A - HCM-11,"177 Nguyễn Văn Linh, Quận 7, TP. Hồ Chí Minh, Vietnam",Infrastructure Site - HCM-11,"Vertiv, Dell, Fortinet",
Server Room B - HCM-11,"177 Nguyễn Văn Linh, Quận 7, TP. Hồ Chí Minh, Vietnam",Infrastructure Site - HCM-11,"APC, Fortinet, Ericsson",
Network Closet - HCM-11,"177 Nguyễn Văn Linh, Quận 7, TP. Hồ Chí Minh, Vietnam",Infrastructure Site - HCM-11,"Schneider Electric, Vertiv, APC",
Access Control Room - HCM-11,"177 Nguyễn Văn Linh, Quận 7, TP. Hồ Chí Minh, Vietnam",Infrastructure Site - HCM-11,"NVIDIA, Hikvision, Nokia",
Video Surveillance Room - HCM-11,"177 Nguyễn Văn Linh, Quận 7, TP. Hồ Chí Minh, Vietnam",Infrastructure Site - HCM-11,"Fortinet, Aruba, Schneider Electric",Danang Engineering Works
UPS Room - HCM-11,"177 Nguyễn Văn Linh, Quận 7, TP. Hồ Chí Minh, Vietnam",Infrastructure Site - HCM-11,"NVIDIA, Aruba, Schneider Electric",
Electrical Room - HCM-11,"177 Nguyễn Văn Linh, Quận 7, TP. Hồ Chí Minh, Vietnam",Infrastructure Site - HCM-11,"Corning, Aruba, Fortinet",
HVAC Plant - HCM-11,"177 Nguyễn Văn Linh, Quận 7, TP. Hồ Chí Minh, Vietnam",Infrastructure Site - HCM-11,"Vertiv, Cisco, Dell",
Generator Yard - HCM-11,"177 Nguyễn Văn Linh, Quận 7, TP. Hồ Chí Minh, Vietnam",Infrastructure Site - HCM-11,"Nokia, APC, Juniper",
Reception - HCM-11,"177 Nguyễn Văn Linh, Quận 7, TP. Hồ Chí Minh, Vietnam",Infrastructure Site - HCM-11,"Vertiv, Juniper, Ericsson",
Loading Bay - HCM-11,"177 Nguyễn Văn Linh, Quận 7, TP. Hồ Chí Minh, Vietnam",Infrastructure Site - HCM-11,"Cisco, NVIDIA, Dell",
Roof - HCM-11,"177 Nguyễn Văn Linh, Quận 7, TP. Hồ Chí Minh, Vietnam",Infrastructure Site - HCM-11,"Corning, Dell, Juniper",
IDF Room 1 - HCM-11,"177 Nguyễn Văn Linh, Quận 7, TP. Hồ Chí Minh, Vietnam",Office Floor 1 - HCM-11,"Paxton, APC, Nokia",
IDF Room 2 - HCM-11,"177 Nguyễn Văn Linh, Quận 7, TP. Hồ Chí Minh, Vietnam",Office Floor 2 - HCM-11,"Corning, Juniper, APC",
Telecom Mast - HCM-11,"177 Nguyễn Văn Linh, Quận 7, TP. Hồ Chí Minh, Vietnam",Roof - HCM-11,"Fortinet, Ericsson, Schneider Electric",
Base Station - HCM-11,"177 Nguyễn Văn Linh, Quận 7, TP. Hồ Chí Minh, Vietnam",Telecom Mast - HCM-11,"Corning, NVIDIA, Vertiv",
Antenna Array - HCM-11,"177 Nguyễn Văn Linh, Quận 7, TP. Hồ Chí Minh, Vietnam",Telecom Mast - HCM-11,"Cisco, Nokia, Juniper",Metro Cabling Partners
Storage Room - HCM-11,"177 Nguyễn Văn Linh, Quận 7, TP. Hồ Chí Minh, Vietnam",Infrastructure Site - HCM-11,"Hikvision, NVIDIA, Juniper",
Office Floor 1 - HCM-11,"177 Nguyễn Văn Linh, Quận 7, TP. Hồ Chí Minh, Vietnam",Infrastructure Site - HCM-11,"Juniper, Aruba, Corning",
Office Floor 2 - HCM-11,"177 Nguyễn Văn Linh, Quận 7, TP. Hồ Chí Minh, Vietnam",Infrastructure Site - HCM-11,"Juniper, Vertiv, Dell",
Lab A - HCM-11,"177 Nguyễn Văn Linh, Quận 7, TP. Hồ Chí Minh, Vietnam",Infrastructure Site - HCM-11,"Cisco, Fortinet, APC",
Workshop - HCM-11,"177 Nguyễn Văn Linh, Quận 7, TP. Hồ Chí Minh, Vietnam",Infrastructure Site - HCM-11,"Paxton, APC, Aruba",
Infrastructure Site - HCM-12,"184 Xa Lộ Hà Nội, Thủ Đức, TP. Hồ Chí Minh, Vietnam",,"Hikvision, Ericsson, Schneider Electric",
Network Operations Center (NOC) - HCM-12,"184 Xa Lộ Hà Nội, Thủ Đức, TP. Hồ Chí Minh, Vietnam",Infrastructure Site - HCM-12,"Aruba, Dell, Fortinet",Mekong Telecom Services
Security Operations Center (SOC) - HCM-12,"184 Xa Lộ Hà Nội, Thủ Đức, TP. Hồ Chí Minh, Vietnam",Infrastructure Site - HCM-12,"Nokia, Corning, Hikvision",
Server Room A - HCM-12,"184 Xa Lộ Hà Nội, Thủ Đức, TP. Hồ Chí Minh, Vietnam",Infrastructure Site - HCM-12,"Nokia, Dell, Hikvision",
Server Room B - HCM-12,"184 Xa Lộ Hà Nội, Thủ Đức, TP. Hồ Chí Minh, Vietnam",Infrastructure Site - HCM-12,"Paxton, Vertiv, Fortinet",
Network Closet - HCM-12,"184 Xa Lộ Hà Nội, Thủ Đức, TP. Hồ Chí Minh, Vietnam",Infrastructure Site - HCM-12,"Aruba, Vertiv, Paxton",
Access Control Room - HCM-12,"184 Xa Lộ Hà Nội, Thủ Đức, TP. Hồ Chí Minh, Vietnam",Infrastructure Site - HCM-12,"Dell, Juniper, Vertiv",
Video Surveillance Room - HCM-12,"184 Xa Lộ Hà Nội, Thủ Đức, TP. Hồ Chí Minh, Vietnam",Infrastructure Site - HCM-12,"Nokia, Paxton, Corning",
UPS Room - HCM-12,"184 Xa Lộ Hà Nội, Thủ Đức, TP. Hồ Chí Minh, Vietnam",Infrastructure Site - HCM-12,"NVIDIA, Paxton, Vertiv",
Electrical Room - HCM-12,"184 Xa Lộ Hà Nội, Thủ Đức, TP. Hồ Chí Minh, Vietnam",Infrastructure Site - HCM-12,"Hikvision, Schneider Electric, Vertiv",Mekong Telecom Services
HVAC Plant - HCM-12,"184 Xa Lộ Hà Nội, Thủ Đức, TP. Hồ Chí Minh, Vietnam",Infrastructure Site - HCM-12,"Nokia, APC, Fortinet",Metro Cabling Partners
Generator Yard - HCM-12,"184 Xa Lộ Hà Nội, Thủ Đức, TP. Hồ Chí Minh, Vietnam",Infrastructure Site - HCM-12,"Cisco, Corning, Schneider Electric",VN Facilities Services
Reception - HCM-12,"184 Xa Lộ Hà Nội, Thủ Đức, TP. Hồ Chí Minh, Vietnam",Infrastructure Site - HCM-12,"Nokia, NVIDIA, Vertiv",
Loading Bay - HCM-12,"184 Xa Lộ Hà Nội, Thủ Đức, TP. Hồ Chí Minh, Vietnam",Infrastructure Site - HCM-12,"Paxton, Aruba, Hikvision",
Roof - HCM-12,"184 Xa Lộ Hà Nội, Thủ Đức, TP. Hồ Chí Minh, Vietnam",Infrastructure Site - HCM-12,"APC, Hikvision, Corning",Metro Cabling Partners
IDF Room 1 - HCM-12,"184 Xa Lộ Hà Nội, Thủ Đức, TP. Hồ Chí Minh, Vietnam",Office Floor 1 - HCM-12,"Corning, Aruba, NVIDIA",
IDF Room 2 - HCM-12,"184 Xa Lộ Hà Nội, Thủ Đức, TP. Hồ Chí Minh, Vietnam",Office Floor 2 - HCM-12,"Corning, Dell, Fortinet",VN Facilities Services
Telecom Mast - HCM-12,"184 Xa Lộ Hà Nội, Thủ Đức, TP. Hồ Chí Minh, Vietnam",Roof - HCM-12,"Paxton, Aruba, Vertiv",Red River Power Co.
Base Station - HCM-12,"184 Xa Lộ Hà Nội, Thủ Đức, TP. Hồ Chí Minh, Vietnam",Telecom Mast - HCM-12,"NVIDIA, Dell, Juniper",
Antenna Array - HCM-12,"184 Xa Lộ Hà Nội, Thủ Đức, TP. Hồ Chí Minh, Vietnam",Telecom Mast - HCM-12,"APC, NVIDIA, Schneider Electric",HaNoi Cooling Services
Storage Room - HCM-12,"184 Xa Lộ Hà Nội, Thủ Đức, TP. Hồ Chí Minh, Vietnam",Infrastructure Site - HCM-12,"Aruba, Ericsson, APC",
Office Floor 1 - HCM-12,"184 Xa Lộ Hà Nội, Thủ Đức, TP. Hồ Chí Minh, Vietnam",Infrastructure Site - HCM-12,"Paxton, Dell, Fortinet",
Office Floor 2 - HCM-12,"184 Xa Lộ Hà Nội, Thủ Đức, TP. Hồ Chí Minh, Vietnam",Infrastructure Site - HCM-12,"Vertiv, Aruba, Paxton",
Lab A - HCM-12,"184 Xa Lộ Hà Nội, Thủ Đức, TP. Hồ Chí Minh, Vietnam",Infrastructure Site - HCM-12,"APC, Aruba, Juniper",
Workshop - HCM-12,"184 Xa Lộ Hà Nội, Thủ Đức, TP. Hồ Chí Minh, Vietnam",Infrastructure Site - HCM-12,"Juniper, Dell, Hikvision",
Infrastructure Site - DN-13,"191 2 Tháng 9, Hải Châu, Đà Nẵng, Vietnam",,"NVIDIA, Corning, Schneider Electric",
Network Operations Center (NOC) - DN-13,"191 2 Tháng 9, Hải Châu, Đà Nẵng, Vietnam",Infrastructure Site - DN-13,"Aruba, Ericsson, APC",Mekong Telecom Services
Security Operations Center (SOC) - DN-13,"191 2 Tháng 9, Hải Châu, Đà Nẵng, Vietnam",Infrastructure Site - DN-13,"Cisco, Paxton, Ericsson",Red River Power Co.
Server Room A - DN-13,"191 2 Tháng 9, Hải Châu, Đà Nẵng, Vietnam",Infrastructure Site - DN-13,"Corning, NVIDIA, Fortinet",Mekong Telecom Services
Server Room B - DN-13,"191 2 Tháng 9, Hải Châu, Đà Nẵng, Vietnam",Infrastructure Site - DN-13,"Fortinet, Corning, APC",Alpha Secure Systems
Network Closet - DN-13,"191 2 Tháng 9, Hải Châu, Đà Nẵng, Vietnam",Infrastructure Site - DN-13,"Vertiv, Cisco, Nokia",
Access Control Room - DN-13,"191 2 Tháng 9, Hải Châu, Đà Nẵng, Vietnam",Infrastructure Site - DN-13,"Ericsson, APC, Nokia",SaiGon MEP Solutions
Video Surveillance Room - DN-13,"191 2 Tháng 9, Hải Châu, Đà Nẵng, Vietnam",Infrastructure Site - DN-13,"Corning, Vertiv, NVIDIA",Mekong Telecom Services
UPS Room - DN-13,"191 2 Tháng 9, Hải Châu, Đà Nẵng, Vietnam",Infrastructure Site - DN-13,"Juniper, Dell, Cisco",
Electrical Room - DN-13,"191 2 Tháng 9, Hải Châu, Đà Nẵng, Vietnam",Infrastructure Site - DN-13,"Paxton, Vertiv, Juniper",HaNoi Cooling Services
HVAC Plant - DN-13,"191 2 Tháng 9, Hải Châu, Đà Nẵng, Vietnam",Infrastructure Site - DN-13,"Schneider Electric, Vertiv, APC",
Generator Yard - DN-13,"191 2 Tháng 9, Hải Châu, Đà Nẵng, Vietnam",Infrastructure Site - DN-13,"NVIDIA, Fortinet, Ericsson",
Reception - DN-13,"191 2 Tháng 9, Hải Châu, Đà Nẵng, Vietnam",Infrastructure Site - DN-13,"NVIDIA, Fortinet, Dell",
Loading Bay - DN-13,"191 2 Tháng 9, Hải Châu, Đà Nẵng, Vietnam",Infrastructure Site - DN-13,"Corning, Juniper, Vertiv",
Roof - DN-13,"191 2 Tháng 9, Hải Châu, Đà Nẵng, Vietnam",Infrastructure Site - DN-13,"Paxton, Cisco, NVIDIA",
IDF Room 1 - DN-13,"191 2 Tháng 9, Hải Châu, Đà Nẵng, Vietnam",Office Floor 1 - DN-13,"Vertiv, Fortinet, Hikvision",
IDF Room 2 - DN-13,"191 2 Tháng 9, Hải Châu, Đà Nẵng, Vietnam",Office Floor 2 - DN-13,"Juniper, Corning, APC",
Telecom Mast - DN-13,"191 2 Tháng 9, Hải Châu, Đà Nẵng, Vietnam",Roof - DN-13,"Corning, APC, Cisco",
Base Station - DN-13,"191 2 Tháng 9, Hải Châu, Đà Nẵng, Vietnam",Telecom Mast - DN-13,"Hikvision, Juniper, Vertiv",Alpha Secure Systems
Antenna Array - DN-13,"191 2 Tháng 9, Hải Châu, Đà Nẵng, Vietnam",Telecom Mast - DN-13,"Corning, Fortinet, Nokia",
Storage Room - DN-13,"191 2 Tháng 9, Hải Châu, Đà Nẵng, Vietnam",Infrastructure Site - DN-13,"Cisco, Aruba, APC",HaNoi Cooling Services
Office Floor 1 - DN-13,"191 2 Tháng 9, Hải Châu, Đà Nẵng, Vietnam",Infrastructure Site - DN-13,"Aruba, Nokia, Hikvision",Alpha Secure Systems
Office Floor 2 - DN-13,"191 2 Tháng 9, Hải Châu, Đà Nẵng, Vietnam",Infrastructure Site - DN-13,"Nokia, Hikvision, Aruba",HaNoi Cooling Services
Lab A - DN-13,"191 2 Tháng 9, Hải Châu, Đà Nẵng, Vietnam",Infrastructure Site - DN-13,"Aruba, Nokia, Cisco",HaNoi Cooling Services
Workshop - DN-13,"191 2 Tháng 9, Hải Châu, Đà Nẵng, Vietnam",Infrastructure Site - DN-13,"Dell, Ericsson, Paxton",
Infrastructure Site - HP-14,"198 Tôn Đức Thắng, Lê Chân, Hải Phòng, Vietnam",,"Juniper, Corning, Cisco",Red River Power Co.
Network Operations Center (NOC) - HP-14,"198 Tôn Đức Thắng, Lê Chân, Hải Phòng, Vietnam",Infrastructure Site - HP-14,"Aruba, Fortinet, Hikvision",
Security Operations Center (SOC) - HP-14,"198 Tôn Đức Thắng, Lê Chân, Hải Phòng, Vietnam",Infrastructure Site - HP-14,"Cisco, Dell, Paxton",Mekong Telecom Services
Server Room A - HP-14,"198 Tôn Đức Thắng, Lê Chân, Hải Phòng, Vietnam",Infrastructure Site - HP-14,"Ericsson, Juniper, NVIDIA",Danang Engineering Works
Server Room B - HP-14,"198 Tôn Đức Thắng, Lê Chân, Hải Phòng, Vietnam",Infrastructure Site - HP-14,"Aruba, APC, Ericsson",
Network Closet - HP-14,"198 Tôn Đức Thắng, Lê Chân, Hải Phòng, Vietnam",Infrastructure Site - HP-14,"Vertiv, Ericsson, Hikvision",
Access Control Room - HP-14,"198 Tôn Đức Thắng, Lê Chân, Hải Phòng, Vietnam",Infrastructure Site - HP-14,"Cisco, NVIDIA, Corning",
Video Surveillance Room - HP-14,"198 Tôn Đức Thắng, Lê Chân, Hải Phòng, Vietnam",Infrastructure Site - HP-14,"Vertiv, Corning, Cisco",Danang Engineering Works
UPS Room - HP-14,"198 Tôn Đức Thắng, Lê Chân, Hải Phòng, Vietnam",Infrastructure Site - HP-14,"Fortinet, Schneider Electric, Aruba",
Electrical Room - HP-14,"198 Tôn Đức Thắng, Lê Chân, Hải Phòng, Vietnam",Infrastructure Site - HP-14,"Vertiv, NVIDIA, Fortinet",SaiGon MEP Solutions
HVAC Plant - HP-14,"198 Tôn Đức Thắng, Lê Chân, Hải Phòng, Vietnam",Infrastructure Site - HP-14,"APC, Nokia, Dell",Metro Cabling Partners
Generator Yard - HP-14,"198 Tôn Đức Thắng, Lê Chân, Hải Phòng, Vietnam",Infrastructure Site - HP-14,"Nokia, Corning, Fortinet",
Reception - HP-14,"198 Tôn Đức Thắng, Lê Chân, Hải Phòng, Vietnam",Infrastructure Site - HP-14,"APC, Schneider Electric, Nokia",
Loading Bay - HP-14,"198 Tôn Đức Thắng, Lê Chân, Hải Phòng, Vietnam",Infrastructure Site - HP-14,"Vertiv, Ericsson, Nokia",
Roof - HP-14,"198 Tôn Đức Thắng, Lê Chân, Hải Phòng, Vietnam",Infrastructure Site - HP-14,"Aruba, NVIDIA, Juniper",
IDF Room 1 - HP-14,"198 Tôn Đức Thắng, Lê Chân, Hải Phòng, Vietnam",Office Floor 1 - HP-14,"Corning, Aruba, Ericsson",
IDF Room 2 - HP-14,"198 Tôn Đức Thắng, Lê Chân, Hải Phòng, Vietnam",Office Floor 2 - HP-14,"Hikvision, Schneider Electric, Vertiv",
Telecom Mast - HP-14,"198 Tôn Đức Thắng, Lê Chân, Hải Phòng, Vietnam",Roof - HP-14,"Schneider Electric, APC, Vertiv",
Base Station - HP-14,"198 Tôn Đức Thắng, Lê Chân, Hải Phòng, Vietnam",Telecom Mast - HP-14,"NVIDIA, Juniper, APC",
Antenna Array - HP-14,"198 Tôn Đức Thắng, Lê Chân, Hải Phòng, Vietnam",Telecom Mast - HP-14,"Corning, Paxton, APC",
Storage Room - HP-14,"198 Tôn Đức Thắng, Lê Chân, Hải Phòng, Vietnam",Infrastructure Site - HP-14,"Corning, Vertiv, Juniper",SaiGon MEP Solutions
Office Floor 1 - HP-14,"198 Tôn Đức Thắng, Lê Chân, Hải Phòng, Vietnam",Infrastructure Site - HP-14,"Juniper, Schneider Electric, Fortinet",
Office Floor 2 - HP-14,"198 Tôn Đức Thắng, Lê Chân, Hải Phòng, Vietnam",Infrastructure Site - HP-14,"APC, Aruba, Dell",
Lab A - HP-14,"198 Tôn Đức Thắng, Lê Chân, Hải Phòng, Vietnam",Infrastructure Site - HP-14,"Nokia, Ericsson, Aruba",SaiGon MEP Solutions
Workshop - HP-14,"198 Tôn Đức Thắng, Lê Chân, Hải Phòng, Vietnam",Infrastructure Site - HP-14,"Schneider Electric, APC, Corning",
Infrastructure Site - CT-15,"205 30 Tháng 4, Ninh Kiều, Cần Thơ, Vietnam",,"Schneider Electric, NVIDIA, Cisco",
Network Operations Center (NOC) - CT-15,"205 30 Tháng 4, Ninh Kiều, Cần Thơ, Vietnam",Infrastructure Site - CT-15,"Nokia, Paxton, APC",Alpha Secure Systems
Security Operations Center (SOC) - CT-15,"205 30 Tháng 4, Ninh Kiều, Cần Thơ, Vietnam",Infrastructure Site - CT-15,"Dell, Corning, Vertiv",SaiGon MEP Solutions
Server Room A - CT-15,"205 30 Tháng 4, Ninh Kiều, Cần Thơ, Vietnam",Infrastructure Site - CT-15,"APC, Ericsson, Fortinet",Metro Cabling Partners
Server Room B - CT-15,"205 30 Tháng 4, Ninh Kiều, Cần Thơ, Vietnam",Infrastructure Site - CT-15,"Nokia, Hikvision, Schneider Electric",
Network Closet - CT-15,"205 30 Tháng 4, Ninh Kiều, Cần Thơ, Vietnam",Infrastructure Site - CT-15,"Aruba, Nokia, Fortinet",
Access Control Room - CT-15,"205 30 Tháng 4, Ninh Kiều, Cần Thơ, Vietnam",Infrastructure Site - CT-15,"Ericsson, Cisco, Nokia",
Video Surveillance Room - CT-15,"205 30 Tháng 4, Ninh Kiều, Cần Thơ, Vietnam",Infrastructure Site - CT-15,"Fortinet, NVIDIA, Paxton",Metro Cabling Partners
UPS Room - CT-15,"205 30 Tháng 4, Ninh Kiều, Cần Thơ, Vietnam",Infrastructure Site - CT-15,"NVIDIA, Aruba, Paxton",
Electrical Room - CT-15,"205 30 Tháng 4, Ninh Kiều, Cần Thơ, Vietnam",Infrastructure Site - CT-15,"APC, Cisco, Dell",
HVAC Plant - CT-15,"205 30 Tháng 4, Ninh Kiều, Cần Thơ, Vietnam",Infrastructure Site - CT-15,"Nokia, Corning, Schneider Electric",VN Facilities Services
Generator Yard - CT-15,"205 30 Tháng 4, Ninh Kiều, Cần Thơ, Vietnam",Infrastructure Site - CT-15,"Juniper, NVIDIA, Ericsson",Mekong Telecom Services
Reception - CT-15,"205 30 Tháng 4, Ninh Kiều, Cần Thơ, Vietnam",Infrastructure Site - CT-15,"Vertiv, APC, Dell",
Loading Bay - CT-15,"205 30 Tháng 4, Ninh Kiều, Cần Thơ, Vietnam",Infrastructure Site - CT-15,"NVIDIA, APC, Nokia",
Roof - CT-15,"205 30 Tháng 4, Ninh Kiều, Cần Thơ, Vietnam",Infrastructure Site - CT-15,"Cisco, Dell, Aruba",
IDF Room 1 - CT-15,"205 30 Tháng 4, Ninh Kiều, Cần Thơ, Vietnam",Office Floor 1 - CT-15,"Cisco, Corning, Juniper",Mekong Telecom Services
IDF Room 2 - CT-15,"205 30 Tháng 4, Ninh Kiều, Cần Thơ, Vietnam",Office Floor 2 - CT-15,"Vertiv, Nokia, Fortinet",
Telecom Mast - CT-15,"205 30 Tháng 4, Ninh Kiều, Cần Thơ, Vietnam",Roof - CT-15,"Hikvision, Aruba, Ericsson",Mekong Telecom Services
Base Station - CT-15,"205 30 Tháng 4, Ninh Kiều, Cần Thơ, Vietnam",Telecom Mast - CT-15,"Juniper, Paxton, Corning",
Antenna Array - CT-15,"205 30 Tháng 4, Ninh Kiều, Cần Thơ, Vietnam",Telecom Mast - CT-15,"Vertiv, Ericsson, Corning",Alpha Secure Systems
Storage Room - CT-15,"205 30 Tháng 4, Ninh Kiều, Cần Thơ, Vietnam",Infrastructure Site - CT-15,"Schneider Electric, Nokia, Cisco",Metro Cabling Partners
Office Floor 1 - CT-15,"205 30 Tháng 4, Ninh Kiều, Cần Thơ, Vietnam",Infrastructure Site - CT-15,"Hikvision, Aruba, Dell",
Office Floor 2 - CT-15,"205 30 Tháng 4, Ninh Kiều, Cần Thơ, Vietnam",Infrastructure Site - CT-15,"Paxton, APC, Juniper",Mekong Telecom Services
Lab A - CT-15,"205 30 Tháng 4, Ninh Kiều, Cần Thơ, Vietnam",Infrastructure Site - CT-15,"Dell, Fortinet, Schneider Electric",
Workshop - CT-15,"205 30 Tháng 4, Ninh Kiều, Cần Thơ, Vietnam",Infrastructure Site - CT-15,"Hikvision, Ericsson, Aruba",
Infrastructure Site - BD-16,"212 Hữu Nghị, Thuận An, Bình Dương, Vietnam",,"Aruba, APC, Juniper",
Network Operations Center (NOC) - BD-16,"212 Hữu Nghị, Thuận An, Bình Dương, Vietnam",Infrastructure Site - BD-16,"NVIDIA, Cisco, Schneider Electric",SaiGon MEP Solutions
Security Operations Center (SOC) - BD-16,"212 Hữu Nghị, Thuận An, Bình Dương, Vietnam",Infrastructure Site - BD-16,"Fortinet, APC, Nokia",
Server Room A - BD-16,"212 Hữu Nghị, Thuận An, Bình Dương, Vietnam",Infrastructure Site - BD-16,"Schneider Electric, NVIDIA, Corning",
Server Room B - BD-16,"212 Hữu Nghị, Thuận An, Bình Dương, Vietnam",Infrastructure Site - BD-16,"Juniper, Schneider Electric, Cisco",
Network Closet - BD-16,"212 Hữu Nghị, Thuận An, Bình Dương, Vietnam",Infrastructure Site - BD-16,"Dell, Aruba, Nokia",
Access Control Room - BD-16,"212 Hữu Nghị, Thuận An, Bình Dương, Vietnam",Infrastructure Site - BD-16,"NVIDIA, APC, Juniper",
Video Surveillance Room - BD-16,"212 Hữu Nghị, Thuận An, Bình Dương, Vietnam",Infrastructure Site - BD-16,"Juniper, Hikvision, Schneider Electric",
UPS Room - BD-16,"212 Hữu Nghị, Thuận An, Bình Dương, Vietnam",Infrastructure Site - BD-16,"Ericsson, Juniper, Schneider Electric",
Electrical Room - BD-16,"212 Hữu Nghị, Thuận An, Bình Dương, Vietnam",Infrastructure Site - BD-16,"NVIDIA, APC, Hikvision",HaNoi Cooling Services
HVAC Plant - BD-16,"212 Hữu Nghị, Thuận An, Bình Dương, Vietnam",Infrastructure Site - BD-16,"Juniper, Ericsson, Corning",Alpha Secure Systems
Generator Yard - BD-16,"212 Hữu Nghị, Thuận An, Bình Dương, Vietnam",Infrastructure Site - BD-16,"Aruba, APC, Fortinet",
Reception - BD-16,"212 Hữu Nghị, Thuận An, Bình Dương, Vietnam",Infrastructure Site - BD-16,"Fortinet, Corning, Dell",HaNoi Cooling Services
Loading Bay - BD-16,"212 Hữu Nghị, Thuận An, Bình Dương, Vietnam",Infrastructure Site - BD-16,"Paxton, Hikvision, Dell",
Roof - BD-16,"212 Hữu Nghị, Thuận An, Bình Dương, Vietnam",Infrastructure Site - BD-16,"Aruba, Fortinet, Corning",Danang Engineering Works
IDF Room 1 - BD-16,"212 Hữu Nghị, Thuận An, Bình Dương, Vietnam",Office Floor 1 - BD-16,"Vertiv, Aruba, Nokia",
IDF Room 2 - BD-16,"212 Hữu Nghị, Thuận An, Bình Dương, Vietnam",Office Floor 2 - BD-16,"Vertiv, Corning, Nokia",
Telecom Mast - BD-16,"212 Hữu Nghị, Thuận An, Bình Dương, Vietnam",Roof - BD-16,"Nokia, APC, Corning",Danang Engineering Works
Base Station - BD-16,"212 Hữu Nghị, Thuận An, Bình Dương, Vietnam",Telecom Mast - BD-16,"Juniper, Vertiv, Aruba",
Antenna Array - BD-16,"212 Hữu Nghị, Thuận An, Bình Dương, Vietnam",Telecom Mast - BD-16,"Aruba, Paxton, Nokia",SaiGon MEP Solutions
Storage Room - BD-16,"212 Hữu Nghị, Thuận An, Bình Dương, Vietnam",Infrastructure Site - BD-16,"Paxton, Vertiv, Aruba",Red River Power Co.
Office Floor 1 - BD-16,"212 Hữu Nghị, Thuận An, Bình Dương, Vietnam",Infrastructure Site - BD-16,"Fortinet, Paxton, Juniper",
Office Floor 2 - BD-16,"212 Hữu Nghị, Thuận An, Bình Dương, Vietnam",Infrastructure Site - BD-16,"Fortinet, Juniper, Nokia",
Lab A - BD-16,"212 Hữu Nghị, Thuận An, Bình Dương, Vietnam",Infrastructure Site - BD-16,"Schneider Electric, Vertiv, Nokia",
Workshop - BD-16,"212 Hữu Nghị, Thuận An, Bình Dương, Vietnam",Infrastructure Site - BD-16,"Aruba, NVIDIA, Cisco",
Infrastructure Site - HN-17,"219 Phạm Hùng, Cầu Giấy, Hà Nội, Vietnam",,"Aruba, Nokia, Corning",Danang Engineering Works
Network Operations Center (NOC) - HN-17,"219 Phạm Hùng, Cầu Giấy, Hà Nội, Vietnam",Infrastructure Site - HN-17,"Ericsson, Dell, Cisco",
Security Operations Center (SOC) - HN-17,"219 Phạm Hùng, Cầu Giấy, Hà Nội, Vietnam",Infrastructure Site - HN-17,"Aruba, APC, NVIDIA",HaNoi Cooling Services
Server Room A - HN-17,"219 Phạm Hùng, Cầu Giấy, Hà Nội, Vietnam",Infrastructure Site - HN-17,"Cisco, Hikvision, NVIDIA",
Server Room B - HN-17,"219 Phạm Hùng, Cầu Giấy, Hà Nội, Vietnam",Infrastructure Site - HN-17,"Vertiv, Ericsson, Aruba",
Network Closet - HN-17,"219 Phạm Hùng, Cầu Giấy, Hà Nội, Vietnam",Infrastructure Site - HN-17,"APC, Fortinet, Paxton",
Access Control Room - HN-17,"219 Phạm Hùng, Cầu Giấy, Hà Nội, Vietnam",Infrastructure Site - HN-17,"Aruba, APC, Corning",
Video Surveillance Room - HN-17,"219 Phạm Hùng, Cầu Giấy, Hà Nội, Vietnam",Infrastructure Site - HN-17,"Aruba, Corning, Fortinet",Red River Power Co.
UPS Room - HN-17,"219 Phạm Hùng, Cầu Giấy, Hà Nội, Vietnam",Infrastructure Site - HN-17,"Juniper, Ericsson, Corning",
Electrical Room - HN-17,"219 Phạm Hùng, Cầu Giấy, Hà Nội, Vietnam",Infrastructure Site - HN-17,"Paxton, NVIDIA, Corning",
HVAC Plant - HN-17,"219 Phạm Hùng, Cầu Giấy, Hà Nội, Vietnam",Infrastructure Site - HN-17,"Nokia, Dell, APC",HaNoi Cooling Services
Generator Yard - HN-17,"219 Phạm Hùng, Cầu Giấy, Hà Nội, Vietnam",Infrastructure Site - HN-17,"APC, Paxton, Corning",
Reception - HN-17,"219 Phạm Hùng, Cầu Giấy, Hà Nội, Vietnam",Infrastructure Site - HN-17,"Schneider Electric, Dell, Nokia",
Loading Bay - HN-17,"219 Phạm Hùng, Cầu Giấy, Hà Nội, Vietnam",Infrastructure Site - HN-17,"Juniper, Paxton, Ericsson",
Roof - HN-17,"219 Phạm Hùng, Cầu Giấy, Hà Nội, Vietnam",Infrastructure Site - HN-17,"Aruba, APC, Dell",
IDF Room 1 - HN-17,"219 Phạm Hùng, Cầu Giấy, Hà Nội, Vietnam",Office Floor 1 - HN-17,"Fortinet, NVIDIA, Corning",
IDF Room 2 - HN-17,"219 Phạm Hùng, Cầu Giấy, Hà Nội, Vietnam",Office Floor 2 - HN-17,"Juniper, Corning, Aruba",
Telecom Mast - HN-17,"219 Phạm Hùng, Cầu Giấy, Hà Nội, Vietnam",Roof - HN-17,"APC, Cisco, Fortinet",Alpha Secure Systems
Base Station - HN-17,"219 Phạm Hùng, Cầu Giấy, Hà Nội, Vietnam",Telecom Mast - HN-17,"APC, Aruba, Vertiv",HaNoi Cooling Services
Antenna Array - HN-17,"219 Phạm Hùng, Cầu Giấy, Hà Nội, Vietnam",Telecom Mast - HN-17,"Dell, Juniper, Paxton",
Storage Room - HN-17,"219 Phạm Hùng, Cầu Giấy, Hà Nội, Vietnam",Infrastructure Site - HN-17,"Juniper, Ericsson, Aruba",
Office Floor 1 - HN-17,"219 Phạm Hùng, Cầu Giấy, Hà Nội, Vietnam",Infrastructure Site - HN-17,"Ericsson, Cisco, Corning",HaNoi Cooling Services
Office Floor 2 - HN-17,"219 Phạm Hùng, Cầu Giấy, Hà Nội, Vietnam",Infrastructure Site - HN-17,"Nokia, Schneider Electric, Dell",HaNoi Cooling Services
Lab A - HN-17,"219 Phạm Hùng, Cầu Giấy, Hà Nội, Vietnam",Infrastructure Site - HN-17,"NVIDIA, Vertiv, Cisco",
Workshop - HN-17,"219 Phạm Hùng, Cầu Giấy, Hà Nội, Vietnam",Infrastructure Site - HN-17,"Corning, NVIDIA, Hikvision",
Infrastructure Site - HN-18,"226 Nguyễn Văn Linh, Long Biên, Hà Nội, Vietnam",,"Nokia, Paxton, NVIDIA",
Network Operations Center (NOC) - HN-18,"226 Nguyễn Văn Linh, Long Biên, Hà Nội, Vietnam",Infrastructure Site - HN-18,"Hikvision, Ericsson, Fortinet",Danang Engineering Works
Security Operations Center (SOC) - HN-18,"226 Nguyễn Văn Linh, Long Biên, Hà Nội, Vietnam",Infrastructure Site - HN-18,"Fortinet, Hikvision, APC",
Server Room A - HN-18,"226 Nguyễn Văn Linh, Long Biên, Hà Nội, Vietnam",Infrastructure Site - HN-18,"Nokia, Vertiv, Aruba",
Server Room B - HN-18,"226 Nguyễn Văn Linh, Long Biên, Hà Nội, Vietnam",Infrastructure Site - HN-18,"Aruba, Schneider Electric, Ericsson",
Network Closet - HN-18,"226 Nguyễn Văn Linh, Long Biên, Hà Nội, Vietnam",Infrastructure Site - HN-18,"Dell, Hikvision, Nokia",Metro Cabling Partners
Access Control Room - HN-18,"226 Nguyễn Văn Linh, Long Biên, Hà Nội, Vietnam",Infrastructure Site - HN-18,"Cisco, Corning, Vertiv",
Video Surveillance Room - HN-18,"226 Nguyễn Văn Linh, Long Biên, Hà Nội, Vietnam",Infrastructure Site - HN-18,"Ericsson, Juniper, NVIDIA",
UPS Room - HN-18,"226 Nguyễn Văn Linh, Long Biên, Hà Nội, Vietnam",Infrastructure Site - HN-18,"Fortinet, Juniper, Paxton",HaNoi Cooling Services
Electrical Room - HN-18,"226 Nguyễn Văn Linh, Long Biên, Hà Nội, Vietnam",Infrastructure Site - HN-18,"Paxton, Vertiv, Ericsson",Mekong Telecom Services
HVAC Plant - HN-18,"226 Nguyễn Văn Linh, Long Biên, Hà Nội, Vietnam",Infrastructure Site - HN-18,"Juniper, Hikvision, Vertiv",
Generator Yard - HN-18,"226 Nguyễn Văn Linh, Long Biên, Hà Nội, Vietnam",Infrastructure Site - HN-18,"Cisco, Schneider Electric, Fortinet",
Reception - HN-18,"226 Nguyễn Văn Linh, Long Biên, Hà Nội, Vietnam",Infrastructure Site - HN-18,"APC, Hikvision, Schneider Electric",
Loading Bay - HN-18,"226 Nguyễn Văn Linh, Long Biên, Hà Nội, Vietnam",Infrastructure Site - HN-18,"APC, Hikvision, Cisco",SaiGon MEP Solutions
Roof - HN-18,"226 Nguyễn Văn Linh, Long Biên, Hà Nội, Vietnam",Infrastructure Site - HN-18,"Fortinet, NVIDIA, Corning",HaNoi Cooling Services
IDF Room 1 - HN-18,"226 Nguyễn Văn Linh, Long Biên, Hà Nội, Vietnam",Office Floor 1 - HN-18,"Dell, Cisco, Paxton",
IDF Room 2 - HN-18,"226 Nguyễn Văn Linh, Long Biên, Hà Nội, Vietnam",Office Floor 2 - HN-18,"Vertiv, NVIDIA, Dell",
Telecom Mast - HN-18,"226 Nguyễn Văn Linh, Long Biên, Hà Nội, Vietnam",Roof - HN-18,"Vertiv, Fortinet, Nokia",SaiGon MEP Solutions
Base Station - HN-18,"226 Nguyễn Văn Linh, Long Biên, Hà Nội, Vietnam",Telecom Mast - HN-18,"Cisco, Paxton, Hikvision",
Antenna Array - HN-18,"226 Nguyễn Văn Linh, Long Biên, Hà Nội, Vietnam",Telecom Mast - HN-18,"Ericsson, NVIDIA, Nokia",
Storage Room - HN-18,"226 Nguyễn Văn Linh, Long Biên, Hà Nội, Vietnam",Infrastructure Site - HN-18,"Juniper, Aruba, Paxton",SaiGon MEP Solutions
Office Floor 1 - HN-18,"226 Nguyễn Văn Linh, Long Biên, Hà Nội, Vietnam",Infrastructure Site - HN-18,"Cisco, Hikvision, Schneider Electric",
Office Floor 2 - HN-18,"226 Nguyễn Văn Linh, Long Biên, Hà Nội, Vietnam",Infrastructure Site - HN-18,"Nokia, Vertiv, Juniper",Danang Engineering Works
Lab A - HN-18,"226 Nguyễn Văn Linh, Long Biên, Hà Nội, Vietnam",Infrastructure Site - HN-18,"Nokia, Ericsson, Cisco",
Workshop - HN-18,"226 Nguyễn Văn Linh, Long Biên, Hà Nội, Vietnam",Infrastructure Site - HN-18,"Nokia, Hikvision, NVIDIA",Mekong Telecom Services
Infrastructure Site - HCM-19,"233 Nguyễn Văn Linh, Quận 7, TP. Hồ Chí Minh, Vietnam",,"Cisco, Nokia, APC",Mekong Telecom Services
Network Operations Center (NOC) - HCM-19,"233 Nguyễn Văn Linh, Quận 7, TP. Hồ Chí Minh, Vietnam",Infrastructure Site - HCM-19,"Dell, Corning, Aruba",Red River Power Co.
Security Operations Center (SOC) - HCM-19,"233 Nguyễn Văn Linh, Quận 7, TP. Hồ Chí Minh, Vietnam",Infrastructure Site - HCM-19,"Juniper, Ericsson, Aruba",
Server Room A - HCM-19,"233 Nguyễn Văn Linh, Quận 7, TP. Hồ Chí Minh, Vietnam",Infrastructure Site - HCM-19,"Ericsson, Fortinet, Cisco",
Server Room B - HCM-19,"233 Nguyễn Văn Linh, Quận 7, TP. Hồ Chí Minh, Vietnam",Infrastructure Site - HCM-19,"Vertiv, Cisco, Corning",
Network Closet - HCM-19,"233 Nguyễn Văn Linh, Quận 7, TP. Hồ Chí Minh, Vietnam",Infrastructure Site - HCM-19,"APC, Paxton, NVIDIA",SaiGon MEP Solutions
Access Control Room - HCM-19,"233 Nguyễn Văn Linh, Quận 7, TP. Hồ Chí Minh, Vietnam",Infrastructure Site - HCM-19,"APC, Hikvision, NVIDIA",
Video Surveillance Room - HCM-19,"233 Nguyễn Văn Linh, Quận 7, TP. Hồ Chí Minh, Vietnam",Infrastructure Site - HCM-19,"Juniper, Aruba, Nokia",
UPS Room - HCM-19,"233 Nguyễn Văn Linh, Quận 7, TP. Hồ Chí Minh, Vietnam",Infrastructure Site - HCM-19,"APC, Dell, Cisco",
Electrical Room - HCM-19,"233 Nguyễn Văn Linh, Quận 7, TP. Hồ Chí Minh, Vietnam",Infrastructure Site - HCM-19,"APC, Corning, Dell",
HVAC Plant - HCM-19,"233 Nguyễn Văn Linh, Quận 7, TP. Hồ Chí Minh, Vietnam",Infrastructure Site - HCM-19,"Corning, Vertiv, NVIDIA",
Generator Yard - HCM-19,"233 Nguyễn Văn Linh, Quận 7, TP. Hồ Chí Minh, Vietnam",Infrastructure Site - HCM-19,"Dell, Aruba, Fortinet",Danang Engineering Works
Reception - HCM-19,"233 Nguyễn Văn Linh, Quận 7, TP. Hồ Chí Minh, Vietnam",Infrastructure Site - HCM-19,"Cisco, Paxton, Hikvision",Alpha Secure Systems
Loading Bay - HCM-19,"233 Nguyễn Văn Linh, Quận 7, TP. Hồ Chí Minh, Vietnam",Infrastructure Site - HCM-19,"Cisco, APC, Paxton",
Roof - HCM-19,"233 Nguyễn Văn Linh, Quận 7, TP. Hồ Chí Minh, Vietnam",Infrastructure Site - HCM-19,"Fortinet, Ericsson, Vertiv",Alpha Secure Systems
IDF Room 1 - HCM-19,"233 Nguyễn Văn Linh, Quận 7, TP. Hồ Chí Minh, Vietnam",Office Floor 1 - HCM-19,"Paxton, APC, Cisco",
IDF Room 2 - HCM-19,"233 Nguyễn Văn Linh, Quận 7, TP. Hồ Chí Minh, Vietnam",Office Floor 2 - HCM-19,"APC, Paxton, Juniper",
Telecom Mast - HCM-19,"233 Nguyễn Văn Linh, Quận 7, TP. Hồ Chí Minh, Vietnam",Roof - HCM-19,"Schneider Electric, Fortinet, NVIDIA",
Base Station - HCM-19,"233 Nguyễn Văn Linh, Quận 7, TP. Hồ Chí Minh, Vietnam",Telecom Mast - HCM-19,"Schneider Electric, APC, Dell",
Antenna Array - HCM-19,"233 Nguyễn Văn Linh, Quận 7, TP. Hồ Chí Minh, Vietnam",Telecom Mast - HCM-19,"Vertiv, APC, Ericsson",SaiGon MEP Solutions
Storage Room - HCM-19,"233 Nguyễn Văn Linh, Quận 7, TP. Hồ Chí Minh, Vietnam",Infrastructure Site - HCM-19,"NVIDIA, Schneider Electric, Juniper",
Office Floor 1 - HCM-19,"233 Nguyễn Văn Linh, Quận 7, TP. Hồ Chí Minh, Vietnam",Infrastructure Site - HCM-19,"Fortinet, Dell, Ericsson",SaiGon MEP Solutions
Office Floor 2 - HCM-19,"233 Nguyễn Văn Linh, Quận 7, TP. Hồ Chí Minh, Vietnam",Infrastructure Site - HCM-19,"Juniper, APC, Corning",Danang Engineering Works
Lab A - HCM-19,"233 Nguyễn Văn Linh, Quận 7, TP. Hồ Chí Minh, Vietnam",Infrastructure Site - HCM-19,"Nokia, NVIDIA, Schneider Electric",Danang Engineering Works
Workshop - HCM-19,"233 Nguyễn Văn Linh, Quận 7, TP. Hồ Chí Minh, Vietnam",Infrastructure Site - HCM-19,"APC, Vertiv, Cisco",
Infrastructure Site - HCM-20,"240 Xa Lộ Hà Nội, Thủ Đức, TP. Hồ Chí Minh, Vietnam",,"APC, Nokia, Schneider Electric",VN Facilities Services
Network Operations Center (NOC) - HCM-20,"240 Xa Lộ Hà Nội, Thủ Đức, TP. Hồ Chí Minh, Vietnam",Infrastructure Site - HCM-20,"Juniper, Corning, Aruba",
Security Operations Center (SOC) - HCM-20,"240 Xa Lộ Hà Nội, Thủ Đức, TP. Hồ Chí Minh, Vietnam",Infrastructure Site - HCM-20,"Ericsson, Aruba, NVIDIA",
Server Room A - HCM-20,"240 Xa Lộ Hà Nội, Thủ Đức, TP. Hồ Chí Minh, Vietnam",Infrastructure Site - HCM-20,"Cisco, Dell, Nokia",
Server Room B - HCM-20,"240 Xa Lộ Hà Nội, Thủ Đức, TP. Hồ Chí Minh, Vietnam",Infrastructure Site - HCM-20,"Vertiv, Cisco, Dell",Red River Power Co.
Network Closet - HCM-20,"240 Xa Lộ Hà Nội, Thủ Đức, TP. Hồ Chí Minh, Vietnam",Infrastructure Site - HCM-20,"APC, Schneider Electric, Nokia",HaNoi Cooling Services
Access Control Room - HCM-20,"240 Xa Lộ Hà Nội, Thủ Đức, TP. Hồ Chí Minh, Vietnam",Infrastructure Site - HCM-20,"Corning, Vertiv, APC",
Video Surveillance Room - HCM-20,"240 Xa Lộ Hà Nội, Thủ Đức, TP. Hồ Chí Minh, Vietnam",Infrastructure Site - HCM-20,"Aruba, Juniper, Nokia",Red River Power Co.
UPS Room - HCM-20,"240 Xa Lộ Hà Nội, Thủ Đức, TP. Hồ Chí Minh, Vietnam",Infrastructure Site - HCM-20,"Schneider Electric, APC, Corning",SaiGon MEP Solutions
Electrical Room - HCM-20,"240 Xa Lộ Hà Nội, Thủ Đức, TP. Hồ Chí Minh, Vietnam",Infrastructure Site - HCM-20,"Cisco, NVIDIA, Dell",
HVAC Plant - HCM-20,"240 Xa Lộ Hà Nội, Thủ Đức, TP. Hồ Chí Minh, Vietnam",Infrastructure Site - HCM-20,"Schneider Electric, Ericsson, Juniper",Metro Cabling Partners
Generator Yard - HCM-20,"240 Xa Lộ Hà Nội, Thủ Đức, TP. Hồ Chí Minh, Vietnam",Infrastructure Site - HCM-20,"NVIDIA, Vertiv, Hikvision",
Reception - HCM-20,"240 Xa Lộ Hà Nội, Thủ Đức, TP. Hồ Chí Minh, Vietnam",Infrastructure Site - HCM-20,"Paxton, NVIDIA, Vertiv",HaNoi Cooling Services
Loading Bay - HCM-20,"240 Xa Lộ Hà Nội, Thủ Đức, TP. Hồ Chí Minh, Vietnam",Infrastructure Site - HCM-20,"Fortinet, Juniper, Vertiv",Danang Engineering Works
Roof - HCM-20,"240 Xa Lộ Hà Nội, Thủ Đức, TP. Hồ Chí Minh, Vietnam",Infrastructure Site - HCM-20,"Juniper, Aruba, Corning",
IDF Room 1 - HCM-20,"240 Xa Lộ Hà Nội, Thủ Đức, TP. Hồ Chí Minh, Vietnam",Office Floor 1 - HCM-20,"APC, Corning, Fortinet",
IDF Room 2 - HCM-20,"240 Xa Lộ Hà Nội, Thủ Đức, TP. Hồ Chí Minh, Vietnam",Office Floor 2 - HCM-20,"Ericsson, Fortinet, Paxton",
Telecom Mast - HCM-20,"240 Xa Lộ Hà Nội, Thủ Đức, TP. Hồ Chí Minh, Vietnam",Roof - HCM-20,"Fortinet, Dell, NVIDIA",
Base Station - HCM-20,"240 Xa Lộ Hà Nội, Thủ Đức, TP. Hồ Chí Minh, Vietnam",Telecom Mast - HCM-20,"NVIDIA, Corning, Dell",
Antenna Array - HCM-20,"240 Xa Lộ Hà Nội, Thủ Đức, TP. Hồ Chí Minh, Vietnam",Telecom Mast - HCM-20,"Ericsson, Hikvision, Juniper",
Storage Room - HCM-20,"240 Xa Lộ Hà Nội, Thủ Đức, TP. Hồ Chí Minh, Vietnam",Infrastructure Site - HCM-20,"Aruba, Dell, Hikvision",
Office Floor 1 - HCM-20,"240 Xa Lộ Hà Nội, Thủ Đức, TP. Hồ Chí Minh, Vietnam",Infrastructure Site - HCM-20,"Cisco, APC, Ericsson",
Office Floor 2 - HCM-20,"240 Xa Lộ Hà Nội, Thủ Đức, TP. Hồ Chí Minh, Vietnam",Infrastructure Site - HCM-20,"Vertiv, Aruba, Ericsson",SaiGon MEP Solutions
Lab A - HCM-20,"240 Xa Lộ Hà Nội, Thủ Đức, TP. Hồ Chí Minh, Vietnam",Infrastructure Site - HCM-20,"Juniper, Paxton, Schneider Electric",
Workshop - HCM-20,"240 Xa Lộ Hà Nội, Thủ Đức, TP. Hồ Chí Minh, Vietnam",Infrastructure Site - HCM-20,"NVIDIA, Vertiv, Ericsson",
Infrastructure Site - DN-21,"247 2 Tháng 9, Hải Châu, Đà Nẵng, Vietnam",,"Schneider Electric, Nokia, Juniper",Red River Power Co.
Network Operations Center (NOC) - DN-21,"247 2 Tháng 9, Hải Châu, Đà Nẵng, Vietnam",Infrastructure Site - DN-21,"Corning, Juniper, Vertiv",
Security Operations Center (SOC) - DN-21,"247 2 Tháng 9, Hải Châu, Đà Nẵng, Vietnam",Infrastructure Site - DN-21,"Ericsson, APC, Dell",
Server Room A - DN-21,"247 2 Tháng 9, Hải Châu, Đà Nẵng, Vietnam",Infrastructure Site - DN-21,"Aruba, Ericsson, Corning",
Server Room B - DN-21,"247 2 Tháng 9, Hải Châu, Đà Nẵng, Vietnam",Infrastructure Site - DN-21,"Aruba, Dell, Schneider Electric",
Network Closet - DN-21,"247 2 Tháng 9, Hải Châu, Đà Nẵng, Vietnam",Infrastructure Site - DN-21,"Fortinet, Cisco, Juniper",
Access Control Room - DN-21,"247 2 Tháng 9, Hải Châu, Đà Nẵng, Vietnam",Infrastructure Site - DN-21,"Paxton, Dell, Aruba",Alpha Secure Systems
Video Surveillance Room - DN-21,"247 2 Tháng 9, Hải Châu, Đà Nẵng, Vietnam",Infrastructure Site - DN-21,"APC, Ericsson, Paxton",
UPS Room - DN-21,"247 2 Tháng 9, Hải Châu, Đà Nẵng, Vietnam",Infrastructure Site - DN-21,"Paxton, Hikvision, Corning",
Electrical Room - DN-21,"247 2 Tháng 9, Hải Châu, Đà Nẵng, Vietnam",Infrastructure Site - DN-21,"Paxton, Dell, Corning",SaiGon MEP Solutions
HVAC Plant - DN-21,"247 2 Tháng 9, Hải Châu, Đà Nẵng, Vietnam",Infrastructure Site - DN-21,"Ericsson, Corning, Dell",
Generator Yard - DN-21,"247 2 Tháng 9, Hải Châu, Đà Nẵng, Vietnam",Infrastructure Site - DN-21,"Nokia, Dell, Aruba",
Reception - DN-21,"247 2 Tháng 9, Hải Châu, Đà Nẵng, Vietnam",Infrastructure Site - DN-21,"NVIDIA, Nokia, APC",
Loading Bay - DN-21,"247 2 Tháng 9, Hải Châu, Đà Nẵng, Vietnam",Infrastructure Site - DN-21,"Nokia, Cisco, Aruba",Metro Cabling Partners
Roof - DN-21,"247 2 Tháng 9, Hải Châu, Đà Nẵng, Vietnam",Infrastructure Site - DN-21,"Corning, Hikvision, Nokia",
IDF Room 1 - DN-21,"247 2 Tháng 9, Hải Châu, Đà Nẵng, Vietnam",Office Floor 1 - DN-21,"Corning, Cisco, Vertiv",
IDF Room 2 - DN-21,"247 2 Tháng 9, Hải Châu, Đà Nẵng, Vietnam",Office Floor 2 - DN-21,"Ericsson, Paxton, Corning",
Telecom Mast - DN-21,"247 2 Tháng 9, Hải Châu, Đà Nẵng, Vietnam",Roof - DN-21,"Vertiv, Hikvision, Corning",
Base Station - DN-21,"247 2 Tháng 9, Hải Châu, Đà Nẵng, Vietnam",Telecom Mast - DN-21,"Vertiv, Juniper, NVIDIA",Danang Engineering Works
Antenna Array - DN-21,"247 2 Tháng 9, Hải Châu, Đà Nẵng, Vietnam",Telecom Mast - DN-21,"Schneider Electric, Vertiv, Aruba",HaNoi Cooling Services
Storage Room - DN-21,"247 2 Tháng 9, Hải Châu, Đà Nẵng, Vietnam",Infrastructure Site - DN-21,"APC, NVIDIA, Fortinet",
Office Floor 1 - DN-21,"247 2 Tháng 9, Hải Châu, Đà Nẵng, Vietnam",Infrastructure Site - DN-21,"Fortinet, APC, Schneider Electric",Red River Power Co.
Office Floor 2 - DN-21,"247 2 Tháng 9, Hải Châu, Đà Nẵng, Vietnam",Infrastructure Site - DN-21,"Ericsson, Fortinet, Juniper",Danang Engineering Works
Lab A - DN-21,"247 2 Tháng 9, Hải Châu, Đà Nẵng, Vietnam",Infrastructure Site - DN-21,"Juniper, Paxton, Vertiv",SaiGon MEP Solutions
Workshop - DN-21,"247 2 Tháng 9, Hải Châu, Đà Nẵng, Vietnam",Infrastructure Site - DN-21,"Cisco, Paxton, Schneider Electric",
Infrastructure Site - HP-22,"254 Tôn Đức Thắng, Lê Chân, Hải Phòng, Vietnam",,"Schneider Electric, Hikvision, Dell",
Network Operations Center (NOC) - HP-22,"254 Tôn Đức Thắng, Lê Chân, Hải Phòng, Vietnam",Infrastructure Site - HP-22,"Nokia, NVIDIA, APC",HaNoi Cooling Services
Security Operations Center (SOC) - HP-22,"254 Tôn Đức Thắng, Lê Chân, Hải Phòng, Vietnam",Infrastructure Site - HP-22,"Vertiv, Ericsson, Fortinet",
Server Room A - HP-22,"254 Tôn Đức Thắng, Lê Chân, Hải Phòng, Vietnam",Infrastructure Site - HP-22,"Paxton, Vertiv, Cisco",Mekong Telecom Services
Server Room B - HP-22,"254 Tôn Đức Thắng, Lê Chân, Hải Phòng, Vietnam",Infrastructure Site - HP-22,"Ericsson, Vertiv, Hikvision",Red River Power Co.
Network Closet - HP-22,"254 Tôn Đức Thắng, Lê Chân, Hải Phòng, Vietnam",Infrastructure Site - HP-22,"Cisco, Fortinet, Paxton",
Access Control Room - HP-22,"254 Tôn Đức Thắng, Lê Chân, Hải Phòng, Vietnam",Infrastructure Site - HP-22,"Fortinet, Corning, Aruba",
Video Surveillance Room - HP-22,"254 Tôn Đức Thắng, Lê Chân, Hải Phòng, Vietnam",Infrastructure Site - HP-22,"Ericsson, Cisco, Juniper",
UPS Room - HP-22,"254 Tôn Đức Thắng, Lê Chân, Hải Phòng, Vietnam",Infrastructure Site - HP-22,"Paxton, NVIDIA, APC",
Electrical Room - HP-22,"254 Tôn Đức Thắng, Lê Chân, Hải Phòng, Vietnam",Infrastructure Site - HP-22,"APC, Cisco, Schneider Electric",Alpha Secure Systems
HVAC Plant - HP-22,"254 Tôn Đức Thắng, Lê Chân, Hải Phòng, Vietnam",Infrastructure Site - HP-22,"APC, Ericsson, Paxton",Danang Engineering Works
Generator Yard - HP-22,"254 Tôn Đức Thắng, Lê Chân, Hải Phòng, Vietnam",Infrastructure Site - HP-22,"Aruba, Ericsson, Paxton",
Reception - HP-22,"254 Tôn Đức Thắng, Lê Chân, Hải Phòng, Vietnam",Infrastructure Site - HP-22,"Nokia, Corning, Fortinet",SaiGon MEP Solutions
Loading Bay - HP-22,"254 Tôn Đức Thắng, Lê Chân, Hải Phòng, Vietnam",Infrastructure Site - HP-22,"Schneider Electric, APC, Aruba",
Roof - HP-22,"254 Tôn Đức Thắng, Lê Chân, Hải Phòng, Vietnam",Infrastructure Site - HP-22,"APC, Aruba, Dell",Mekong Telecom Services
IDF Room 1 - HP-22,"254 Tôn Đức Thắng, Lê Chân, Hải Phòng, Vietnam",Office Floor 1 - HP-22,"Ericsson, Cisco, Aruba",Red River Power Co.
IDF Room 2 - HP-22,"254 Tôn Đức Thắng, Lê Chân, Hải Phòng, Vietnam",Office Floor 2 - HP-22,"Aruba, Vertiv, Ericsson",
Telecom Mast - HP-22,"254 Tôn Đức Thắng, Lê Chân, Hải Phòng, Vietnam",Roof - HP-22,"Nokia, Ericsson, Dell",Red River Power Co.
Base Station - HP-22,"254 Tôn Đức Thắng, Lê Chân, Hải Phòng, Vietnam",Telecom Mast - HP-22,"Dell, Schneider Electric, Nokia",
Antenna Array - HP-22,"254 Tôn Đức Thắng, Lê Chân, Hải Phòng, Vietnam",Telecom Mast - HP-22,"Paxton, Nokia, APC",
Storage Room - HP-22,"254 Tôn Đức Thắng, Lê Chân, Hải Phòng, Vietnam",Infrastructure Site - HP-22,"Ericsson, Fortinet, Vertiv",
Office Floor 1 - HP-22,"254 Tôn Đức Thắng, Lê Chân, Hải Phòng, Vietnam",Infrastructure Site - HP-22,"Paxton, Vertiv, Cisco",
Office Floor 2 - HP-22,"254 Tôn Đức Thắng, Lê Chân, Hải Phòng, Vietnam",Infrastructure Site - HP-22,"Corning, Juniper, Schneider Electric",
Lab A - HP-22,"254 Tôn Đức Thắng, Lê Chân, Hải Phòng, Vietnam",Infrastructure Site - HP-22,"Aruba, NVIDIA, Fortinet",
Workshop - HP-22,"254 Tôn Đức Thắng, Lê Chân, Hải Phòng, Vietnam",Infrastructure Site - HP-22,"Nokia, Vertiv, Paxton",
Infrastructure Site - CT-23,"261 30 Tháng 4, Ninh Kiều, Cần Thơ, Vietnam",,"Aruba, Fortinet, Nokia",
Network Operations Center (NOC) - CT-23,"261 30 Tháng 4, Ninh Kiều, Cần Thơ, Vietnam",Infrastructure Site - CT-23,"NVIDIA, Cisco, Nokia",
Security Operations Center (SOC) - CT-23,"261 30 Tháng 4, Ninh Kiều, Cần Thơ, Vietnam",Infrastructure Site - CT-23,"Ericsson, Corning, NVIDIA",
Server Room A - CT-23,"261 30 Tháng 4, Ninh Kiều, Cần Thơ, Vietnam",Infrastructure Site - CT-23,"Fortinet, Schneider Electric, Dell",
Server Room B - CT-23,"261 30 Tháng 4, Ninh Kiều, Cần Thơ, Vietnam",Infrastructure Site - CT-23,"Hikvision, Cisco, Nokia",
Network Closet - CT-23,"261 30 Tháng 4, Ninh Kiều, Cần Thơ, Vietnam",Infrastructure Site - CT-23,"Juniper, Hikvision, Cisco",
Access Control Room - CT-23,"261 30 Tháng 4, Ninh Kiều, Cần Thơ, Vietnam",Infrastructure Site - CT-23,"Schneider Electric, Dell, Fortinet",
Video Surveillance Room - CT-23,"261 30 Tháng 4, Ninh Kiều, Cần Thơ, Vietnam",Infrastructure Site - CT-23,"Schneider Electric, Ericsson, Nokia",
UPS Room - CT-23,"261 30 Tháng 4, Ninh Kiều, Cần Thơ, Vietnam",Infrastructure Site - CT-23,"Fortinet, NVIDIA, Aruba",HaNoi Cooling Services
Electrical Room - CT-23,"261 30 Tháng 4, Ninh Kiều, Cần Thơ, Vietnam",Infrastructure Site - CT-23,"Ericsson, Hikvision, Fortinet",Danang Engineering Works
HVAC Plant - CT-23,"261 30 Tháng 4, Ninh Kiều, Cần Thơ, Vietnam",Infrastructure Site - CT-23,"Ericsson, Schneider Electric, APC",
Generator Yard - CT-23,"261 30 Tháng 4, Ninh Kiều, Cần Thơ, Vietnam",Infrastructure Site - CT-23,"Vertiv, Ericsson, APC",
Reception - CT-23,"261 30 Tháng 4, Ninh Kiều, Cần Thơ, Vietnam",Infrastructure Site - CT-23,"Corning, Aruba, NVIDIA",
Loading Bay - CT-23,"261 30 Tháng 4, Ninh Kiều, Cần Thơ, Vietnam",Infrastructure Site - CT-23,"Aruba, NVIDIA, Paxton",
Roof - CT-23,"261 30 Tháng 4, Ninh Kiều, Cần Thơ, Vietnam",Infrastructure Site - CT-23,"Hikvision, Fortinet, Paxton",
IDF Room 1 - CT-23,"261 30 Tháng 4, Ninh Kiều, Cần Thơ, Vietnam",Office Floor 1 - CT-23,"Hikvision, Paxton, Aruba",
IDF Room 2 - CT-23,"261 30 Tháng 4, Ninh Kiều, Cần Thơ, Vietnam",Office Floor 2 - CT-23,"NVIDIA, Fortinet, Vertiv",Red River Power Co.
Telecom Mast - CT-23,"261 30 Tháng 4, Ninh Kiều, Cần Thơ, Vietnam",Roof - CT-23,"Ericsson, Aruba, NVIDIA",SaiGon MEP Solutions
Base Station - CT-23,"261 30 Tháng 4, Ninh Kiều, Cần Thơ, Vietnam",Telecom Mast - CT-23,"Nokia, Corning, Ericsson",
Antenna Array - CT-23,"261 30 Tháng 4, Ninh Kiều, Cần Thơ, Vietnam",Telecom Mast - CT-23,"Schneider Electric, APC, Dell",Metro Cabling Partners
Storage Room - CT-23,"261 30 Tháng 4, Ninh Kiều, Cần Thơ, Vietnam",Infrastructure Site - CT-23,"NVIDIA, Juniper, APC",
Office Floor 1 - CT-23,"261 30 Tháng 4, Ninh Kiều, Cần Thơ, Vietnam",Infrastructure Site - CT-23,"Corning, Paxton, NVIDIA",
Office Floor 2 - CT-23,"261 30 Tháng 4, Ninh Kiều, Cần Thơ, Vietnam",Infrastructure Site - CT-23,"Hikvision, Ericsson, Paxton",
Lab A - CT-23,"261 30 Tháng 4, Ninh Kiều, Cần Thơ, Vietnam",Infrastructure Site - CT-23,"NVIDIA, Paxton, Dell",Alpha Secure Systems
Workshop - CT-23,"261 30 Tháng 4, Ninh Kiều, Cần Thơ, Vietnam",Infrastructure Site - CT-23,"Hikvision, Cisco, Corning",
Infrastructure Site - BD-24,"268 Hữu Nghị, Thuận An, Bình Dương, Vietnam",,"Hikvision, Corning, Fortinet",Mekong Telecom Services
Network Operations Center (NOC) - BD-24,"268 Hữu Nghị, Thuận An, Bình Dương, Vietnam",Infrastructure Site - BD-24,"APC, NVIDIA, Vertiv",HaNoi Cooling Services
Security Operations Center (SOC) - BD-24,"268 Hữu Nghị, Thuận An, Bình Dương, Vietnam",Infrastructure Site - BD-24,"Cisco, Ericsson, Dell",
Server Room A - BD-24,"268 Hữu Nghị, Thuận An, Bình Dương, Vietnam",Infrastructure Site - BD-24,"Vertiv, Fortinet, Corning",Metro Cabling Partners
Server Room B - BD-24,"268 Hữu Nghị, Thuận An, Bình Dương, Vietnam",Infrastructure Site - BD-24,"APC, Paxton, Corning",SaiGon MEP Solutions
Network Closet - BD-24,"268 Hữu Nghị, Thuận An, Bình Dương, Vietnam",Infrastructure Site - BD-24,"Corning, Nokia, Hikvision",
Access Control Room - BD-24,"268 Hữu Nghị, Thuận An, Bình Dương, Vietnam",Infrastructure Site - BD-24,"NVIDIA, Cisco, Dell",
Video Surveillance Room - BD-24,"268 Hữu Nghị, Thuận An, Bình Dương, Vietnam",Infrastructure Site - BD-24,"Fortinet, Dell, Cisco",
UPS Room - BD-24,"268 Hữu Nghị, Thuận An, Bình Dương, Vietnam",Infrastructure Site - BD-24,"Schneider Electric, Aruba, Vertiv",Metro Cabling Partners
Electrical Room - BD-24,"268 Hữu Nghị, Thuận An, Bình Dương, Vietnam",Infrastructure Site - BD-24,"Cisco, Fortinet, Paxton",
HVAC Plant - BD-24,"268 Hữu Nghị, Thuận An, Bình Dương, Vietnam",Infrastructure Site - BD-24,"Juniper, APC, Paxton",
Generator Yard - BD-24,"268 Hữu Nghị, Thuận An, Bình Dương, Vietnam",Infrastructure Site - BD-24,"Corning, Ericsson, Aruba",
Reception - BD-24,"268 Hữu Nghị, Thuận An, Bình Dương, Vietnam",Infrastructure Site - BD-24,"Dell, Ericsson, Vertiv",SaiGon MEP Solutions
Loading Bay - BD-24,"268 Hữu Nghị, Thuận An, Bình Dương, Vietnam",Infrastructure Site - BD-24,"APC, Dell, NVIDIA",
Roof - BD-24,"268 Hữu Nghị, Thuận An, Bình Dương, Vietnam",Infrastructure Site - BD-24,"Paxton, NVIDIA, Dell",Red River Power Co.
IDF Room 1 - BD-24,"268 Hữu Nghị, Thuận An, Bình Dương, Vietnam",Office Floor 1 - BD-24,"Aruba, Paxton, Nokia",
IDF Room 2 - BD-24,"268 Hữu Nghị, Thuận An, Bình Dương, Vietnam",Office Floor 2 - BD-24,"Hikvision, Dell, Nokia",
Telecom Mast - BD-24,"268 Hữu Nghị, Thuận An, Bình Dương, Vietnam",Roof - BD-24,"Schneider Electric, Fortinet, Ericsson",Mekong Telecom Services
Base Station - BD-24,"268 Hữu Nghị, Thuận An, Bình Dương, Vietnam",Telecom Mast - BD-24,"Corning, Juniper, Dell",
Antenna Array - BD-24,"268 Hữu Nghị, Thuận An, Bình Dương, Vietnam",Telecom Mast - BD-24,"Vertiv, APC, Hikvision",Mekong Telecom Services
Storage Room - BD-24,"268 Hữu Nghị, Thuận An, Bình Dương, Vietnam",Infrastructure Site - BD-24,"Hikvision, Vertiv, Paxton",
Office Floor 1 - BD-24,"268 Hữu Nghị, Thuận An, Bình Dương, Vietnam",Infrastructure Site - BD-24,"Paxton, Nokia, NVIDIA",
Office Floor 2 - BD-24,"268 Hữu Nghị, Thuận An, Bình Dương, Vietnam",Infrastructure Site - BD-24,"Paxton, Corning, APC",
Lab A - BD-24,"268 Hữu Nghị, Thuận An, Bình Dương, Vietnam",Infrastructure Site - BD-24,"Cisco, Corning, Juniper",
Workshop - BD-24,"268 Hữu Nghị, Thuận An, Bình Dương, Vietnam",Infrastructure Site - BD-24,"Dell, Schneider Electric, Corning",
Infrastructure Site - HN-25,"275 Phạm Hùng, Cầu Giấy, Hà Nội, Vietnam",,"NVIDIA, Aruba, Paxton",
Network Operations Center (NOC) - HN-25,"275 Phạm Hùng, Cầu Giấy, Hà Nội, Vietnam",Infrastructure Site - HN-25,"Corning, Paxton, APC",
Security Operations Center (SOC) - HN-25,"275 Phạm Hùng, Cầu Giấy, Hà Nội, Vietnam",Infrastructure Site - HN-25,"Hikvision, Dell, Vertiv",Red River Power Co.
Server Room A - HN-25,"275 Phạm Hùng, Cầu Giấy, Hà Nội, Vietnam",Infrastructure Site - HN-25,"Schneider Electric, NVIDIA, Ericsson",
Server Room B - HN-25,"275 Phạm Hùng, Cầu Giấy, Hà Nội, Vietnam",Infrastructure Site - HN-25,"Aruba, Ericsson, Corning",
Network Closet - HN-25,"275 Phạm Hùng, Cầu Giấy, Hà Nội, Vietnam",Infrastructure Site - HN-25,"Aruba, Hikvision, Corning",
Access Control Room - HN-25,"275 Phạm Hùng, Cầu Giấy, Hà Nội, Vietnam",Infrastructure Site - HN-25,"Fortinet, Aruba, Juniper",
Video Surveillance Room - HN-25,"275 Phạm Hùng, Cầu Giấy, Hà Nội, Vietnam",Infrastructure Site - HN-25,"Ericsson, NVIDIA, APC",SaiGon MEP Solutions
UPS Room - HN-25,"275 Phạm Hùng, Cầu Giấy, Hà Nội, Vietnam",Infrastructure Site - HN-25,"Cisco, Ericsson, Aruba",HaNoi Cooling Services
Electrical Room - HN-25,"275 Phạm Hùng, Cầu Giấy, Hà Nội, Vietnam",Infrastructure Site - HN-25,"Dell, APC, Ericsson",
HVAC Plant - HN-25,"275 Phạm Hùng, Cầu Giấy, Hà Nội, Vietnam",Infrastructure Site - HN-25,"Corning, Hikvision, NVIDIA",
Generator Yard - HN-25,"275 Phạm Hùng, Cầu Giấy, Hà Nội, Vietnam",Infrastructure Site - HN-25,"Juniper, Ericsson, Vertiv",
Reception - HN-25,"275 Phạm Hùng, Cầu Giấy, Hà Nội, Vietnam",Infrastructure Site - HN-25,"Vertiv, Dell, Ericsson",
Loading Bay - HN-25,"275 Phạm Hùng, Cầu Giấy, Hà Nội, Vietnam",Infrastructure Site - HN-25,"Nokia, Cisco, Ericsson",
Roof - HN-25,"275 Phạm Hùng, Cầu Giấy, Hà Nội, Vietnam",Infrastructure Site - HN-25,"Aruba, Paxton, NVIDIA",Metro Cabling Partners
IDF Room 1 - HN-25,"275 Phạm Hùng, Cầu Giấy, Hà Nội, Vietnam",Office Floor 1 - HN-25,"Fortinet, Cisco, NVIDIA",SaiGon MEP Solutions
IDF Room 2 - HN-25,"275 Phạm Hùng, Cầu Giấy, Hà Nội, Vietnam",Office Floor 2 - HN-25,"Cisco, Schneider Electric, APC",
Telecom Mast - HN-25,"275 Phạm Hùng, Cầu Giấy, Hà Nội, Vietnam",Roof - HN-25,"Ericsson, Cisco, Juniper",
Base Station - HN-25,"275 Phạm Hùng, Cầu Giấy, Hà Nội, Vietnam",Telecom Mast - HN-25,"Vertiv, Cisco, Paxton",
Antenna Array - HN-25,"275 Phạm Hùng, Cầu Giấy, Hà Nội, Vietnam",Telecom Mast - HN-25,"Aruba, Dell, Corning",
Storage Room - HN-25,"275 Phạm Hùng, Cầu Giấy, Hà Nội, Vietnam",Infrastructure Site - HN-25,"Corning, Schneider Electric, APC",
Office Floor 1 - HN-25,"275 Phạm Hùng, Cầu Giấy, Hà Nội, Vietnam",Infrastructure Site - HN-25,"Schneider Electric, Vertiv, Fortinet",
Office Floor 2 - HN-25,"275 Phạm Hùng, Cầu Giấy, Hà Nội, Vietnam",Infrastructure Site - HN-25,"Corning, Fortinet, Ericsson",Red River Power Co.
Lab A - HN-25,"275 Phạm Hùng, Cầu Giấy, Hà Nội, Vietnam",Infrastructure Site - HN-25,"Juniper, Dell, Ericsson",
Workshop - HN-25,"275 Phạm Hùng, Cầu Giấy, Hà Nội, Vietnam",Infrastructure Site - HN-25,"Dell, NVIDIA, Hikvision",
Infrastructure Site - HN-26,"282 Nguyễn Văn Linh, Long Biên, Hà Nội, Vietnam",,"Aruba, Cisco, Paxton",
Network Operations Center (NOC) - HN-26,"282 Nguyễn Văn Linh, Long Biên, Hà Nội, Vietnam",Infrastructure Site - HN-26,"NVIDIA, Ericsson, Schneider Electric",
Security Operations Center (SOC) - HN-26,"282 Nguyễn Văn Linh, Long Biên, Hà Nội, Vietnam",Infrastructure Site - HN-26,"Fortinet, Hikvision, Aruba",
Server Room A - HN-26,"282 Nguyễn Văn Linh, Long Biên, Hà Nội, Vietnam",Infrastructure Site - HN-26,"Dell, Paxton, Hikvision",
Server Room B - HN-26,"282 Nguyễn Văn Linh, Long Biên, Hà Nội, Vietnam",Infrastructure Site - HN-26,"NVIDIA, Aruba, Juniper",Mekong Telecom Services
Network Closet - HN-26,"282 Nguyễn Văn Linh, Long Biên, Hà Nội, Vietnam",Infrastructure Site - HN-26,"Nokia, Aruba, Cisco",SaiGon MEP Solutions
Access Control Room - HN-26,"282 Nguyễn Văn Linh, Long Biên, Hà Nội, Vietnam",Infrastructure Site - HN-26,"Juniper, Nokia, Cisco",
Video Surveillance Room - HN-26,"282 Nguyễn Văn Linh, Long Biên, Hà Nội, Vietnam",Infrastructure Site - HN-26,"Corning, NVIDIA, Cisco",VN Facilities Services
UPS Room - HN-26,"282 Nguyễn Văn Linh, Long Biên, Hà Nội, Vietnam",Infrastructure Site - HN-26,"Schneider Electric, Vertiv, Hikvision",
Electrical Room - HN-26,"282 Nguyễn Văn Linh, Long Biên, Hà Nội, Vietnam",Infrastructure Site - HN-26,"Aruba, Fortinet, Cisco",Metro Cabling Partners
HVAC Plant - HN-26,"282 Nguyễn Văn Linh, Long Biên, Hà Nội, Vietnam",Infrastructure Site - HN-26,"Hikvision, NVIDIA, Nokia",Red River Power Co.
Generator Yard - HN-26,"282 Nguyễn Văn Linh, Long Biên, Hà Nội, Vietnam",Infrastructure Site - HN-26,"Hikvision, Paxton, Dell",
Reception - HN-26,"282 Nguyễn Văn Linh, Long Biên, Hà Nội, Vietnam",Infrastructure Site - HN-26,"Ericsson, Hikvision, Schneider Electric",VN Facilities Services
Loading Bay - HN-26,"282 Nguyễn Văn Linh, Long Biên, Hà Nội, Vietnam",Infrastructure Site - HN-26,"Ericsson, Nokia, NVIDIA",
Roof - HN-26,"282 Nguyễn Văn Linh, Long Biên, Hà Nội, Vietnam",Infrastructure Site - HN-26,"Corning, Fortinet, Schneider Electric",
IDF Room 1 - HN-26,"282 Nguyễn Văn Linh, Long Biên, Hà Nội, Vietnam",Office Floor 1 - HN-26,"Cisco, APC, Corning",
IDF Room 2 - HN-26,"282 Nguyễn Văn Linh, Long Biên, Hà Nội, Vietnam",Office Floor 2 - HN-26,"Aruba, Ericsson, APC",
Telecom Mast - HN-26,"282 Nguyễn Văn Linh, Long Biên, Hà Nội, Vietnam",Roof - HN-26,"Schneider Electric, Dell, Paxton",
Base Station - HN-26,"282 Nguyễn Văn Linh, Long Biên, Hà Nội, Vietnam",Telecom Mast - HN-26,"Aruba, Ericsson, Vertiv",Alpha Secure Systems
Antenna Array - HN-26,"282 Nguyễn Văn Linh, Long Biên, Hà Nội, Vietnam",Telecom Mast - HN-26,"Paxton, NVIDIA, Dell",
Storage Room - HN-26,"282 Nguyễn Văn Linh, Long Biên, Hà Nội, Vietnam",Infrastructure Site - HN-26,"Cisco, Ericsson, Schneider Electric",
Office Floor 1 - HN-26,"282 Nguyễn Văn Linh, Long Biên, Hà Nội, Vietnam",Infrastructure Site - HN-26,"Ericsson, Fortinet, Dell",
Office Floor 2 - HN-26,"282 Nguyễn Văn Linh, Long Biên, Hà Nội, Vietnam",Infrastructure Site - HN-26,"Paxton, Hikvision, APC",
Lab A - HN-26,"282 Nguyễn Văn Linh, Long Biên, Hà Nội, Vietnam",Infrastructure Site - HN-26,"Vertiv, APC, Juniper",
Workshop - HN-26,"282 Nguyễn Văn Linh, Long Biên, Hà Nội, Vietnam",Infrastructure Site - HN-26,"Fortinet, Hikvision, Cisco",VN Facilities Services
Infrastructure Site - HCM-27,"289 Nguyễn Văn Linh, Quận 7, TP. Hồ Chí Minh, Vietnam",,"Fortinet, Juniper, Hikvision",
Network Operations Center (NOC) - HCM-27,"289 Nguyễn Văn Linh, Quận 7, TP. Hồ Chí Minh, Vietnam",Infrastructure Site - HCM-27,"Nokia, NVIDIA, Corning",
Security Operations Center (SOC) - HCM-27,"289 Nguyễn Văn Linh, Quận 7, TP. Hồ Chí Minh, Vietnam",Infrastructure Site - HCM-27,"Vertiv, Hikvision, APC",VN Facilities Services
Server Room A - HCM-27,"289 Nguyễn Văn Linh, Quận 7, TP. Hồ Chí Minh, Vietnam",Infrastructure Site - HCM-27,"Hikvision, Fortinet, NVIDIA",Danang Engineering Works
Server Room B - HCM-27,"289 Nguyễn Văn Linh, Quận 7, TP. Hồ Chí Minh, Vietnam",Infrastructure Site - HCM-27,"Hikvision, NVIDIA, Nokia",
Network Closet - HCM-27,"289 Nguyễn Văn Linh, Quận 7, TP. Hồ Chí Minh, Vietnam",Infrastructure Site - HCM-27,"Schneider Electric, Hikvision, Ericsson",Metro Cabling Partners
Access Control Room - HCM-27,"289 Nguyễn Văn Linh, Quận 7, TP. Hồ Chí Minh, Vietnam",Infrastructure Site - HCM-27,"Schneider Electric, Vertiv, Ericsson",
Video Surveillance Room - HCM-27,"289 Nguyễn Văn Linh, Quận 7, TP. Hồ Chí Minh, Vietnam",Infrastructure Site - HCM-27,"Paxton, Fortinet, APC",
UPS Room - HCM-27,"289 Nguyễn Văn Linh, Quận 7, TP. Hồ Chí Minh, Vietnam",Infrastructure Site - HCM-27,"Vertiv, Fortinet, Juniper",
Electrical Room - HCM-27,"289 Nguyễn Văn Linh, Quận 7, TP. Hồ Chí Minh, Vietnam",Infrastructure Site - HCM-27,"NVIDIA, Vertiv, APC",
HVAC Plant - HCM-27,"289 Nguyễn Văn Linh, Quận 7, TP. Hồ Chí Minh, Vietnam",Infrastructure Site - HCM-27,"APC, Fortinet, Schneider Electric",Alpha Secure Systems
Generator Yard - HCM-27,"289 Nguyễn Văn Linh, Quận 7, TP. Hồ Chí Minh, Vietnam",Infrastructure Site - HCM-27,"NVIDIA, Dell, Cisco",Mekong Telecom Services
Reception - HCM-27,"289 Nguyễn Văn Linh, Quận 7, TP. Hồ Chí Minh, Vietnam",Infrastructure Site - HCM-27,"Paxton, Dell, Hikvision",Mekong Telecom Services
Loading Bay - HCM-27,"289 Nguyễn Văn Linh, Quận 7, TP. Hồ Chí Minh, Vietnam",Infrastructure Site - HCM-27,"Nokia, Hikvision, Vertiv",
Roof - HCM-27,"289 Nguyễn Văn Linh, Quận 7, TP. Hồ Chí Minh, Vietnam",Infrastructure Site - HCM-27,"Corning, APC, Paxton",
IDF Room 1 - HCM-27,"289 Nguyễn Văn Linh, Quận 7, TP. Hồ Chí Minh, Vietnam",Office Floor 1 - HCM-27,"Vertiv, NVIDIA, Corning",
IDF Room 2 - HCM-27,"289 Nguyễn Văn Linh, Quận 7, TP. Hồ Chí Minh, Vietnam",Office Floor 2 - HCM-27,"Vertiv, Dell, NVIDIA",
Telecom Mast - HCM-27,"289 Nguyễn Văn Linh, Quận 7, TP. Hồ Chí Minh, Vietnam",Roof - HCM-27,"Dell, Fortinet, NVIDIA",
Base Station - HCM-27,"289 Nguyễn Văn Linh, Quận 7, TP. Hồ Chí Minh, Vietnam",Telecom Mast - HCM-27,"Dell, Ericsson, Corning",
Antenna Array - HCM-27,"289 Nguyễn Văn Linh, Quận 7, TP. Hồ Chí Minh, Vietnam",Telecom Mast - HCM-27,"Ericsson, Cisco, Juniper",
Storage Room - HCM-27,"289 Nguyễn Văn Linh, Quận 7, TP. Hồ Chí Minh, Vietnam",Infrastructure Site - HCM-27,"Corning, Cisco, Aruba",
Office Floor 1 - HCM-27,"289 Nguyễn Văn Linh, Quận 7, TP. Hồ Chí Minh, Vietnam",Infrastructure Site - HCM-27,"Fortinet, Corning, Hikvision",HaNoi Cooling Services
Office Floor 2 - HCM-27,"289 Nguyễn Văn Linh, Quận 7, TP. Hồ Chí Minh, Vietnam",Infrastructure Site - HCM-27,"Cisco, Hikvision, Ericsson",
Lab A - HCM-27,"289 Nguyễn Văn Linh, Quận 7, TP. Hồ Chí Minh, Vietnam",Infrastructure Site - HCM-27,"Cisco, Nokia, Corning",
Workshop - HCM-27,"289 Nguyễn Văn Linh, Quận 7, TP. Hồ Chí Minh, Vietnam",Infrastructure Site - HCM-27,"Nokia, Vertiv, Corning",
Infrastructure Site - HCM-28,"296 Xa Lộ Hà Nội, Thủ Đức, TP. Hồ Chí Minh, Vietnam",,"Cisco, Ericsson, Aruba",
Network Operations Center (NOC) - HCM-28,"296 Xa Lộ Hà Nội, Thủ Đức, TP. Hồ Chí Minh, Vietnam",Infrastructure Site - HCM-28,"Cisco, Ericsson, NVIDIA",Metro Cabling Partners
Security Operations Center (SOC) - HCM-28,"296 Xa Lộ Hà Nội, Thủ Đức, TP. Hồ Chí Minh, Vietnam",Infrastructure Site - HCM-28,"Cisco, Ericsson, NVIDIA",
Server Room A - HCM-28,"296 Xa Lộ Hà Nội, Thủ Đức, TP. Hồ Chí Minh, Vietnam",Infrastructure Site - HCM-28,"Aruba, Dell, Juniper",
Server Room B - HCM-28,"296 Xa Lộ Hà Nội, Thủ Đức, TP. Hồ Chí Minh, Vietnam",Infrastructure Site - HCM-28,"Ericsson, Dell, Hikvision",Metro Cabling Partners
Network Closet - HCM-28,"296 Xa Lộ Hà Nội, Thủ Đức, TP. Hồ Chí Minh, Vietnam",Infrastructure Site - HCM-28,"Fortinet, APC, Paxton",
Access Control Room - HCM-28,"296 Xa Lộ Hà Nội, Thủ Đức, TP. Hồ Chí Minh, Vietnam",Infrastructure Site - HCM-28,"Juniper, APC, Schneider Electric",
Video Surveillance Room - HCM-28,"296 Xa Lộ Hà Nội, Thủ Đức, TP. Hồ Chí Minh, Vietnam",Infrastructure Site - HCM-28,"Hikvision, NVIDIA, Fortinet",SaiGon MEP Solutions
UPS Room - HCM-28,"296 Xa Lộ Hà Nội, Thủ Đức, TP. Hồ Chí Minh, Vietnam",Infrastructure Site - HCM-28,"Corning, Fortinet, Cisco",Mekong Telecom Services
Electrical Room - HCM-28,"296 Xa Lộ Hà Nội, Thủ Đức, TP. Hồ Chí Minh, Vietnam",Infrastructure Site - HCM-28,"Schneider Electric, Ericsson, Vertiv",VN Facilities Services
HVAC Plant - HCM-28,"296 Xa Lộ Hà Nội, Thủ Đức, TP. Hồ Chí Minh, Vietnam",Infrastructure Site - HCM-28,"NVIDIA, Dell, Juniper",
Generator Yard - HCM-28,"296 Xa Lộ Hà Nội, Thủ Đức, TP. Hồ Chí Minh, Vietnam",Infrastructure Site - HCM-28,"Schneider Electric, Corning, APC",
Reception - HCM-28,"296 Xa Lộ Hà Nội, Thủ Đức, TP. Hồ Chí Minh, Vietnam",Infrastructure Site - HCM-28,"Fortinet, Juniper, Ericsson",
Loading Bay - HCM-28,"296 Xa Lộ Hà Nội, Thủ Đức, TP. Hồ Chí Minh, Vietnam",Infrastructure Site - HCM-28,"Hikvision, Fortinet, NVIDIA",
Roof - HCM-28,"296 Xa Lộ Hà Nội, Thủ Đức, TP. Hồ Chí Minh, Vietnam",Infrastructure Site - HCM-28,"Vertiv, Paxton, Cisco",
IDF Room 1 - HCM-28,"296 Xa Lộ Hà Nội, Thủ Đức, TP. Hồ Chí Minh, Vietnam",Office Floor 1 - HCM-28,"Corning, Paxton, Ericsson",
IDF Room 2 - HCM-28,"296 Xa Lộ Hà Nội, Thủ Đức, TP. Hồ Chí Minh, Vietnam",Office Floor 2 - HCM-28,"Cisco, Dell, APC",Alpha Secure Systems
Telecom Mast - HCM-28,"296 Xa Lộ Hà Nội, Thủ Đức, TP. Hồ Chí Minh, Vietnam",Roof - HCM-28,"Nokia, Dell, NVIDIA",
Base Station - HCM-28,"296 Xa Lộ Hà Nội, Thủ Đức, TP. Hồ Chí Minh, Vietnam",Telecom Mast - HCM-28,"Juniper, Paxton, Dell",
Antenna Array - HCM-28,"296 Xa Lộ Hà Nội, Thủ Đức, TP. Hồ Chí Minh, Vietnam",Telecom Mast - HCM-28,"Nokia, Schneider Electric, Corning",
Storage Room - HCM-28,"296 Xa Lộ Hà Nội, Thủ Đức, TP. Hồ Chí Minh, Vietnam",Infrastructure Site - HCM-28,"APC, Schneider Electric, NVIDIA",SaiGon MEP Solutions
Office Floor 1 - HCM-28,"296 Xa Lộ Hà Nội, Thủ Đức, TP. Hồ Chí Minh, Vietnam",Infrastructure Site - HCM-28,"Ericsson, NVIDIA, APC",Mekong Telecom Services
Office Floor 2 - HCM-28,"296 Xa Lộ Hà Nội, Thủ Đức, TP. Hồ Chí Minh, Vietnam",Infrastructure Site - HCM-28,"Hikvision, Juniper, APC",
Lab A - HCM-28,"296 Xa Lộ Hà Nội, Thủ Đức, TP. Hồ Chí Minh, Vietnam",Infrastructure Site - HCM-28,"Nokia, Fortinet, Schneider Electric",
Workshop - HCM-28,"296 Xa Lộ Hà Nội, Thủ Đức, TP. Hồ Chí Minh, Vietnam",Infrastructure Site - HCM-28,"APC, Cisco, Corning",Danang Engineering Works
Infrastructure Site - DN-29,"303 2 Tháng 9, Hải Châu, Đà Nẵng, Vietnam",,"Vertiv, Hikvision, APC",
Network Operations Center (NOC) - DN-29,"303 2 Tháng 9, Hải Châu, Đà Nẵng, Vietnam",Infrastructure Site - DN-29,"Schneider Electric, Fortinet, Dell",
Security Operations Center (SOC) - DN-29,"303 2 Tháng 9, Hải Châu, Đà Nẵng, Vietnam",Infrastructure Site - DN-29,"Corning, Schneider Electric, Juniper",
Server Room A - DN-29,"303 2 Tháng 9, Hải Châu, Đà Nẵng, Vietnam",Infrastructure Site - DN-29,"Paxton, Aruba, Hikvision",
Server Room B - DN-29,"303 2 Tháng 9, Hải Châu, Đà Nẵng, Vietnam",Infrastructure Site - DN-29,"Juniper, Paxton, Dell",
Network Closet - DN-29,"303 2 Tháng 9, Hải Châu, Đà Nẵng, Vietnam",Infrastructure Site - DN-29,"Aruba, Corning, Dell",
Access Control Room - DN-29,"303 2 Tháng 9, Hải Châu, Đà Nẵng, Vietnam",Infrastructure Site - DN-29,"APC, Fortinet, Juniper",Metro Cabling Partners
Video Surveillance Room - DN-29,"303 2 Tháng 9, Hải Châu, Đà Nẵng, Vietnam",Infrastructure Site - DN-29,"Vertiv, APC, Paxton",SaiGon MEP Solutions
UPS Room - DN-29,"303 2 Tháng 9, Hải Châu, Đà Nẵng, Vietnam",Infrastructure Site - DN-29,"Dell, Schneider Electric, Vertiv",
Electrical Room - DN-29,"303 2 Tháng 9, Hải Châu, Đà Nẵng, Vietnam",Infrastructure Site - DN-29,"Ericsson, Schneider Electric, Juniper",Red River Power Co.
HVAC Plant - DN-29,"303 2 Tháng 9, Hải Châu, Đà Nẵng, Vietnam",Infrastructure Site - DN-29,"Ericsson, Juniper, Nokia",
Generator Yard - DN-29,"303 2 Tháng 9, Hải Châu, Đà Nẵng, Vietnam",Infrastructure Site - DN-29,"APC, Schneider Electric, Cisco",Mekong Telecom Services
Reception - DN-29,"303 2 Tháng 9, Hải Châu, Đà Nẵng, Vietnam",Infrastructure Site - DN-29,"Aruba, Juniper, NVIDIA",
Loading Bay - DN-29,"303 2 Tháng 9, Hải Châu, Đà Nẵng, Vietnam",Infrastructure Site - DN-29,"Hikvision, Nokia, Ericsson",Mekong Telecom Services
Roof - DN-29,"303 2 Tháng 9, Hải Châu, Đà Nẵng, Vietnam",Infrastructure Site - DN-29,"Dell, Fortinet, Paxton",Danang Engineering Works
IDF Room 1 - DN-29,"303 2 Tháng 9, Hải Châu, Đà Nẵng, Vietnam",Office Floor 1 - DN-29,"Dell, Juniper, Fortinet",
IDF Room 2 - DN-29,"303 2 Tháng 9, Hải Châu, Đà Nẵng, Vietnam",Office Floor 2 - DN-29,"Schneider Electric, Paxton, Vertiv",
Telecom Mast - DN-29,"303 2 Tháng 9, Hải Châu, Đà Nẵng, Vietnam",Roof - DN-29,"APC, Paxton, Hikvision",
Base Station - DN-29,"303 2 Tháng 9, Hải Châu, Đà Nẵng, Vietnam",Telecom Mast - DN-29,"Vertiv, Nokia, Aruba",SaiGon MEP Solutions
Antenna Array - DN-29,"303 2 Tháng 9, Hải Châu, Đà Nẵng, Vietnam",Telecom Mast - DN-29,"Dell, Paxton, Cisco",
Storage Room - DN-29,"303 2 Tháng 9, Hải Châu, Đà Nẵng, Vietnam",Infrastructure Site - DN-29,"APC, Nokia, Schneider Electric",
Office Floor 1 - DN-29,"303 2 Tháng 9, Hải Châu, Đà Nẵng, Vietnam",Infrastructure Site - DN-29,"APC, Vertiv, Fortinet",
Office Floor 2 - DN-29,"303 2 Tháng 9, Hải Châu, Đà Nẵng, Vietnam",Infrastructure Site - DN-29,"Fortinet, Corning, Nokia",Red River Power Co.
Lab A - DN-29,"303 2 Tháng 9, Hải Châu, Đà Nẵng, Vietnam",Infrastructure Site - DN-29,"Nokia, NVIDIA, Hikvision",
Workshop - DN-29,"303 2 Tháng 9, Hải Châu, Đà Nẵng, Vietnam",Infrastructure Site - DN-29,"Dell, Schneider Electric, APC",Danang Engineering Works
Infrastructure Site - HP-30,"310 Tôn Đức Thắng, Lê Chân, Hải Phòng, Vietnam",,"Nokia, Aruba, Hikvision",Metro Cabling Partners
Network Operations Center (NOC) - HP-30,"310 Tôn Đức Thắng, Lê Chân, Hải Phòng, Vietnam",Infrastructure Site - HP-30,"Fortinet, Aruba, Schneider Electric",
Security Operations Center (SOC) - HP-30,"310 Tôn Đức Thắng, Lê Chân, Hải Phòng, Vietnam",Infrastructure Site - HP-30,"Nokia, Hikvision, Fortinet",
Server Room A - HP-30,"310 Tôn Đức Thắng, Lê Chân, Hải Phòng, Vietnam",Infrastructure Site - HP-30,"Dell, Corning, Ericsson",Danang Engineering Works
Server Room B - HP-30,"310 Tôn Đức Thắng, Lê Chân, Hải Phòng, Vietnam",Infrastructure Site - HP-30,"NVIDIA, Hikvision, Vertiv",
Network Closet - HP-30,"310 Tôn Đức Thắng, Lê Chân, Hải Phòng, Vietnam",Infrastructure Site - HP-30,"Fortinet, NVIDIA, Juniper",
Access Control Room - HP-30,"310 Tôn Đức Thắng, Lê Chân, Hải Phòng, Vietnam",Infrastructure Site - HP-30,"Aruba, Fortinet, Schneider Electric",
Video Surveillance Room - HP-30,"310 Tôn Đức Thắng, Lê Chân, Hải Phòng, Vietnam",Infrastructure Site - HP-30,"Dell, Corning, Paxton",HaNoi Cooling Services
UPS Room - HP-30,"310 Tôn Đức Thắng, Lê Chân, Hải Phòng, Vietnam",Infrastructure Site - HP-30,"NVIDIA, Schneider Electric, Aruba",Danang Engineering Works
Electrical Room - HP-30,"310 Tôn Đức Thắng, Lê Chân, Hải Phòng, Vietnam",Infrastructure Site - HP-30,"Nokia, Schneider Electric, Ericsson",
HVAC Plant - HP-30,"310 Tôn Đức Thắng, Lê Chân, Hải Phòng, Vietnam",Infrastructure Site - HP-30,"Fortinet, NVIDIA, Schneider Electric",
Generator Yard - HP-30,"310 Tôn Đức Thắng, Lê Chân, Hải Phòng, Vietnam",Infrastructure Site - HP-30,"Aruba, APC, NVIDIA",
Reception - HP-30,"310 Tôn Đức Thắng, Lê Chân, Hải Phòng, Vietnam",Infrastructure Site - HP-30,"Ericsson, Nokia, Corning",
Loading Bay - HP-30,"310 Tôn Đức Thắng, Lê Chân, Hải Phòng, Vietnam",Infrastructure Site - HP-30,"Juniper, Aruba, Hikvision",
Roof - HP-30,"310 Tôn Đức Thắng, Lê Chân, Hải Phòng, Vietnam",Infrastructure Site - HP-30,"APC, Dell, Corning",
IDF Room 1 - HP-30,"310 Tôn Đức Thắng, Lê Chân, Hải Phòng, Vietnam",Office Floor 1 - HP-30,"Nokia, Corning, Aruba",
IDF Room 2 - HP-30,"310 Tôn Đức Thắng, Lê Chân, Hải Phòng, Vietnam",Office Floor 2 - HP-30,"Aruba, APC, Schneider Electric",SaiGon MEP Solutions
Telecom Mast - HP-30,"310 Tôn Đức Thắng, Lê Chân, Hải Phòng, Vietnam",Roof - HP-30,"Paxton, Hikvision, Ericsson",
Base Station - HP-30,"310 Tôn Đức Thắng, Lê Chân, Hải Phòng, Vietnam",Telecom Mast - HP-30,"Ericsson, Nokia, NVIDIA",
Antenna Array - HP-30,"310 Tôn Đức Thắng, Lê Chân, Hải Phòng, Vietnam",Telecom Mast - HP-30,"Vertiv, APC, Schneider Electric",
Storage Room - HP-30,"310 Tôn Đức Thắng, Lê Chân, Hải Phòng, Vietnam",Infrastructure Site - HP-30,"Corning, Nokia, NVIDIA",
Office Floor 1 - HP-30,"310 Tôn Đức Thắng, Lê Chân, Hải Phòng, Vietnam",Infrastructure Site - HP-30,"APC, Cisco, Vertiv",Mekong Telecom Services
Office Floor 2 - HP-30,"310 Tôn Đức Thắng, Lê Chân, Hải Phòng, Vietnam",Infrastructure Site - HP-30,"Juniper, Fortinet, NVIDIA",Metro Cabling Partners
Lab A - HP-30,"310 Tôn Đức Thắng, Lê Chân, Hải Phòng, Vietnam",Infrastructure Site - HP-30,"APC, Vertiv, Hikvision",
Workshop - HP-30,"310 Tôn Đức Thắng, Lê Chân, Hải Phòng, Vietnam",Infrastructure Site - HP-30,"APC, Vertiv, Juniper",
Infrastructure Site - CT-31,"317 30 Tháng 4, Ninh Kiều, Cần Thơ, Vietnam",,"NVIDIA, Vertiv, APC",VN Facilities Services
Network Operations Center (NOC) - CT-31,"317 30 Tháng 4, Ninh Kiều, Cần Thơ, Vietnam",Infrastructure Site - CT-31,"Aruba, NVIDIA, Juniper",Red River Power Co.
Security Operations Center (SOC) - CT-31,"317 30 Tháng 4, Ninh Kiều, Cần Thơ, Vietnam",Infrastructure Site - CT-31,"Corning, Juniper, Fortinet",
Server Room A - CT-31,"317 30 Tháng 4, Ninh Kiều, Cần Thơ, Vietnam",Infrastructure Site - CT-31,"NVIDIA, Hikvision, Ericsson",HaNoi Cooling Services
Server Room B - CT-31,"317 30 Tháng 4, Ninh Kiều, Cần Thơ, Vietnam",Infrastructure Site - CT-31,"APC, Ericsson, Schneider Electric",
Network Closet - CT-31,"317 30 Tháng 4, Ninh Kiều, Cần Thơ, Vietnam",Infrastructure Site - CT-31,"Hikvision, Aruba, Schneider Electric",
Access Control Room - CT-31,"317 30 Tháng 4, Ninh Kiều, Cần Thơ, Vietnam",Infrastructure Site - CT-31,"Dell, Corning, Aruba",
Video Surveillance Room - CT-31,"317 30 Tháng 4, Ninh Kiều, Cần Thơ, Vietnam",Infrastructure Site - CT-31,"Cisco, NVIDIA, Nokia",
UPS Room - CT-31,"317 30 Tháng 4, Ninh Kiều, Cần Thơ, Vietnam",Infrastructure Site - CT-31,"Vertiv, Nokia, Schneider Electric",
Electrical Room - CT-31,"317 30 Tháng 4, Ninh Kiều, Cần Thơ, Vietnam",Infrastructure Site - CT-31,"NVIDIA, Hikvision, Aruba",SaiGon MEP Solutions
HVAC Plant - CT-31,"317 30 Tháng 4, Ninh Kiều, Cần Thơ, Vietnam",Infrastructure Site - CT-31,"Nokia, Juniper, Ericsson",Red River Power Co.
Generator Yard - CT-31,"317 30 Tháng 4, Ninh Kiều, Cần Thơ, Vietnam",Infrastructure Site - CT-31,"Hikvision, Vertiv, Juniper",Danang Engineering Works
Reception - CT-31,"317 30 Tháng 4, Ninh Kiều, Cần Thơ, Vietnam",Infrastructure Site - CT-31,"Ericsson, Corning, APC",
Loading Bay - CT-31,"317 30 Tháng 4, Ninh Kiều, Cần Thơ, Vietnam",Infrastructure Site - CT-31,"Nokia, Schneider Electric, Fortinet",Red River Power Co.
Roof - CT-31,"317 30 Tháng 4, Ninh Kiều, Cần Thơ, Vietnam",Infrastructure Site - CT-31,"Fortinet, Vertiv, Nokia",Metro Cabling Partners
IDF Room 1 - CT-31,"317 30 Tháng 4, Ninh Kiều, Cần Thơ, Vietnam",Office Floor 1 - CT-31,"Nokia, Fortinet, Juniper",
IDF Room 2 - CT-31,"317 30 Tháng 4, Ninh Kiều, Cần Thơ, Vietnam",Office Floor 2 - CT-31,"APC, Juniper, Hikvision",HaNoi Cooling Services
Telecom Mast - CT-31,"317 30 Tháng 4, Ninh Kiều, Cần Thơ, Vietnam",Roof - CT-31,"APC, NVIDIA, Dell",
Base Station - CT-31,"317 30 Tháng 4, Ninh Kiều, Cần Thơ, Vietnam",Telecom Mast - CT-31,"Schneider Electric, Nokia, Dell",
Antenna Array - CT-31,"317 30 Tháng 4, Ninh Kiều, Cần Thơ, Vietnam",Telecom Mast - CT-31,"Schneider Electric, Dell, Vertiv",
Storage Room - CT-31,"317 30 Tháng 4, Ninh Kiều, Cần Thơ, Vietnam",Infrastructure Site - CT-31,"NVIDIA, Corning, Dell",
Office Floor 1 - CT-31,"317 30 Tháng 4, Ninh Kiều, Cần Thơ, Vietnam",Infrastructure Site - CT-31,"Vertiv, Paxton, Dell",Danang Engineering Works
Office Floor 2 - CT-31,"317 30 Tháng 4, Ninh Kiều, Cần Thơ, Vietnam",Infrastructure Site - CT-31,"Nokia, Cisco, APC",
Lab A - CT-31,"317 30 Tháng 4, Ninh Kiều, Cần Thơ, Vietnam",Infrastructure Site - CT-31,"Vertiv, Dell, Hikvision",
Workshop - CT-31,"317 30 Tháng 4, Ninh Kiều, Cần Thơ, Vietnam",Infrastructure Site - CT-31,"Ericsson, Fortinet, Corning",
Infrastructure Site - BD-32,"324 Hữu Nghị, Thuận An, Bình Dương, Vietnam",,"Corning, Vertiv, Schneider Electric",
Network Operations Center (NOC) - BD-32,"324 Hữu Nghị, Thuận An, Bình Dương, Vietnam",Infrastructure Site - BD-32,"Vertiv, Fortinet, Dell",VN Facilities Services
Security Operations Center (SOC) - BD-32,"324 Hữu Nghị, Thuận An, Bình Dương, Vietnam",Infrastructure Site - BD-32,"Aruba, Fortinet, Hikvision",Metro Cabling Partners
Server Room A - BD-32,"324 Hữu Nghị, Thuận An, Bình Dương, Vietnam",Infrastructure Site - BD-32,"Hikvision, Ericsson, Paxton",Danang Engineering Works
Server Room B - BD-32,"324 Hữu Nghị, Thuận An, Bình Dương, Vietnam",Infrastructure Site - BD-32,"Nokia, NVIDIA, Vertiv",
Network Closet - BD-32,"324 Hữu Nghị, Thuận An, Bình Dương, Vietnam",Infrastructure Site - BD-32,"Juniper, Nokia, Fortinet",Red River Power Co.
Access Control Room - BD-32,"324 Hữu Nghị, Thuận An, Bình Dương, Vietnam",Infrastructure Site - BD-32,"Ericsson, Aruba, Cisco",
Video Surveillance Room - BD-32,"324 Hữu Nghị, Thuận An, Bình Dương, Vietnam",Infrastructure Site - BD-32,"Vertiv, Ericsson, Hikvision",
UPS Room - BD-32,"324 Hữu Nghị, Thuận An, Bình Dương, Vietnam",Infrastructure Site - BD-32,"Juniper, NVIDIA, Corning",
Electrical Room - BD-32,"324 Hữu Nghị, Thuận An, Bình Dương, Vietnam",Infrastructure Site - BD-32,"Paxton, Cisco, Vertiv",SaiGon MEP Solutions
HVAC Plant - BD-32,"324 Hữu Nghị, Thuận An, Bình Dương, Vietnam",Infrastructure Site - BD-32,"Vertiv, Juniper, Hikvision",Red River Power Co.
Generator Yard - BD-32,"324 Hữu Nghị, Thuận An, Bình Dương, Vietnam",Infrastructure Site - BD-32,"Fortinet, NVIDIA, Nokia",
Reception - BD-32,"324 Hữu Nghị, Thuận An, Bình Dương, Vietnam",Infrastructure Site - BD-32,"Dell, Nokia, Fortinet",
Loading Bay - BD-32,"324 Hữu Nghị, Thuận An, Bình Dương, Vietnam",Infrastructure Site - BD-32,"Fortinet, Hikvision, Cisco",
Roof - BD-32,"324 Hữu Nghị, Thuận An, Bình Dương, Vietnam",Infrastructure Site - BD-32,"Ericsson, Paxton, Nokia",
IDF Room 1 - BD-32,"324 Hữu Nghị, Thuận An, Bình Dương, Vietnam",Office Floor 1 - BD-32,"APC, NVIDIA, Paxton",Metro Cabling Partners
IDF Room 2 - BD-32,"324 Hữu Nghị, Thuận An, Bình Dương, Vietnam",Office Floor 2 - BD-32,"Fortinet, Ericsson, Corning",
Telecom Mast - BD-32,"324 Hữu Nghị, Thuận An, Bình Dương, Vietnam",Roof - BD-32,"Dell, Aruba, Schneider Electric",
Base Station - BD-32,"324 Hữu Nghị, Thuận An, Bình Dương, Vietnam",Telecom Mast - BD-32,"Paxton, Corning, Dell",
Antenna Array - BD-32,"324 Hữu Nghị, Thuận An, Bình Dương, Vietnam",Telecom Mast - BD-32,"Dell, Hikvision, Fortinet",
Storage Room - BD-32,"324 Hữu Nghị, Thuận An, Bình Dương, Vietnam",Infrastructure Site - BD-32,"Fortinet, Hikvision, Corning",
Office Floor 1 - BD-32,"324 Hữu Nghị, Thuận An, Bình Dương, Vietnam",Infrastructure Site - BD-32,"Dell, Nokia, Corning",Mekong Telecom Services
Office Floor 2 - BD-32,"324 Hữu Nghị, Thuận An, Bình Dương, Vietnam",Infrastructure Site - BD-32,"Schneider Electric, Vertiv, Juniper",
Lab A - BD-32,"324 Hữu Nghị, Thuận An, Bình Dương, Vietnam",Infrastructure Site - BD-32,"Aruba, Juniper, Schneider Electric",
Workshop - BD-32,"324 Hữu Nghị, Thuận An, Bình Dương, Vietnam",Infrastructure Site - BD-32,"Paxton, NVIDIA, APC",
Infrastructure Site - HN-33,"331 Phạm Hùng, Cầu Giấy, Hà Nội, Vietnam",,"Vertiv, APC, Nokia",SaiGon MEP Solutions
Network Operations Center (NOC) - HN-33,"331 Phạm Hùng, Cầu Giấy, Hà Nội, Vietnam",Infrastructure Site - HN-33,"NVIDIA, Vertiv, Corning",
Security Operations Center (SOC) - HN-33,"331 Phạm Hùng, Cầu Giấy, Hà Nội, Vietnam",Infrastructure Site - HN-33,"APC, Juniper, Ericsson",
Server Room A - HN-33,"331 Phạm Hùng, Cầu Giấy, Hà Nội, Vietnam",Infrastructure Site - HN-33,"Schneider Electric, Hikvision, Vertiv",Metro Cabling Partners
Server Room B - HN-33,"331 Phạm Hùng, Cầu Giấy, Hà Nội, Vietnam",Infrastructure Site - HN-33,"APC, Ericsson, Nokia",Danang Engineering Works
Network Closet - HN-33,"331 Phạm Hùng, Cầu Giấy, Hà Nội, Vietnam",Infrastructure Site - HN-33,"Aruba, APC, Corning",
Access Control Room - HN-33,"331 Phạm Hùng, Cầu Giấy, Hà Nội, Vietnam",Infrastructure Site - HN-33,"Cisco, Juniper, Corning",
Video Surveillance Room - HN-33,"331 Phạm Hùng, Cầu Giấy, Hà Nội, Vietnam",Infrastructure Site - HN-33,"Vertiv, Cisco, Juniper",
UPS Room - HN-33,"331 Phạm Hùng, Cầu Giấy, Hà Nội, Vietnam",Infrastructure Site - HN-33,"Dell, Vertiv, Aruba",Mekong Telecom Services
Electrical Room - HN-33,"331 Phạm Hùng, Cầu Giấy, Hà Nội, Vietnam",Infrastructure Site - HN-33,"Hikvision, NVIDIA, Dell",
HVAC Plant - HN-33,"331 Phạm Hùng, Cầu Giấy, Hà Nội, Vietnam",Infrastructure Site - HN-33,"Paxton, Dell, Fortinet",Red River Power Co.
Generator Yard - HN-33,"331 Phạm Hùng, Cầu Giấy, Hà Nội, Vietnam",Infrastructure Site - HN-33,"Paxton, Juniper, APC",
Reception - HN-33,"331 Phạm Hùng, Cầu Giấy, Hà Nội, Vietnam",Infrastructure Site - HN-33,"Corning, Dell, Cisco",
Loading Bay - HN-33,"331 Phạm Hùng, Cầu Giấy, Hà Nội, Vietnam",Infrastructure Site - HN-33,"Paxton, NVIDIA, Aruba",
Roof - HN-33,"331 Phạm Hùng, Cầu Giấy, Hà Nội, Vietnam",Infrastructure Site - HN-33,"Schneider Electric, Corning, Juniper",
IDF Room 1 - HN-33,"331 Phạm Hùng, Cầu Giấy, Hà Nội, Vietnam",Office Floor 1 - HN-33,"Cisco, Hikvision, Vertiv",Alpha Secure Systems
IDF Room 2 - HN-33,"331 Phạm Hùng, Cầu Giấy, Hà Nội, Vietnam",Office Floor 2 - HN-33,"Ericsson, Corning, Vertiv",Red River Power Co.
Telecom Mast - HN-33,"331 Phạm Hùng, Cầu Giấy, Hà Nội, Vietnam",Roof - HN-33,"Fortinet, Juniper, Schneider Electric",
Base Station - HN-33,"331 Phạm Hùng, Cầu Giấy, Hà Nội, Vietnam",Telecom Mast - HN-33,"Vertiv, Juniper, Hikvision",
Antenna Array - HN-33,"331 Phạm Hùng, Cầu Giấy, Hà Nội, Vietnam",Telecom Mast - HN-33,"NVIDIA, Aruba, Juniper",Red River Power Co.
Storage Room - HN-33,"331 Phạm Hùng, Cầu Giấy, Hà Nội, Vietnam",Infrastructure Site - HN-33,"Paxton, Dell, Schneider Electric",
Office Floor 1 - HN-33,"331 Phạm Hùng, Cầu Giấy, Hà Nội, Vietnam",Infrastructure Site - HN-33,"Aruba, Dell, Corning",
Office Floor 2 - HN-33,"331 Phạm Hùng, Cầu Giấy, Hà Nội, Vietnam",Infrastructure Site - HN-33,"Dell, Juniper, Ericsson",
Lab A - HN-33,"331 Phạm Hùng, Cầu Giấy, Hà Nội, Vietnam",Infrastructure Site - HN-33,"Nokia, Corning, Dell",
Workshop - HN-33,"331 Phạm Hùng, Cầu Giấy, Hà Nội, Vietnam",Infrastructure Site - HN-33,"NVIDIA, Hikvision, Corning",
Infrastructure Site - HN-34,"338 Nguyễn Văn Linh, Long Biên, Hà Nội, Vietnam",,"Schneider Electric, Nokia, Corning",
Network Operations Center (NOC) - HN-34,"338 Nguyễn Văn Linh, Long Biên, Hà Nội, Vietnam",Infrastructure Site - HN-34,"Hikvision, Juniper, Aruba",SaiGon MEP Solutions
Security Operations Center (SOC) - HN-34,"338 Nguyễn Văn Linh, Long Biên, Hà Nội, Vietnam",Infrastructure Site - HN-34,"Nokia, NVIDIA, Schneider Electric",
Server Room A - HN-34,"338 Nguyễn Văn Linh, Long Biên, Hà Nội, Vietnam",Infrastructure Site - HN-34,"Schneider Electric, APC, Dell",SaiGon MEP Solutions
Server Room B - HN-34,"338 Nguyễn Văn Linh, Long Biên, Hà Nội, Vietnam",Infrastructure Site - HN-34,"Hikvision, Ericsson, Nokia",
Network Closet - HN-34,"338 Nguyễn Văn Linh, Long Biên, Hà Nội, Vietnam",Infrastructure Site - HN-34,"Nokia, Paxton, NVIDIA",Metro Cabling Partners
Access Control Room - HN-34,"338 Nguyễn Văn Linh, Long Biên, Hà Nội, Vietnam",Infrastructure Site - HN-34,"Hikvision, Ericsson, Nokia",
Video Surveillance Room - HN-34,"338 Nguyễn Văn Linh, Long Biên, Hà Nội, Vietnam",Infrastructure Site - HN-34,"NVIDIA, Schneider Electric, Paxton",
UPS Room - HN-34,"338 Nguyễn Văn Linh, Long Biên, Hà Nội, Vietnam",Infrastructure Site - HN-34,"Aruba, Fortinet, Hikvision",
Electrical Room - HN-34,"338 Nguyễn Văn Linh, Long Biên, Hà Nội, Vietnam",Infrastructure Site - HN-34,"Juniper, Hikvision, Vertiv",
HVAC Plant - HN-34,"338 Nguyễn Văn Linh, Long Biên, Hà Nội, Vietnam",Infrastructure Site - HN-34,"Juniper, Ericsson, Cisco",
Generator Yard - HN-34,"338 Nguyễn Văn Linh, Long Biên, Hà Nội, Vietnam",Infrastructure Site - HN-34,"APC, Dell, Schneider Electric",
Reception - HN-34,"338 Nguyễn Văn Linh, Long Biên, Hà Nội, Vietnam",Infrastructure Site - HN-34,"Nokia, Schneider Electric, APC",
Loading Bay - HN-34,"338 Nguyễn Văn Linh, Long Biên, Hà Nội, Vietnam",Infrastructure Site - HN-34,"Dell, Aruba, Vertiv",
Roof - HN-34,"338 Nguyễn Văn Linh, Long Biên, Hà Nội, Vietnam",Infrastructure Site - HN-34,"Aruba, Juniper, Cisco",
IDF Room 1 - HN-34,"338 Nguyễn Văn Linh, Long Biên, Hà Nội, Vietnam",Office Floor 1 - HN-34,"Cisco, Paxton, Hikvision",VN Facilities Services
IDF Room 2 - HN-34,"338 Nguyễn Văn Linh, Long Biên, Hà Nội, Vietnam",Office Floor 2 - HN-34,"Aruba, Schneider Electric, Ericsson",Mekong Telecom Services
Telecom Mast - HN-34,"338 Nguyễn Văn Linh, Long Biên, Hà Nội, Vietnam",Roof - HN-34,"Schneider Electric, NVIDIA, Fortinet",HaNoi Cooling Services
Base Station - HN-34,"338 Nguyễn Văn Linh, Long Biên, Hà Nội, Vietnam",Telecom Mast - HN-34,"Paxton, Juniper, Fortinet",Alpha Secure Systems
Antenna Array - HN-34,"338 Nguyễn Văn Linh, Long Biên, Hà Nội, Vietnam",Telecom Mast - HN-34,"Aruba, Dell, Ericsson",SaiGon MEP Solutions
Storage Room - HN-34,"338 Nguyễn Văn Linh, Long Biên, Hà Nội, Vietnam",Infrastructure Site - HN-34,"Paxton, NVIDIA, Schneider Electric",
Office Floor 1 - HN-34,"338 Nguyễn Văn Linh, Long Biên, Hà Nội, Vietnam",Infrastructure Site - HN-34,"Fortinet, Hikvision, Cisco",Mekong Telecom Services
Office Floor 2 - HN-34,"338 Nguyễn Văn Linh, Long Biên, Hà Nội, Vietnam",Infrastructure Site - HN-34,"Juniper, Vertiv, Nokia",
Lab A - HN-34,"338 Nguyễn Văn Linh, Long Biên, Hà Nội, Vietnam",Infrastructure Site - HN-34,"Paxton, Corning, NVIDIA",
Workshop - HN-34,"338 Nguyễn Văn Linh, Long Biên, Hà Nội, Vietnam",Infrastructure Site - HN-34,"Dell, Juniper, Cisco",
Infrastructure Site - HCM-35,"345 Nguyễn Văn Linh, Quận 7, TP. Hồ Chí Minh, Vietnam",,"NVIDIA, Cisco, Dell",
Network Operations Center (NOC) - HCM-35,"345 Nguyễn Văn Linh, Quận 7, TP. Hồ Chí Minh, Vietnam",Infrastructure Site - HCM-35,"APC, Ericsson, Aruba",
Security Operations Center (SOC) - HCM-35,"345 Nguyễn Văn Linh, Quận 7, TP. Hồ Chí Minh, Vietnam",Infrastructure Site - HCM-35,"NVIDIA, Paxton, Dell",
Server Room A - HCM-35,"345 Nguyễn Văn Linh, Quận 7, TP. Hồ Chí Minh, Vietnam",Infrastructure Site - HCM-35,"NVIDIA, Aruba, Paxton",
Server Room B - HCM-35,"345 Nguyễn Văn Linh, Quận 7, TP. Hồ Chí Minh, Vietnam",Infrastructure Site - HCM-35,"Juniper, Aruba, Cisco",Mekong Telecom Services
Network Closet - HCM-35,"345 Nguyễn Văn Linh, Quận 7, TP. Hồ Chí Minh, Vietnam",Infrastructure Site - HCM-35,"Paxton, Ericsson, Juniper",SaiGon MEP Solutions
Access Control Room - HCM-35,"345 Nguyễn Văn Linh, Quận 7, TP. Hồ Chí Minh, Vietnam",Infrastructure Site - HCM-35,"Vertiv, Fortinet, Ericsson",
Video Surveillance Room - HCM-35,"345 Nguyễn Văn Linh, Quận 7, TP. Hồ Chí Minh, Vietnam",Infrastructure Site - HCM-35,"Vertiv, Nokia, Dell",
UPS Room - HCM-35,"345 Nguyễn Văn Linh, Quận 7, TP. Hồ Chí Minh, Vietnam",Infrastructure Site - HCM-35,"Paxton, Aruba, Juniper",
Electrical Room - HCM-35,"345 Nguyễn Văn Linh, Quận 7, TP. Hồ Chí Minh, Vietnam",Infrastructure Site - HCM-35,"Corning, NVIDIA, Juniper",VN Facilities Services
HVAC Plant - HCM-35,"345 Nguyễn Văn Linh, Quận 7, TP. Hồ Chí Minh, Vietnam",Infrastructure Site - HCM-35,"Cisco, Fortinet, Hikvision",Red River Power Co.
Generator Yard - HCM-35,"345 Nguyễn Văn Linh, Quận 7, TP. Hồ Chí Minh, Vietnam",Infrastructure Site - HCM-35,"Schneider Electric, Dell, Aruba",
Reception - HCM-35,"345 Nguyễn Văn Linh, Quận 7, TP. Hồ Chí Minh, Vietnam",Infrastructure Site - HCM-35,"Fortinet, Cisco, Ericsson",
Loading Bay - HCM-35,"345 Nguyễn Văn Linh, Quận 7, TP. Hồ Chí Minh, Vietnam",Infrastructure Site - HCM-35,"NVIDIA, Fortinet, Corning",
Roof - HCM-35,"345 Nguyễn Văn Linh, Quận 7, TP. Hồ Chí Minh, Vietnam",Infrastructure Site - HCM-35,"APC, Hikvision, Schneider Electric",
IDF Room 1 - HCM-35,"345 Nguyễn Văn Linh, Quận 7, TP. Hồ Chí Minh, Vietnam",Office Floor 1 - HCM-35,"APC, Paxton, Juniper",
IDF Room 2 - HCM-35,"345 Nguyễn Văn Linh, Quận 7, TP. Hồ Chí Minh, Vietnam",Office Floor 2 - HCM-35,"Juniper, Ericsson, Corning",
Telecom Mast - HCM-35,"345 Nguyễn Văn Linh, Quận 7, TP. Hồ Chí Minh, Vietnam",Roof - HCM-35,"Dell, Hikvision, Ericsson",
Base Station - HCM-35,"345 Nguyễn Văn Linh, Quận 7, TP. Hồ Chí Minh, Vietnam",Telecom Mast - HCM-35,"Schneider Electric, Juniper, Vertiv",
Antenna Array - HCM-35,"345 Nguyễn Văn Linh, Quận 7, TP. Hồ Chí Minh, Vietnam",Telecom Mast - HCM-35,"Aruba, Paxton, APC",Danang Engineering Works
Storage Room - HCM-35,"345 Nguyễn Văn Linh, Quận 7, TP. Hồ Chí Minh, Vietnam",Infrastructure Site - HCM-35,"Cisco, APC, Hikvision",Metro Cabling Partners
Office Floor 1 - HCM-35,"345 Nguyễn Văn Linh, Quận 7, TP. Hồ Chí Minh, Vietnam",Infrastructure Site - HCM-35,"NVIDIA, Nokia, Hikvision",
Office Floor 2 - HCM-35,"345 Nguyễn Văn Linh, Quận 7, TP. Hồ Chí Minh, Vietnam",Infrastructure Site - HCM-35,"Nokia, Vertiv, Hikvision",
Lab A - HCM-35,"345 Nguyễn Văn Linh, Quận 7, TP. Hồ Chí Minh, Vietnam",Infrastructure Site - HCM-35,"Ericsson, Aruba, Hikvision",Mekong Telecom Services
Workshop - HCM-35,"345 Nguyễn Văn Linh, Quận 7, TP. Hồ Chí Minh, Vietnam",Infrastructure Site - HCM-35,"Cisco, Hikvision, Ericsson",VN Facilities Services
Infrastructure Site - HCM-36,"352 Xa Lộ Hà Nội, Thủ Đức, TP. Hồ Chí Minh, Vietnam",,"APC, Cisco, Corning",
Network Operations Center (NOC) - HCM-36,"352 Xa Lộ Hà Nội, Thủ Đức, TP. Hồ Chí Minh, Vietnam",Infrastructure Site - HCM-36,"NVIDIA, Fortinet, Paxton",Alpha Secure Systems
Security Operations Center (SOC) - HCM-36,"352 Xa Lộ Hà Nội, Thủ Đức, TP. Hồ Chí Minh, Vietnam",Infrastructure Site - HCM-36,"Schneider Electric, Vertiv, Cisco",
Server Room A - HCM-36,"352 Xa Lộ Hà Nội, Thủ Đức, TP. Hồ Chí Minh, Vietnam",Infrastructure Site - HCM-36,"Dell, NVIDIA, Paxton",Alpha Secure Systems
Server Room B - HCM-36,"352 Xa Lộ Hà Nội, Thủ Đức, TP. Hồ Chí Minh, Vietnam",Infrastructure Site - HCM-36,"Fortinet, Ericsson, Schneider Electric",
Network Closet - HCM-36,"352 Xa Lộ Hà Nội, Thủ Đức, TP. Hồ Chí Minh, Vietnam",Infrastructure Site - HCM-36,"APC, Vertiv, NVIDIA",SaiGon MEP Solutions
Access Control Room - HCM-36,"352 Xa Lộ Hà Nội, Thủ Đức, TP. Hồ Chí Minh, Vietnam",Infrastructure Site - HCM-36,"Ericsson, Dell, Corning",
Video Surveillance Room - HCM-36,"352 Xa Lộ Hà Nội, Thủ Đức, TP. Hồ Chí Minh, Vietnam",Infrastructure Site - HCM-36,"Juniper, Nokia, Aruba",HaNoi Cooling Services
UPS Room - HCM-36,"352 Xa Lộ Hà Nội, Thủ Đức, TP. Hồ Chí Minh, Vietnam",Infrastructure Site - HCM-36,"Hikvision, Paxton, Aruba",
Electrical Room - HCM-36,"352 Xa Lộ Hà Nội, Thủ Đức, TP. Hồ Chí Minh, Vietnam",Infrastructure Site - HCM-36,"Aruba, Schneider Electric, NVIDIA",
HVAC Plant - HCM-36,"352 Xa Lộ Hà Nội, Thủ Đức, TP. Hồ Chí Minh, Vietnam",Infrastructure Site - HCM-36,"APC, Fortinet, Vertiv",SaiGon MEP Solutions
Generator Yard - HCM-36,"352 Xa Lộ Hà Nội, Thủ Đức, TP. Hồ Chí Minh, Vietnam",Infrastructure Site - HCM-36,"Hikvision, Dell, Nokia",SaiGon MEP Solutions
Reception - HCM-36,"352 Xa Lộ Hà Nội, Thủ Đức, TP. Hồ Chí Minh, Vietnam",Infrastructure Site - HCM-36,"Dell, Vertiv, Aruba",SaiGon MEP Solutions
Loading Bay - HCM-36,"352 Xa Lộ Hà Nội, Thủ Đức, TP. Hồ Chí Minh, Vietnam",Infrastructure Site - HCM-36,"Ericsson, APC, Hikvision",
Roof - HCM-36,"352 Xa Lộ Hà Nội, Thủ Đức, TP. Hồ Chí Minh, Vietnam",Infrastructure Site - HCM-36,"Vertiv, Paxton, Juniper",Metro Cabling Partners
IDF Room 1 - HCM-36,"352 Xa Lộ Hà Nội, Thủ Đức, TP. Hồ Chí Minh, Vietnam",Office Floor 1 - HCM-36,"Fortinet, NVIDIA, Aruba",
IDF Room 2 - HCM-36,"352 Xa Lộ Hà Nội, Thủ Đức, TP. Hồ Chí Minh, Vietnam",Office Floor 2 - HCM-36,"Hikvision, APC, Dell",Alpha Secure Systems
Telecom Mast - HCM-36,"352 Xa Lộ Hà Nội, Thủ Đức, TP. Hồ Chí Minh, Vietnam",Roof - HCM-36,"APC, Schneider Electric, Ericsson",Metro Cabling Partners
Base Station - HCM-36,"352 Xa Lộ Hà Nội, Thủ Đức, TP. Hồ Chí Minh, Vietnam",Telecom Mast - HCM-36,"Paxton, Dell, Cisco",
Antenna Array - HCM-36,"352 Xa Lộ Hà Nội, Thủ Đức, TP. Hồ Chí Minh, Vietnam",Telecom Mast - HCM-36,"Fortinet, Vertiv, Ericsson",
Storage Room - HCM-36,"352 Xa Lộ Hà Nội, Thủ Đức, TP. Hồ Chí Minh, Vietnam",Infrastructure Site - HCM-36,"Hikvision, Juniper, Vertiv",HaNoi Cooling Services
Office Floor 1 - HCM-36,"352 Xa Lộ Hà Nội, Thủ Đức, TP. Hồ Chí Minh, Vietnam",Infrastructure Site - HCM-36,"Juniper, Cisco, Aruba",
Office Floor 2 - HCM-36,"352 Xa Lộ Hà Nội, Thủ Đức, TP. Hồ Chí Minh, Vietnam",Infrastructure Site - HCM-36,"Hikvision, Dell, Fortinet",
Lab A - HCM-36,"352 Xa Lộ Hà Nội, Thủ Đức, TP. Hồ Chí Minh, Vietnam",Infrastructure Site - HCM-36,"APC, Corning, Aruba",
Workshop - HCM-36,"352 Xa Lộ Hà Nội, Thủ Đức, TP. Hồ Chí Minh, Vietnam",Infrastructure Site - HCM-36,"Juniper, Nokia, Aruba",SaiGon MEP Solutions
Infrastructure Site - DN-37,"359 2 Tháng 9, Hải Châu, Đà Nẵng, Vietnam",,"Cisco, Juniper, Hikvision",
Network Operations Center (NOC) - DN-37,"359 2 Tháng 9, Hải Châu, Đà Nẵng, Vietnam",Infrastructure Site - DN-37,"Vertiv, Aruba, Dell",Red River Power Co.
Security Operations Center (SOC) - DN-37,"359 2 Tháng 9, Hải Châu, Đà Nẵng, Vietnam",Infrastructure Site - DN-37,"Juniper, Cisco, Vertiv",Mekong Telecom Services
Server Room A - DN-37,"359 2 Tháng 9, Hải Châu, Đà Nẵng, Vietnam",Infrastructure Site - DN-37,"Fortinet, NVIDIA, Schneider Electric",
Server Room B - DN-37,"359 2 Tháng 9, Hải Châu, Đà Nẵng, Vietnam",Infrastructure Site - DN-37,"Schneider Electric, Corning, Fortinet",Alpha Secure Systems
Network Closet - DN-37,"359 2 Tháng 9, Hải Châu, Đà Nẵng, Vietnam",Infrastructure Site - DN-37,"Dell, Paxton, Aruba",
Access Control Room - DN-37,"359 2 Tháng 9, Hải Châu, Đà Nẵng, Vietnam",Infrastructure Site - DN-37,"Dell, Cisco, Nokia",
Video Surveillance Room - DN-37,"359 2 Tháng 9, Hải Châu, Đà Nẵng, Vietnam",Infrastructure Site - DN-37,"Hikvision, Corning, Paxton",
UPS Room - DN-37,"359 2 Tháng 9, Hải Châu, Đà Nẵng, Vietnam",Infrastructure Site - DN-37,"Ericsson, Vertiv, Cisco",Mekong Telecom Services
Electrical Room - DN-37,"359 2 Tháng 9, Hải Châu, Đà Nẵng, Vietnam",Infrastructure Site - DN-37,"Dell, Schneider Electric, Hikvision",
HVAC Plant - DN-37,"359 2 Tháng 9, Hải Châu, Đà Nẵng, Vietnam",Infrastructure Site - DN-37,"Aruba, Ericsson, Hikvision",
Generator Yard - DN-37,"359 2 Tháng 9, Hải Châu, Đà Nẵng, Vietnam",Infrastructure Site - DN-37,"Aruba, Ericsson, Cisco",
Reception - DN-37,"359 2 Tháng 9, Hải Châu, Đà Nẵng, Vietnam",Infrastructure Site - DN-37,"Aruba, NVIDIA, APC",
Loading Bay - DN-37,"359 2 Tháng 9, Hải Châu, Đà Nẵng, Vietnam",Infrastructure Site - DN-37,"Aruba, Vertiv, APC",
Roof - DN-37,"359 2 Tháng 9, Hải Châu, Đà Nẵng, Vietnam",Infrastructure Site - DN-37,"Ericsson, APC, Schneider Electric",VN Facilities Services
IDF Room 1 - DN-37,"359 2 Tháng 9, Hải Châu, Đà Nẵng, Vietnam",Office Floor 1 - DN-37,"APC, Nokia, Hikvision",Metro Cabling Partners
IDF Room 2 - DN-37,"359 2 Tháng 9, Hải Châu, Đà Nẵng, Vietnam",Office Floor 2 - DN-37,"Cisco, Aruba, Vertiv",
Telecom Mast - DN-37,"359 2 Tháng 9, Hải Châu, Đà Nẵng, Vietnam",Roof - DN-37,"Aruba, Nokia, Hikvision",
Base Station - DN-37,"359 2 Tháng 9, Hải Châu, Đà Nẵng, Vietnam",Telecom Mast - DN-37,"Juniper, Hikvision, Corning",VN Facilities Services
Antenna Array - DN-37,"359 2 Tháng 9, Hải Châu, Đà Nẵng, Vietnam",Telecom Mast - DN-37,"Aruba, Hikvision, Nokia",
Storage Room - DN-37,"359 2 Tháng 9, Hải Châu, Đà Nẵng, Vietnam",Infrastructure Site - DN-37,"Aruba, Schneider Electric, APC",
Office Floor 1 - DN-37,"359 2 Tháng 9, Hải Châu, Đà Nẵng, Vietnam",Infrastructure Site - DN-37,"Fortinet, Dell, Aruba",Red River Power Co.
Office Floor 2 - DN-37,"359 2 Tháng 9, Hải Châu, Đà Nẵng, Vietnam",Infrastructure Site - DN-37,"Aruba, NVIDIA, Fortinet",
Lab A - DN-37,"359 2 Tháng 9, Hải Châu, Đà Nẵng, Vietnam",Infrastructure Site - DN-37,"Nokia, Cisco, NVIDIA",
Workshop - DN-37,"359 2 Tháng 9, Hải Châu, Đà Nẵng, Vietnam",Infrastructure Site - DN-37,"Nokia, Fortinet, Dell",
Infrastructure Site - HP-38,"366 Tôn Đức Thắng, Lê Chân, Hải Phòng, Vietnam",,"Hikvision, Aruba, Vertiv",
Network Operations Center (NOC) - HP-38,"366 Tôn Đức Thắng, Lê Chân, Hải Phòng, Vietnam",Infrastructure Site - HP-38,"Dell, Vertiv, Cisco",Alpha Secure Systems
Security Operations Center (SOC) - HP-38,"366 Tôn Đức Thắng, Lê Chân, Hải Phòng, Vietnam",Infrastructure Site - HP-38,"Nokia, Hikvision, Cisco",
Server Room A - HP-38,"366 Tôn Đức Thắng, Lê Chân, Hải Phòng, Vietnam",Infrastructure Site - HP-38,"Cisco, APC, Nokia",HaNoi Cooling Services
Server Room B - HP-38,"366 Tôn Đức Thắng, Lê Chân, Hải Phòng, Vietnam",Infrastructure Site - HP-38,"APC, NVIDIA, Dell",
Network Closet - HP-38,"366 Tôn Đức Thắng, Lê Chân, Hải Phòng, Vietnam",Infrastructure Site - HP-38,"Fortinet, APC, Cisco",HaNoi Cooling Services
Access Control Room - HP-38,"366 Tôn Đức Thắng, Lê Chân, Hải Phòng, Vietnam",Infrastructure Site - HP-38,"Aruba, Juniper, Ericsson",
Video Surveillance Room - HP-38,"366 Tôn Đức Thắng, Lê Chân, Hải Phòng, Vietnam",Infrastructure Site - HP-38,"Juniper, APC, NVIDIA",
UPS Room - HP-38,"366 Tôn Đức Thắng, Lê Chân, Hải Phòng, Vietnam",Infrastructure Site - HP-38,"Schneider Electric, Nokia, Juniper",Red River Power Co.
Electrical Room - HP-38,"366 Tôn Đức Thắng, Lê Chân, Hải Phòng, Vietnam",Infrastructure Site - HP-38,"Dell, Fortinet, NVIDIA",
HVAC Plant - HP-38,"366 Tôn Đức Thắng, Lê Chân, Hải Phòng, Vietnam",Infrastructure Site - HP-38,"Aruba, Corning, Vertiv",
Generator Yard - HP-38,"366 Tôn Đức Thắng, Lê Chân, Hải Phòng, Vietnam",Infrastructure Site - HP-38,"Dell, NVIDIA, Ericsson",
Reception - HP-38,"366 Tôn Đức Thắng, Lê Chân, Hải Phòng, Vietnam",Infrastructure Site - HP-38,"Nokia, Aruba, APC",HaNoi Cooling Services
Loading Bay - HP-38,"366 Tôn Đức Thắng, Lê Chân, Hải Phòng, Vietnam",Infrastructure Site - HP-38,"Schneider Electric, Paxton, NVIDIA",
Roof - HP-38,"366 Tôn Đức Thắng, Lê Chân, Hải Phòng, Vietnam",Infrastructure Site - HP-38,"Dell, Fortinet, NVIDIA",Mekong Telecom Services
IDF Room 1 - HP-38,"366 Tôn Đức Thắng, Lê Chân, Hải Phòng, Vietnam",Office Floor 1 - HP-38,"Fortinet, Aruba, Nokia",Red River Power Co.
IDF Room 2 - HP-38,"366 Tôn Đức Thắng, Lê Chân, Hải Phòng, Vietnam",Office Floor 2 - HP-38,"Aruba, Nokia, Hikvision",
Telecom Mast - HP-38,"366 Tôn Đức Thắng, Lê Chân, Hải Phòng, Vietnam",Roof - HP-38,"Juniper, Vertiv, Dell",SaiGon MEP Solutions
Base Station - HP-38,"366 Tôn Đức Thắng, Lê Chân, Hải Phòng, Vietnam",Telecom Mast - HP-38,"Hikvision, APC, Aruba",SaiGon MEP Solutions
Antenna Array - HP-38,"366 Tôn Đức Thắng, Lê Chân, Hải Phòng, Vietnam",Telecom Mast - HP-38,"Fortinet, NVIDIA, Corning",
Storage Room - HP-38,"366 Tôn Đức Thắng, Lê Chân, Hải Phòng, Vietnam",Infrastructure Site - HP-38,"APC, Vertiv, Cisco",Alpha Secure Systems
Office Floor 1 - HP-38,"366 Tôn Đức Thắng, Lê Chân, Hải Phòng, Vietnam",Infrastructure Site - HP-38,"NVIDIA, Juniper, APC",SaiGon MEP Solutions
Office Floor 2 - HP-38,"366 Tôn Đức Thắng, Lê Chân, Hải Phòng, Vietnam",Infrastructure Site - HP-38,"NVIDIA, Cisco, Aruba",
Lab A - HP-38,"366 Tôn Đức Thắng, Lê Chân, Hải Phòng, Vietnam",Infrastructure Site - HP-38,"NVIDIA, Schneider Electric, Dell",
Workshop - HP-38,"366 Tôn Đức Thắng, Lê Chân, Hải Phòng, Vietnam",Infrastructure Site - HP-38,"Vertiv, Schneider Electric, APC",
Infrastructure Site - CT-39,"373 30 Tháng 4, Ninh Kiều, Cần Thơ, Vietnam",,"Juniper, Vertiv, Nokia",
Network Operations Center (NOC) - CT-39,"373 30 Tháng 4, Ninh Kiều, Cần Thơ, Vietnam",Infrastructure Site - CT-39,"Corning, Hikvision, Dell",
Security Operations Center (SOC) - CT-39,"373 30 Tháng 4, Ninh Kiều, Cần Thơ, Vietnam",Infrastructure Site - CT-39,"Aruba, Cisco, Paxton",Metro Cabling Partners
Server Room A - CT-39,"373 30 Tháng 4, Ninh Kiều, Cần Thơ, Vietnam",Infrastructure Site - CT-39,"Juniper, Fortinet, APC",Mekong Telecom Services
Server Room B - CT-39,"373 30 Tháng 4, Ninh Kiều, Cần Thơ, Vietnam",Infrastructure Site - CT-39,"Dell, NVIDIA, Juniper",
Network Closet - CT-39,"373 30 Tháng 4, Ninh Kiều, Cần Thơ, Vietnam",Infrastructure Site - CT-39,"Juniper, APC, Nokia",
Access Control Room - CT-39,"373 30 Tháng 4, Ninh Kiều, Cần Thơ, Vietnam",Infrastructure Site - CT-39,"Vertiv, NVIDIA, Cisco",
Video Surveillance Room - CT-39,"373 30 Tháng 4, Ninh Kiều, Cần Thơ, Vietnam",Infrastructure Site - CT-39,"Corning, Dell, Nokia",
UPS Room - CT-39,"373 30 Tháng 4, Ninh Kiều, Cần Thơ, Vietnam",Infrastructure Site - CT-39,"Dell, Cisco, Juniper",Alpha Secure Systems
Electrical Room - CT-39,"373 30 Tháng 4, Ninh Kiều, Cần Thơ, Vietnam",Infrastructure Site - CT-39,"Schneider Electric, NVIDIA, Ericsson",
HVAC Plant - CT-39,"373 30 Tháng 4, Ninh Kiều, Cần Thơ, Vietnam",Infrastructure Site - CT-39,"NVIDIA, Ericsson, Paxton",
Generator Yard - CT-39,"373 30 Tháng 4, Ninh Kiều, Cần Thơ, Vietnam",Infrastructure Site - CT-39,"Paxton, Hikvision, Juniper",Danang Engineering Works
Reception - CT-39,"373 30 Tháng 4, Ninh Kiều, Cần Thơ, Vietnam",Infrastructure Site - CT-39,"Dell, Cisco, APC",SaiGon MEP Solutions
Loading Bay - CT-39,"373 30 Tháng 4, Ninh Kiều, Cần Thơ, Vietnam",Infrastructure Site - CT-39,"Paxton, Corning, Aruba",
Roof - CT-39,"373 30 Tháng 4, Ninh Kiều, Cần Thơ, Vietnam",Infrastructure Site - CT-39,"Hikvision, Juniper, Cisco",Metro Cabling Partners
IDF Room 1 - CT-39,"373 30 Tháng 4, Ninh Kiều, Cần Thơ, Vietnam",Office Floor 1 - CT-39,"Juniper, Vertiv, Fortinet",Mekong Telecom Services
IDF Room 2 - CT-39,"373 30 Tháng 4, Ninh Kiều, Cần Thơ, Vietnam",Office Floor 2 - CT-39,"Vertiv, Fortinet, Corning",Mekong Telecom Services
Telecom Mast - CT-39,"373 30 Tháng 4, Ninh Kiều, Cần Thơ, Vietnam",Roof - CT-39,"Dell, APC, Schneider Electric",
Base Station - CT-39,"373 30 Tháng 4, Ninh Kiều, Cần Thơ, Vietnam",Telecom Mast - CT-39,"Vertiv, Cisco, Paxton",
Antenna Array - CT-39,"373 30 Tháng 4, Ninh Kiều, Cần Thơ, Vietnam",Telecom Mast - CT-39,"Paxton, Hikvision, Fortinet",
Storage Room - CT-39,"373 30 Tháng 4, Ninh Kiều, Cần Thơ, Vietnam",Infrastructure Site - CT-39,"Dell, Aruba, NVIDIA",
Office Floor 1 - CT-39,"373 30 Tháng 4, Ninh Kiều, Cần Thơ, Vietnam",Infrastructure Site - CT-39,"Juniper, Corning, APC",
Office Floor 2 - CT-39,"373 30 Tháng 4, Ninh Kiều, Cần Thơ, Vietnam",Infrastructure Site - CT-39,"Schneider Electric, Aruba, Nokia",VN Facilities Services
Lab A - CT-39,"373 30 Tháng 4, Ninh Kiều, Cần Thơ, Vietnam",Infrastructure Site - CT-39,"Fortinet, Schneider Electric, Ericsson",
Workshop - CT-39,"373 30 Tháng 4, Ninh Kiều, Cần Thơ, Vietnam",Infrastructure Site - CT-39,"Ericsson, Corning, Vertiv",
Infrastructure Site - BD-40,"380 Hữu Nghị, Thuận An, Bình Dương, Vietnam",,"Hikvision, Vertiv, Paxton",VN Facilities Services
Network Operations Center (NOC) - BD-40,"380 Hữu Nghị, Thuận An, Bình Dương, Vietnam",Infrastructure Site - BD-40,"Ericsson, Nokia, Fortinet",
Security Operations Center (SOC) - BD-40,"380 Hữu Nghị, Thuận An, Bình Dương, Vietnam",Infrastructure Site - BD-40,"Corning, Nokia, Dell",Danang Engineering Works
Server Room A - BD-40,"380 Hữu Nghị, Thuận An, Bình Dương, Vietnam",Infrastructure Site - BD-40,"Dell, Fortinet, Hikvision",
Server Room B - BD-40,"380 Hữu Nghị, Thuận An, Bình Dương, Vietnam",Infrastructure Site - BD-40,"Dell, Cisco, Schneider Electric",Mekong Telecom Services
Network Closet - BD-40,"380 Hữu Nghị, Thuận An, Bình Dương, Vietnam",Infrastructure Site - BD-40,"Hikvision, Corning, Dell",
Access Control Room - BD-40,"380 Hữu Nghị, Thuận An, Bình Dương, Vietnam",Infrastructure Site - BD-40,"Paxton, APC, NVIDIA",
Video Surveillance Room - BD-40,"380 Hữu Nghị, Thuận An, Bình Dương, Vietnam",Infrastructure Site - BD-40,"Juniper, Fortinet, Schneider Electric",
UPS Room - BD-40,"380 Hữu Nghị, Thuận An, Bình Dương, Vietnam",Infrastructure Site - BD-40,"Ericsson, APC, Paxton",
Electrical Room - BD-40,"380 Hữu Nghị, Thuận An, Bình Dương, Vietnam",Infrastructure Site - BD-40,"Fortinet, Cisco, NVIDIA",
HVAC Plant - BD-40,"380 Hữu Nghị, Thuận An, Bình Dương, Vietnam",Infrastructure Site - BD-40,"Ericsson, Aruba, Schneider Electric",HaNoi Cooling Services
Generator Yard - BD-40,"380 Hữu Nghị, Thuận An, Bình Dương, Vietnam",Infrastructure Site - BD-40,"Dell, Nokia, Aruba",
Reception - BD-40,"380 Hữu Nghị, Thuận An, Bình Dương, Vietnam",Infrastructure Site - BD-40,"Juniper, Fortinet, Nokia",
Loading Bay - BD-40,"380 Hữu Nghị, Thuận An, Bình Dương, Vietnam",Infrastructure Site - BD-40,"Aruba, Paxton, Ericsson",
Roof - BD-40,"380 Hữu Nghị, Thuận An, Bình Dương, Vietnam",Infrastructure Site - BD-40,"Schneider Electric, Paxton, Fortinet",
IDF Room 1 - BD-40,"380 Hữu Nghị, Thuận An, Bình Dương, Vietnam",Office Floor 1 - BD-40,"Nokia, Fortinet, Vertiv",Metro Cabling Partners
IDF Room 2 - BD-40,"380 Hữu Nghị, Thuận An, Bình Dương, Vietnam",Office Floor 2 - BD-40,"Schneider Electric, Dell, Nokia",
Telecom Mast - BD-40,"380 Hữu Nghị, Thuận An, Bình Dương, Vietnam",Roof - BD-40,"NVIDIA, Schneider Electric, Cisco",
Base Station - BD-40,"380 Hữu Nghị, Thuận An, Bình Dương, Vietnam",Telecom Mast - BD-40,"APC, NVIDIA, Hikvision",Danang Engineering Works
Antenna Array - BD-40,"380 Hữu Nghị, Thuận An, Bình Dương, Vietnam",Telecom Mast - BD-40,"Paxton, APC, Cisco",Metro Cabling Partners
Storage Room - BD-40,"380 Hữu Nghị, Thuận An, Bình Dương, Vietnam",Infrastructure Site - BD-40,"Paxton, Fortinet, Vertiv",
Office Floor 1 - BD-40,"380 Hữu Nghị, Thuận An, Bình Dương, Vietnam",Infrastructure Site - BD-40,"Corning, Juniper, Hikvision",Danang Engineering Works
Office Floor 2 - BD-40,"380 Hữu Nghị, Thuận An, Bình Dương, Vietnam",Infrastructure Site - BD-40,"Aruba, APC, Paxton",
Lab A - BD-40,"380 Hữu Nghị, Thuận An, Bình Dương, Vietnam",Infrastructure Site - BD-40,"Nokia, Corning, Juniper",Alpha Secure Systems
Workshop - BD-40,"380 Hữu Nghị, Thuận An, Bình Dương, Vietnam",Infrastructure Site - BD-40,"Fortinet, Schneider Electric, NVIDIA",