ID,name,cost,category,is_consumable,part_number,description,last_price,asset_name,location_name,quantity,assigned_to,barcode,vendor
1,SSD Module,429.69,Network,false,SSD-OBS-HN01,Enterprise SSD for monitoring appliance,434.1,Monitoring-System-HN-01,Infrastructure Site - HN-01,27,Network Engineer,PRT-HN01-0001,SolarWinds
2,Cisco Line Card,8293.57,Network,false,LC-ASR-HN01,100G line card for ASR series router,8503.26,Core-Router-HN-01,Network Operations Center (NOC) - HN-01,12,Network Engineer,PRT-HN01-0002,Cisco
3,RAID Drive,357.43,Security,false,DRV-VMS-HN01,12TB surveillance-rated HDD,366.55,Security-VMS-Server-HN-01,Security Operations Center (SOC) - HN-01,23,Security Officer,PRT-HN01-0003,Milestone
4,Server Memory Kit,572.27,Server,false,RAM-R750-HN01,64GB DDR4 RDIMM memory kit,577.27,Virtualization-Host-HN-01,Server Room A - HN-01,14,System Administrator,PRT-HN01-0004,Dell
5,NVMe SSD,1112.31,Server,false,SSD-AFF-HN01,Enterprise NVMe SSD for storage array,1105.78,Storage-Array-HN-01,Server Room B - HN-01,1,Storage Administrator,PRT-HN01-0005,NetApp
6,Juniper Transceiver,256.97,Network,false,SFP-EX-HN01,10G SFP+ transceiver,268.76,Access-Switch-HN-01,Network Closet - HN-01,26,Network Engineer,PRT-HN01-0006,Juniper
7,Access Card,12.51,Security,true,CARD-N2-HN01,Proximity access card,12.66,Access-Control-Panel-HN-01,Access Control Room - HN-01,376,Security Officer,PRT-HN01-0007,Paxton
8,Surveillance HDD,306.3,Security,false,HDD-NVR-HN01,8TB surveillance hard drive,308.74,NVR-HN-01,Video Surveillance Room - HN-01,23,Security Officer,PRT-HN01-0008,Hikvision
9,UPS Battery Module,413.79,Power,false,BATT-SRT-HN01,Replacement battery cartridge,426.58,UPS-HN-01,UPS Room - HN-01,11,Electrician,PRT-HN01-0009,APC
10,Contactor Kit,606.55,Power,false,CTK-ATS-HN01,Replacement contactor set for ATS panel,612.31,ATS-Panel-HN-01,Electrical Room - HN-01,13,Electrician,PRT-HN01-0010,Schneider Electric
11,Air Filter Kit,101.67,Cooling,true,FLT-PDX-HN01,Precision cooling filter pack,101.61,CRAC-Unit-HN-01,HVAC Plant - HN-01,16,HVAC Technician,PRT-HN01-0011,Vertiv
12,Generator Service Kit,186.95,Power,true,SVK-GEN-HN01,"Oil, air and fuel filter service kit",194.69,Generator-HN-01,Generator Yard - HN-01,96,Electrician,PRT-HN01-0012,Cummins
13,Camera Module,134.02,Security,false,CAM-KSK-HN01,Replacement facial recognition camera,134.55,Visitor-Kiosk-HN-01,Reception - HN-01,16,Security Officer,PRT-HN01-0013,ZKTeco
14,Mounting Bracket,59.29,Security,false,MBR-CAM-HN01,Outdoor mounting bracket,59.94,Loading-Bay-Camera-HN-01,Loading Bay - HN-01,5,Security Officer,PRT-HN01-0014,Hikvision
15,Radio Mount Kit,102.95,Network,false,MKT-IP20-HN01,Microwave radio mounting kit,100.3,Microwave-Radio-HN-01,Roof - HN-01,3,Field Technician,PRT-HN01-0015,Ceragon
16,LC Connector Pack,18.75,Cabling,true,LC-CONN-HN01,Single-mode LC connector pack,19.18,Fiber-Patch-Panel-HN-01,IDF Room 1 - HN-01,276,Cabling Technician,PRT-HN01-0016,Corning
17,Power Supply Module,350.99,Network,false,PSU-C93-HN01,Replacement switch power supply,364.6,Edge-Switch-HN-01,IDF Room 2 - HN-01,38,Network Engineer,PRT-HN01-0017,Cisco
18,RF Jumper Cable,84.22,Cellular,true,RFC-AIR-HN01,Low-loss RF jumper cable,81.93,5G-Antenna-HN-01,Telecom Mast - HN-01,100,Field Technician,PRT-HN01-0018,Ericsson
19,Timing Module,812.95,Cellular,false,TIM-BBU-HN01,Synchronization module for BBU,825.56,Baseband-Unit-HN-01,Base Station - HN-01,16,Field Technician,PRT-HN01-0019,Nokia
20,Surge Protector,66.22,Cellular,true,SPD-RRU-HN01,Outdoor RF surge protector,66.1,Radio-Unit-HN-01,Antenna Array - HN-01,155,Field Technician,PRT-HN01-0020,Ericsson
21,Antenna Kit,50.04,Facilities,false,ANT-IOT-HN01,LTE antenna kit for gateway,51.04,Sensor-Gateway-HN-01,Storage Room - HN-01,13,Facilities Supervisor,PRT-HN01-0021,Advantech
22,Controller SSD,298.39,Network,false,SSD-WLC-HN01,SSD for wireless controller,291.0,WiFi-Controller-HN-01,Office Floor 1 - HN-01,10,Network Engineer,PRT-HN01-0022,Cisco
23,PoE Injector,74.07,Network,false,POE-AP-HN01,802.3at PoE injector,75.21,Access-Point-HN-01,Office Floor 2 - HN-01,30,Network Engineer,PRT-HN01-0023,Aruba
24,GPU Accelerator,12144.84,Server,false,GPU-A100-HN01,NVIDIA A100 Tensor Core GPU,11875.45,AI-Analytics-Server-HN-01,Lab A - HN-01,8,AI Specialist,PRT-HN01-0024,NVIDIA
25,Capture SSD,482.8,Network,false,SSD-NMA-HN01,High-write SSD for packet capture,479.88,Monitoring-Appliance-HN-01,Workshop - HN-01,14,Network Engineer,PRT-HN01-0025,Fluke
26,SSD Module,485.73,Network,false,SSD-OBS-HN02,Enterprise SSD for monitoring appliance,486.78,Monitoring-System-HN-02,Infrastructure Site - HN-02,8,Network Engineer,PRT-HN02-0026,SolarWinds
27,Cisco Line Card,8706.09,Network,false,LC-ASR-HN02,100G line card for ASR series router,8655.14,Core-Router-HN-02,Network Operations Center (NOC) - HN-02,55,Network Engineer,PRT-HN02-0027,Cisco
28,RAID Drive,380.93,Security,false,DRV-VMS-HN02,12TB surveillance-rated HDD,389.97,Security-VMS-Server-HN-02,Security Operations Center (SOC) - HN-02,18,Security Officer,PRT-HN02-0028,Milestone
29,Server Memory Kit,655.0,Server,false,RAM-R750-HN02,64GB DDR4 RDIMM memory kit,682.86,Virtualization-Host-HN-02,Server Room A - HN-02,30,System Administrator,PRT-HN02-0029,Dell
30,NVMe SSD,1132.89,Server,false,SSD-AFF-HN02,Enterprise NVMe SSD for storage array,1161.01,Storage-Array-HN-02,Server Room B - HN-02,5,Storage Administrator,PRT-HN02-0030,NetApp
31,Juniper Transceiver,245.61,Network,false,SFP-EX-HN02,10G SFP+ transceiver,243.28,Access-Switch-HN-02,Network Closet - HN-02,42,Network Engineer,PRT-HN02-0031,Juniper
32,Access Card,11.93,Security,true,CARD-N2-HN02,Proximity access card,12.11,Access-Control-Panel-HN-02,Access Control Room - HN-02,233,Security Officer,PRT-HN02-0032,Paxton
33,Surveillance HDD,274.97,Security,false,HDD-NVR-HN02,8TB surveillance hard drive,285.47,NVR-HN-02,Video Surveillance Room - HN-02,24,Security Officer,PRT-HN02-0033,Hikvision
34,UPS Battery Module,446.92,Power,false,BATT-SRT-HN02,Replacement battery cartridge,448.06,UPS-HN-02,UPS Room - HN-02,12,Electrician,PRT-HN02-0034,APC
35,Contactor Kit,652.28,Power,false,CTK-ATS-HN02,Replacement contactor set for ATS panel,675.97,ATS-Panel-HN-02,Electrical Room - HN-02,25,Electrician,PRT-HN02-0035,Schneider Electric
36,Air Filter Kit,101.62,Cooling,true,FLT-PDX-HN02,Precision cooling filter pack,100.34,CRAC-Unit-HN-02,HVAC Plant - HN-02,64,HVAC Technician,PRT-HN02-0036,Vertiv
37,Generator Service Kit,180.96,Power,true,SVK-GEN-HN02,"Oil, air and fuel filter service kit",185.66,Generator-HN-02,Generator Yard - HN-02,67,Electrician,PRT-HN02-0037,Cummins
38,Camera Module,139.44,Security,false,CAM-KSK-HN02,Replacement facial recognition camera,139.36,Visitor-Kiosk-HN-02,Reception - HN-02,10,Security Officer,PRT-HN02-0038,ZKTeco
39,Mounting Bracket,56.22,Security,false,MBR-CAM-HN02,Outdoor mounting bracket,57.69,Loading-Bay-Camera-HN-02,Loading Bay - HN-02,29,Security Officer,PRT-HN02-0039,Hikvision
40,Radio Mount Kit,102.79,Network,false,MKT-IP20-HN02,Microwave radio mounting kit,106.47,Microwave-Radio-HN-02,Roof - HN-02,8,Field Technician,PRT-HN02-0040,Ceragon
41,LC Connector Pack,18.93,Cabling,true,LC-CONN-HN02,Single-mode LC connector pack,19.79,Fiber-Patch-Panel-HN-02,IDF Room 1 - HN-02,251,Cabling Technician,PRT-HN02-0041,Corning
42,Power Supply Module,346.23,Network,false,PSU-C93-HN02,Replacement switch power supply,337.68,Edge-Switch-HN-02,IDF Room 2 - HN-02,30,Network Engineer,PRT-HN02-0042,Cisco
43,RF Jumper Cable,86.77,Cellular,true,RFC-AIR-HN02,Low-loss RF jumper cable,89.66,5G-Antenna-HN-02,Telecom Mast - HN-02,79,Field Technician,PRT-HN02-0043,Ericsson
44,Timing Module,806.65,Cellular,false,TIM-BBU-HN02,Synchronization module for BBU,831.99,Baseband-Unit-HN-02,Base Station - HN-02,21,Field Technician,PRT-HN02-0044,Nokia
45,Surge Protector,68.12,Cellular,true,SPD-RRU-HN02,Outdoor RF surge protector,67.15,Radio-Unit-HN-02,Antenna Array - HN-02,222,Field Technician,PRT-HN02-0045,Ericsson
46,Antenna Kit,45.92,Facilities,false,ANT-IOT-HN02,LTE antenna kit for gateway,44.87,Sensor-Gateway-HN-02,Storage Room - HN-02,15,Facilities Supervisor,PRT-HN02-0046,Advantech
47,Controller SSD,300.52,Network,false,SSD-WLC-HN02,SSD for wireless controller,295.59,WiFi-Controller-HN-02,Office Floor 1 - HN-02,19,Network Engineer,PRT-HN02-0047,Cisco
48,PoE Injector,75.0,Network,false,POE-AP-HN02,802.3at PoE injector,77.63,Access-Point-HN-02,Office Floor 2 - HN-02,21,Network Engineer,PRT-HN02-0048,Aruba
49,GPU Accelerator,12336.66,Server,false,GPU-A100-HN02,NVIDIA A100 Tensor Core GPU,12369.75,AI-Analytics-Server-HN-02,Lab A - HN-02,3,AI Specialist,PRT-HN02-0049,NVIDIA
50,Capture SSD,525.04,Network,false,SSD-NMA-HN02,High-write SSD for packet capture,528.53,Monitoring-Appliance-HN-02,Workshop - HN-02,1,Network Engineer,PRT-HN02-0050,Fluke
51,SSD Module,465.36,Network,false,SSD-OBS-HCM03,Enterprise SSD for monitoring appliance,477.77,Monitoring-System-HCM-03,Infrastructure Site - HCM-03,24,Network Engineer,PRT-HCM03-0051,SolarWinds
52,Cisco Line Card,9135.41,Network,false,LC-ASR-HCM03,100G line card for ASR series router,9298.55,Core-Router-HCM-03,Network Operations Center (NOC) - HCM-03,51,Network Engineer,PRT-HCM03-0052,Cisco
53,RAID Drive,352.1,Security,false,DRV-VMS-HCM03,12TB surveillance-rated HDD,346.59,Security-VMS-Server-HCM-03,Security Operations Center (SOC) - HCM-03,6,Security Officer,PRT-HCM03-0053,Milestone
54,Server Memory Kit,601.88,Server,false,RAM-R750-HCM03,64GB DDR4 RDIMM memory kit,609.36,Virtualization-Host-HCM-03,Server Room A - HCM-03,5,System Administrator,PRT-HCM03-0054,Dell
55,NVMe SSD,1281.84,Server,false,SSD-AFF-HCM03,Enterprise NVMe SSD for storage array,1272.4,Storage-Array-HCM-03,Server Room B - HCM-03,5,Storage Administrator,PRT-HCM03-0055,NetApp
56,Juniper Transceiver,242.14,Network,false,SFP-EX-HCM03,10G SFP+ transceiver,252.75,Access-Switch-HCM-03,Network Closet - HCM-03,44,Network Engineer,PRT-HCM03-0056,Juniper
57,Access Card,11.54,Security,true,CARD-N2-HCM03,Proximity access card,11.85,Access-Control-Panel-HCM-03,Access Control Room - HCM-03,233,Security Officer,PRT-HCM03-0057,Paxton
58,Surveillance HDD,272.54,Security,false,HDD-NVR-HCM03,8TB surveillance hard drive,266.4,NVR-HCM-03,Video Surveillance Room - HCM-03,28,Security Officer,PRT-HCM03-0058,Hikvision
59,UPS Battery Module,448.25,Power,false,BATT-SRT-HCM03,Replacement battery cartridge,443.63,UPS-HCM-03,UPS Room - HCM-03,16,Electrician,PRT-HCM03-0059,APC
60,Contactor Kit,613.99,Power,false,CTK-ATS-HCM03,Replacement contactor set for ATS panel,599.55,ATS-Panel-HCM-03,Electrical Room - HCM-03,27,Electrician,PRT-HCM03-0060,Schneider Electric
61,Air Filter Kit,90.61,Cooling,true,FLT-PDX-HCM03,Precision cooling filter pack,88.25,CRAC-Unit-HCM-03,HVAC Plant - HCM-03,339,HVAC Technician,PRT-HCM03-0061,Vertiv
62,Generator Service Kit,190.15,Power,true,SVK-GEN-HCM03,"Oil, air and fuel filter service kit",186.92,Generator-HCM-03,Generator Yard - HCM-03,216,Electrician,PRT-HCM03-0062,Cummins
63,Camera Module,140.28,Security,false,CAM-KSK-HCM03,Replacement facial recognition camera,141.57,Visitor-Kiosk-HCM-03,Reception - HCM-03,29,Security Officer,PRT-HCM03-0063,ZKTeco
64,Mounting Bracket,54.42,Security,false,MBR-CAM-HCM03,Outdoor mounting bracket,54.64,Loading-Bay-Camera-HCM-03,Loading Bay - HCM-03,2,Security Officer,PRT-HCM03-0064,Hikvision
65,Radio Mount Kit,117.58,Network,false,MKT-IP20-HCM03,Microwave radio mounting kit,119.01,Microwave-Radio-HCM-03,Roof - HCM-03,21,Field Technician,PRT-HCM03-0065,Ceragon
66,LC Connector Pack,17.43,Cabling,true,LC-CONN-HCM03,Single-mode LC connector pack,18.27,Fiber-Patch-Panel-HCM-03,IDF Room 1 - HCM-03,360,Cabling Technician,PRT-HCM03-0066,Corning
67,Power Supply Module,336.64,Network,false,PSU-C93-HCM03,Replacement switch power supply,344.34,Edge-Switch-HCM-03,IDF Room 2 - HCM-03,40,Network Engineer,PRT-HCM03-0067,Cisco
68,RF Jumper Cable,79.33,Cellular,true,RFC-AIR-HCM03,Low-loss RF jumper cable,82.52,5G-Antenna-HCM-03,Telecom Mast - HCM-03,162,Field Technician,PRT-HCM03-0068,Ericsson
69,Timing Module,740.7,Cellular,false,TIM-BBU-HCM03,Synchronization module for BBU,762.74,Baseband-Unit-HCM-03,Base Station - HCM-03,20,Field Technician,PRT-HCM03-0069,Nokia
70,Surge Protector,66.62,Cellular,true,SPD-RRU-HCM03,Outdoor RF surge protector,67.07,Radio-Unit-HCM-03,Antenna Array - HCM-03,217,Field Technician,PRT-HCM03-0070,Ericsson
71,Antenna Kit,45.2,Facilities,false,ANT-IOT-HCM03,LTE antenna kit for gateway,44.53,Sensor-Gateway-HCM-03,Storage Room - HCM-03,27,Facilities Supervisor,PRT-HCM03-0071,Advantech
72,Controller SSD,268.43,Network,false,SSD-WLC-HCM03,SSD for wireless controller,278.46,WiFi-Controller-HCM-03,Office Floor 1 - HCM-03,28,Network Engineer,PRT-HCM03-0072,Cisco
73,PoE Injector,69.13,Network,false,POE-AP-HCM03,802.3at PoE injector,67.7,Access-Point-HCM-03,Office Floor 2 - HCM-03,13,Network Engineer,PRT-HCM03-0073,Aruba
74,GPU Accelerator,12638.86,Server,false,GPU-A100-HCM03,NVIDIA A100 Tensor Core GPU,13102.8,AI-Analytics-Server-HCM-03,Lab A - HCM-03,1,AI Specialist,PRT-HCM03-0074,NVIDIA
75,Capture SSD,514.43,Network,false,SSD-NMA-HCM03,High-write SSD for packet capture,510.96,Monitoring-Appliance-HCM-03,Workshop - HCM-03,16,Network Engineer,PRT-HCM03-0075,Fluke
76,SSD Module,455.5,Network,false,SSD-OBS-HCM04,Enterprise SSD for monitoring appliance,462.0,Monitoring-System-HCM-04,Infrastructure Site - HCM-04,9,Network Engineer,PRT-HCM04-0076,SolarWinds
77,Cisco Line Card,8211.69,Network,false,LC-ASR-HCM04,100G line card for ASR series router,8091.61,Core-Router-HCM-04,Network Operations Center (NOC) - HCM-04,26,Network Engineer,PRT-HCM04-0077,Cisco
78,RAID Drive,357.57,Security,false,DRV-VMS-HCM04,12TB surveillance-rated HDD,355.24,Security-VMS-Server-HCM-04,Security Operations Center (SOC) - HCM-04,23,Security Officer,PRT-HCM04-0078,Milestone
79,Server Memory Kit,638.92,Server,false,RAM-R750-HCM04,64GB DDR4 RDIMM memory kit,624.16,Virtualization-Host-HCM-04,Server Room A - HCM-04,16,System Administrator,PRT-HCM04-0079,Dell
80,NVMe SSD,1162.3,Server,false,SSD-AFF-HCM04,Enterprise NVMe SSD for storage array,1146.91,Storage-Array-HCM-04,Server Room B - HCM-04,1,Storage Administrator,PRT-HCM04-0080,NetApp
81,Juniper Transceiver,251.78,Network,false,SFP-EX-HCM04,10G SFP+ transceiver,251.03,Access-Switch-HCM-04,Network Closet - HCM-04,11,Network Engineer,PRT-HCM04-0081,Juniper
82,Access Card,12.52,Security,true,CARD-N2-HCM04,Proximity access card,12.7,Access-Control-Panel-HCM-04,Access Control Room - HCM-04,87,Security Officer,PRT-HCM04-0082,Paxton
83,Surveillance HDD,311.47,Security,false,HDD-NVR-HCM04,8TB surveillance hard drive,320.95,NVR-HCM-04,Video Surveillance Room - HCM-04,4,Security Officer,PRT-HCM04-0083,Hikvision
84,UPS Battery Module,396.95,Power,false,BATT-SRT-HCM04,Replacement battery cartridge,394.32,UPS-HCM-04,UPS Room - HCM-04,15,Electrician,PRT-HCM04-0084,APC
85,Contactor Kit,698.84,Power,false,CTK-ATS-HCM04,Replacement contactor set for ATS panel,720.88,ATS-Panel-HCM-04,Electrical Room - HCM-04,1,Electrician,PRT-HCM04-0085,Schneider Electric
86,Air Filter Kit,89.7,Cooling,true,FLT-PDX-HCM04,Precision cooling filter pack,92.42,CRAC-Unit-HCM-04,HVAC Plant - HCM-04,225,HVAC Technician,PRT-HCM04-0086,Vertiv
87,Generator Service Kit,192.78,Power,true,SVK-GEN-HCM04,"Oil, air and fuel filter service kit",193.82,Generator-HCM-04,Generator Yard - HCM-04,15,Electrician,PRT-HCM04-0087,Cummins
88,Camera Module,145.81,Security,false,CAM-KSK-HCM04,Replacement facial recognition camera,149.13,Visitor-Kiosk-HCM-04,Reception - HCM-04,21,Security Officer,PRT-HCM04-0088,ZKTeco
89,Mounting Bracket,58.29,Security,false,MBR-CAM-HCM04,Outdoor mounting bracket,59.9,Loading-Bay-Camera-HCM-04,Loading Bay - HCM-04,11,Security Officer,PRT-HCM04-0089,Hikvision
90,Radio Mount Kit,116.82,Network,false,MKT-IP20-HCM04,Microwave radio mounting kit,119.15,Microwave-Radio-HCM-04,Roof - HCM-04,20,Field Technician,PRT-HCM04-0090,Ceragon
91,LC Connector Pack,17.68,Cabling,true,LC-CONN-HCM04,Single-mode LC connector pack,18.17,Fiber-Patch-Panel-HCM-04,IDF Room 1 - HCM-04,74,Cabling Technician,PRT-HCM04-0091,Corning
92,Power Supply Module,350.82,Network,false,PSU-C93-HCM04,Replacement switch power supply,358.14,Edge-Switch-HCM-04,IDF Room 2 - HCM-04,5,Network Engineer,PRT-HCM04-0092,Cisco
93,RF Jumper Cable,89.65,Cellular,true,RFC-AIR-HCM04,Low-loss RF jumper cable,88.82,5G-Antenna-HCM-04,Telecom Mast - HCM-04,269,Field Technician,PRT-HCM04-0093,Ericsson
94,Timing Module,774.15,Cellular,false,TIM-BBU-HCM04,Synchronization module for BBU,811.8,Baseband-Unit-HCM-04,Base Station - HCM-04,26,Field Technician,PRT-HCM04-0094,Nokia
95,Surge Protector,67.23,Cellular,true,SPD-RRU-HCM04,Outdoor RF surge protector,68.01,Radio-Unit-HCM-04,Antenna Array - HCM-04,136,Field Technician,PRT-HCM04-0095,Ericsson
96,Antenna Kit,44.87,Facilities,false,ANT-IOT-HCM04,LTE antenna kit for gateway,45.05,Sensor-Gateway-HCM-04,Storage Room - HCM-04,5,Facilities Supervisor,PRT-HCM04-0096,Advantech
97,Controller SSD,280.85,Network,false,SSD-WLC-HCM04,SSD for wireless controller,281.29,WiFi-Controller-HCM-04,Office Floor 1 - HCM-04,9,Network Engineer,PRT-HCM04-0097,Cisco
98,PoE Injector,72.6,Network,false,POE-AP-HCM04,802.3at PoE injector,72.84,Access-Point-HCM-04,Office Floor 2 - HCM-04,14,Network Engineer,PRT-HCM04-0098,Aruba
99,GPU Accelerator,13343.39,Server,false,GPU-A100-HCM04,NVIDIA A100 Tensor Core GPU,13069.87,AI-Analytics-Server-HCM-04,Lab A - HCM-04,7,AI Specialist,PRT-HCM04-0099,NVIDIA
100,Capture SSD,508.85,Network,false,SSD-NMA-HCM04,High-write SSD for packet capture,525.79,Monitoring-Appliance-HCM-04,Workshop - HCM-04,5,Network Engineer,PRT-HCM04-0100,Fluke
101,SSD Module,439.1,Network,false,SSD-OBS-DN05,Enterprise SSD for monitoring appliance,456.51,Monitoring-System-DN-05,Infrastructure Site - DN-05,14,Network Engineer,PRT-DN05-0101,SolarWinds
102,Cisco Line Card,8685.59,Network,false,LC-ASR-DN05,100G line card for ASR series router,8954.27,Core-Router-DN-05,Network Operations Center (NOC) - DN-05,46,Network Engineer,PRT-DN05-0102,Cisco
103,RAID Drive,352.39,Security,false,DRV-VMS-DN05,12TB surveillance-rated HDD,360.71,Security-VMS-Server-DN-05,Security Operations Center (SOC) - DN-05,15,Security Officer,PRT-DN05-0103,Milestone
104,Server Memory Kit,589.49,Server,false,RAM-R750-DN05,64GB DDR4 RDIMM memory kit,600.98,Virtualization-Host-DN-05,Server Room A - DN-05,19,System Administrator,PRT-DN05-0104,Dell
105,NVMe SSD,1255.06,Server,false,SSD-AFF-DN05,Enterprise NVMe SSD for storage array,1242.03,Storage-Array-DN-05,Server Room B - DN-05,12,Storage Administrator,PRT-DN05-0105,NetApp
106,Juniper Transceiver,237.58,Network,false,SFP-EX-DN05,10G SFP+ transceiver,238.34,Access-Switch-DN-05,Network Closet - DN-05,59,Network Engineer,PRT-DN05-0106,Juniper
107,Access Card,11.36,Security,true,CARD-N2-DN05,Proximity access card,11.15,Access-Control-Panel-DN-05,Access Control Room - DN-05,140,Security Officer,PRT-DN05-0107,Paxton
108,Surveillance HDD,284.89,Security,false,HDD-NVR-DN05,8TB surveillance hard drive,283.64,NVR-DN-05,Video Surveillance Room - DN-05,14,Security Officer,PRT-DN05-0108,Hikvision
109,UPS Battery Module,419.53,Power,false,BATT-SRT-DN05,Replacement battery cartridge,432.19,UPS-DN-05,UPS Room - DN-05,13,Electrician,PRT-DN05-0109,APC
110,Contactor Kit,640.38,Power,false,CTK-ATS-DN05,Replacement contactor set for ATS panel,633.14,ATS-Panel-DN-05,Electrical Room - DN-05,29,Electrician,PRT-DN05-0110,Schneider Electric
111,Air Filter Kit,100.26,Cooling,true,FLT-PDX-DN05,Precision cooling filter pack,101.27,CRAC-Unit-DN-05,HVAC Plant - DN-05,82,HVAC Technician,PRT-DN05-0111,Vertiv
112,Generator Service Kit,166.8,Power,true,SVK-GEN-DN05,"Oil, air and fuel filter service kit",172.64,Generator-DN-05,Generator Yard - DN-05,327,Electrician,PRT-DN05-0112,Cummins
113,Camera Module,141.91,Security,false,CAM-KSK-DN05,Replacement facial recognition camera,143.44,Visitor-Kiosk-DN-05,Reception - DN-05,2,Security Officer,PRT-DN05-0113,ZKTeco
114,Mounting Bracket,52.46,Security,false,MBR-CAM-DN05,Outdoor mounting bracket,53.0,Loading-Bay-Camera-DN-05,Loading Bay - DN-05,26,Security Officer,PRT-DN05-0114,Hikvision
115,Radio Mount Kit,106.98,Network,false,MKT-IP20-DN05,Microwave radio mounting kit,111.59,Microwave-Radio-DN-05,Roof - DN-05,5,Field Technician,PRT-DN05-0115,Ceragon
116,LC Connector Pack,18.16,Cabling,true,LC-CONN-DN05,Single-mode LC connector pack,18.63,Fiber-Patch-Panel-DN-05,IDF Room 1 - DN-05,260,Cabling Technician,PRT-DN05-0116,Corning
117,Power Supply Module,387.19,Network,false,PSU-C93-DN05,Replacement switch power supply,387.23,Edge-Switch-DN-05,IDF Room 2 - DN-05,42,Network Engineer,PRT-DN05-0117,Cisco
118,RF Jumper Cable,78.33,Cellular,true,RFC-AIR-DN05,Low-loss RF jumper cable,80.63,5G-Antenna-DN-05,Telecom Mast - DN-05,398,Field Technician,PRT-DN05-0118,Ericsson
119,Timing Module,838.32,Cellular,false,TIM-BBU-DN05,Synchronization module for BBU,815.64,Baseband-Unit-DN-05,Base Station - DN-05,16,Field Technician,PRT-DN05-0119,Nokia
120,Surge Protector,61.82,Cellular,true,SPD-RRU-DN05,Outdoor RF surge protector,63.61,Radio-Unit-DN-05,Antenna Array - DN-05,354,Field Technician,PRT-DN05-0120,Ericsson
121,Antenna Kit,49.76,Facilities,false,ANT-IOT-DN05,LTE antenna kit for gateway,49.36,Sensor-Gateway-DN-05,Storage Room - DN-05,28,Facilities Supervisor,PRT-DN05-0121,Advantech
122,Controller SSD,276.98,Network,false,SSD-WLC-DN05,SSD for wireless controller,290.72,WiFi-Controller-DN-05,Office Floor 1 - DN-05,9,Network Engineer,PRT-DN05-0122,Cisco
123,PoE Injector,67.51,Network,false,POE-AP-DN05,802.3at PoE injector,67.76,Access-Point-DN-05,Office Floor 2 - DN-05,32,Network Engineer,PRT-DN05-0123,Aruba
124,GPU Accelerator,13456.19,Server,false,GPU-A100-DN05,NVIDIA A100 Tensor Core GPU,13508.75,AI-Analytics-Server-DN-05,Lab A - DN-05,2,AI Specialist,PRT-DN05-0124,NVIDIA
125,Capture SSD,471.47,Network,false,SSD-NMA-DN05,High-write SSD for packet capture,473.62,Monitoring-Appliance-DN-05,Workshop - DN-05,1,Network Engineer,PRT-DN05-0125,Fluke
126,SSD Module,451.42,Network,false,SSD-OBS-HP06,Enterprise SSD for monitoring appliance,446.42,Monitoring-System-HP-06,Infrastructure Site - HP-06,3,Network Engineer,PRT-HP06-0126,SolarWinds
127,Cisco Line Card,7908.44,Network,false,LC-ASR-HP06,100G line card for ASR series router,7751.87,Core-Router-HP-06,Network Operations Center (NOC) - HP-06,55,Network Engineer,PRT-HP06-0127,Cisco
128,RAID Drive,387.13,Security,false,DRV-VMS-HP06,12TB surveillance-rated HDD,388.25,Security-VMS-Server-HP-06,Security Operations Center (SOC) - HP-06,28,Security Officer,PRT-HP06-0128,Milestone
129,Server Memory Kit,604.09,Server,false,RAM-R750-HP06,64GB DDR4 RDIMM memory kit,631.28,Virtualization-Host-HP-06,Server Room A - HP-06,26,System Administrator,PRT-HP06-0129,Dell
130,NVMe SSD,1218.27,Server,false,SSD-AFF-HP06,Enterprise NVMe SSD for storage array,1188.31,Storage-Array-HP-06,Server Room B - HP-06,4,Storage Administrator,PRT-HP06-0130,NetApp
131,Juniper Transceiver,223.12,Network,false,SFP-EX-HP06,10G SFP+ transceiver,221.99,Access-Switch-HP-06,Network Closet - HP-06,31,Network Engineer,PRT-HP06-0131,Juniper
132,Access Card,12.2,Security,true,CARD-N2-HP06,Proximity access card,12.12,Access-Control-Panel-HP-06,Access Control Room - HP-06,14,Security Officer,PRT-HP06-0132,Paxton
133,Surveillance HDD,282.75,Security,false,HDD-NVR-HP06,8TB surveillance hard drive,296.36,NVR-HP-06,Video Surveillance Room - HP-06,21,Security Officer,PRT-HP06-0133,Hikvision
134,UPS Battery Module,443.65,Power,false,BATT-SRT-HP06,Replacement battery cartridge,450.44,UPS-HP-06,UPS Room - HP-06,11,Electrician,PRT-HP06-0134,APC
135,Contactor Kit,620.82,Power,false,CTK-ATS-HP06,Replacement contactor set for ATS panel,602.38,ATS-Panel-HP-06,Electrical Room - HP-06,8,Electrician,PRT-HP06-0135,Schneider Electric
136,Air Filter Kit,90.52,Cooling,true,FLT-PDX-HP06,Precision cooling filter pack,89.14,CRAC-Unit-HP-06,HVAC Plant - HP-06,13,HVAC Technician,PRT-HP06-0136,Vertiv
137,Generator Service Kit,166.86,Power,true,SVK-GEN-HP06,"Oil, air and fuel filter service kit",162.25,Generator-HP-06,Generator Yard - HP-06,111,Electrician,PRT-HP06-0137,Cummins
138,Camera Module,149.2,Security,false,CAM-KSK-HP06,Replacement facial recognition camera,144.97,Visitor-Kiosk-HP-06,Reception - HP-06,22,Security Officer,PRT-HP06-0138,ZKTeco
139,Mounting Bracket,56.42,Security,false,MBR-CAM-HP06,Outdoor mounting bracket,58.97,Loading-Bay-Camera-HP-06,Loading Bay - HP-06,26,Security Officer,PRT-HP06-0139,Hikvision
140,Radio Mount Kit,106.8,Network,false,MKT-IP20-HP06,Microwave radio mounting kit,107.26,Microwave-Radio-HP-06,Roof - HP-06,21,Field Technician,PRT-HP06-0140,Ceragon
141,LC Connector Pack,18.37,Cabling,true,LC-CONN-HP06,Single-mode LC connector pack,18.23,Fiber-Patch-Panel-HP-06,IDF Room 1 - HP-06,74,Cabling Technician,PRT-HP06-0141,Corning
142,Power Supply Module,360.5,Network,false,PSU-C93-HP06,Replacement switch power supply,371.35,Edge-Switch-HP-06,IDF Room 2 - HP-06,45,Network Engineer,PRT-HP06-0142,Cisco
143,RF Jumper Cable,84.64,Cellular,true,RFC-AIR-HP06,Low-loss RF jumper cable,86.04,5G-Antenna-HP-06,Telecom Mast - HP-06,336,Field Technician,PRT-HP06-0143,Ericsson
144,Timing Module,744.88,Cellular,false,TIM-BBU-HP06,Synchronization module for BBU,747.86,Baseband-Unit-HP-06,Base Station - HP-06,13,Field Technician,PRT-HP06-0144,Nokia
145,Surge Protector,62.87,Cellular,true,SPD-RRU-HP06,Outdoor RF surge protector,63.59,Radio-Unit-HP-06,Antenna Array - HP-06,127,Field Technician,PRT-HP06-0145,Ericsson
146,Antenna Kit,46.98,Facilities,false,ANT-IOT-HP06,LTE antenna kit for gateway,47.44,Sensor-Gateway-HP-06,Storage Room - HP-06,9,Facilities Supervisor,PRT-HP06-0146,Advantech
147,Controller SSD,297.99,Network,false,SSD-WLC-HP06,SSD for wireless controller,296.07,WiFi-Controller-HP-06,Office Floor 1 - HP-06,17,Network Engineer,PRT-HP06-0147,Cisco
148,PoE Injector,66.64,Network,false,POE-AP-HP06,802.3at PoE injector,65.69,Access-Point-HP-06,Office Floor 2 - HP-06,25,Network Engineer,PRT-HP06-0148,Aruba
149,GPU Accelerator,11517.07,Server,false,GPU-A100-HP06,NVIDIA A100 Tensor Core GPU,11447.48,AI-Analytics-Server-HP-06,Lab A - HP-06,6,AI Specialist,PRT-HP06-0149,NVIDIA
150,Capture SSD,487.72,Network,false,SSD-NMA-HP06,High-write SSD for packet capture,502.32,Monitoring-Appliance-HP-06,Workshop - HP-06,16,Network Engineer,PRT-HP06-0150,Fluke
151,SSD Module,444.87,Network,false,SSD-OBS-CT07,Enterprise SSD for monitoring appliance,465.05,Monitoring-System-CT-07,Infrastructure Site - CT-07,14,Network Engineer,PRT-CT07-0151,SolarWinds
152,Cisco Line Card,7833.17,Network,false,LC-ASR-CT07,100G line card for ASR series router,8106.01,Core-Router-CT-07,Network Operations Center (NOC) - CT-07,57,Network Engineer,PRT-CT07-0152,Cisco
153,RAID Drive,367.82,Security,false,DRV-VMS-CT07,12TB surveillance-rated HDD,374.05,Security-VMS-Server-CT-07,Security Operations Center (SOC) - CT-07,19,Security Officer,PRT-CT07-0153,Milestone
154,Server Memory Kit,627.33,Server,false,RAM-R750-CT07,64GB DDR4 RDIMM memory kit,628.13,Virtualization-Host-CT-07,Server Room A - CT-07,13,System Administrator,PRT-CT07-0154,Dell
155,NVMe SSD,1226.69,Server,false,SSD-AFF-CT07,Enterprise NVMe SSD for storage array,1219.78,Storage-Array-CT-07,Server Room B - CT-07,3,Storage Administrator,PRT-CT07-0155,NetApp
156,Juniper Transceiver,231.7,Network,false,SFP-EX-CT07,10G SFP+ transceiver,229.07,Access-Switch-CT-07,Network Closet - CT-07,46,Network Engineer,PRT-CT07-0156,Juniper
157,Access Card,11.79,Security,true,CARD-N2-CT07,Proximity access card,12.37,Access-Control-Panel-CT-07,Access Control Room - CT-07,76,Security Officer,PRT-CT07-0157,Paxton
158,Surveillance HDD,304.75,Security,false,HDD-NVR-CT07,8TB surveillance hard drive,311.82,NVR-CT-07,Video Surveillance Room - CT-07,6,Security Officer,PRT-CT07-0158,Hikvision
159,UPS Battery Module,427.05,Power,false,BATT-SRT-CT07,Replacement battery cartridge,422.67,UPS-CT-07,UPS Room - CT-07,11,Electrician,PRT-CT07-0159,APC
160,Contactor Kit,634.07,Power,false,CTK-ATS-CT07,Replacement contactor set for ATS panel,657.79,ATS-Panel-CT-07,Electrical Room - CT-07,26,Electrician,PRT-CT07-0160,Schneider Electric
161,Air Filter Kit,93.38,Cooling,true,FLT-PDX-CT07,Precision cooling filter pack,97.65,CRAC-Unit-CT-07,HVAC Plant - CT-07,132,HVAC Technician,PRT-CT07-0161,Vertiv
162,Generator Service Kit,194.27,Power,true,SVK-GEN-CT07,"Oil, air and fuel filter service kit",189.63,Generator-CT-07,Generator Yard - CT-07,63,Electrician,PRT-CT07-0162,Cummins
163,Camera Module,137.34,Security,false,CAM-KSK-CT07,Replacement facial recognition camera,141.41,Visitor-Kiosk-CT-07,Reception - CT-07,28,Security Officer,PRT-CT07-0163,ZKTeco
164,Mounting Bracket,56.5,Security,false,MBR-CAM-CT07,Outdoor mounting bracket,56.9,Loading-Bay-Camera-CT-07,Loading Bay - CT-07,15,Security Officer,PRT-CT07-0164,Hikvision
165,Radio Mount Kit,102.97,Network,false,MKT-IP20-CT07,Microwave radio mounting kit,102.3,Microwave-Radio-CT-07,Roof - CT-07,18,Field Technician,PRT-CT07-0165,Ceragon
166,LC Connector Pack,17.07,Cabling,true,LC-CONN-CT07,Single-mode LC connector pack,17.54,Fiber-Patch-Panel-CT-07,IDF Room 1 - CT-07,355,Cabling Technician,PRT-CT07-0166,Corning
167,Power Supply Module,331.47,Network,false,PSU-C93-CT07,Replacement switch power supply,342.01,Edge-Switch-CT-07,IDF Room 2 - CT-07,53,Network Engineer,PRT-CT07-0167,Cisco
168,RF Jumper Cable,91.65,Cellular,true,RFC-AIR-CT07,Low-loss RF jumper cable,91.38,5G-Antenna-CT-07,Telecom Mast - CT-07,108,Field Technician,PRT-CT07-0168,Ericsson
169,Timing Module,819.39,Cellular,false,TIM-BBU-CT07,Synchronization module for BBU,815.96,Baseband-Unit-CT-07,Base Station - CT-07,21,Field Technician,PRT-CT07-0169,Nokia
170,Surge Protector,61.61,Cellular,true,SPD-RRU-CT07,Outdoor RF surge protector,61.74,Radio-Unit-CT-07,Antenna Array - CT-07,171,Field Technician,PRT-CT07-0170,Ericsson
171,Antenna Kit,48.95,Facilities,false,ANT-IOT-CT07,LTE antenna kit for gateway,47.66,Sensor-Gateway-CT-07,Storage Room - CT-07,29,Facilities Supervisor,PRT-CT07-0171,Advantech
172,Controller SSD,272.13,Network,false,SSD-WLC-CT07,SSD for wireless controller,277.7,WiFi-Controller-CT-07,Office Floor 1 - CT-07,13,Network Engineer,PRT-CT07-0172,Cisco
173,PoE Injector,69.43,Network,false,POE-AP-CT07,802.3at PoE injector,70.18,Access-Point-CT-07,Office Floor 2 - CT-07,51,Network Engineer,PRT-CT07-0173,Aruba
174,GPU Accelerator,11972.79,Server,false,GPU-A100-CT07,NVIDIA A100 Tensor Core GPU,12024.03,AI-Analytics-Server-CT-07,Lab A - CT-07,4,AI Specialist,PRT-CT07-0174,NVIDIA
175,Capture SSD,485.88,Network,false,SSD-NMA-CT07,High-write SSD for packet capture,472.77,Monitoring-Appliance-CT-07,Workshop - CT-07,30,Network Engineer,PRT-CT07-0175,Fluke
176,SSD Module,430.49,Network,false,SSD-OBS-BD08,Enterprise SSD for monitoring appliance,442.81,Monitoring-System-BD-08,Infrastructure Site - BD-08,11,Network Engineer,PRT-BD08-0176,SolarWinds
177,Cisco Line Card,8798.52,Network,false,LC-ASR-BD08,100G line card for ASR series router,8962.57,Core-Router-BD-08,Network Operations Center (NOC) - BD-08,28,Network Engineer,PRT-BD08-0177,Cisco
178,RAID Drive,353.86,Security,false,DRV-VMS-BD08,12TB surveillance-rated HDD,348.69,Security-VMS-Server-BD-08,Security Operations Center (SOC) - BD-08,21,Security Officer,PRT-BD08-0178,Milestone
179,Server Memory Kit,620.74,Server,false,RAM-R750-BD08,64GB DDR4 RDIMM memory kit,623.28,Virtualization-Host-BD-08,Server Room A - BD-08,15,System Administrator,PRT-BD08-0179,Dell
180,NVMe SSD,1162.2,Server,false,SSD-AFF-BD08,Enterprise NVMe SSD for storage array,1180.92,Storage-Array-BD-08,Server Room B - BD-08,11,Storage Administrator,PRT-BD08-0180,NetApp
181,Juniper Transceiver,240.2,Network,false,SFP-EX-BD08,10G SFP+ transceiver,247.12,Access-Switch-BD-08,Network Closet - BD-08,52,Network Engineer,PRT-BD08-0181,Juniper
182,Access Card,12.44,Security,true,CARD-N2-BD08,Proximity access card,12.32,Access-Control-Panel-BD-08,Access Control Room - BD-08,247,Security Officer,PRT-BD08-0182,Paxton
183,Surveillance HDD,299.97,Security,false,HDD-NVR-BD08,8TB surveillance hard drive,295.67,NVR-BD-08,Video Surveillance Room - BD-08,30,Security Officer,PRT-BD08-0183,Hikvision
184,UPS Battery Module,419.3,Power,false,BATT-SRT-BD08,Replacement battery cartridge,428.22,UPS-BD-08,UPS Room - BD-08,19,Electrician,PRT-BD08-0184,APC
185,Contactor Kit,618.2,Power,false,CTK-ATS-BD08,Replacement contactor set for ATS panel,621.23,ATS-Panel-BD-08,Electrical Room - BD-08,9,Electrician,PRT-BD08-0185,Schneider Electric
186,Air Filter Kit,91.08,Cooling,true,FLT-PDX-BD08,Precision cooling filter pack,88.6,CRAC-Unit-BD-08,HVAC Plant - BD-08,195,HVAC Technician,PRT-BD08-0186,Vertiv
187,Generator Service Kit,168.96,Power,true,SVK-GEN-BD08,"Oil, air and fuel filter service kit",165.14,Generator-BD-08,Generator Yard - BD-08,374,Electrician,PRT-BD08-0187,Cummins
188,Camera Module,144.3,Security,false,CAM-KSK-BD08,Replacement facial recognition camera,145.75,Visitor-Kiosk-BD-08,Reception - BD-08,18,Security Officer,PRT-BD08-0188,ZKTeco
189,Mounting Bracket,57.19,Security,false,MBR-CAM-BD08,Outdoor mounting bracket,59.73,Loading-Bay-Camera-BD-08,Loading Bay - BD-08,13,Security Officer,PRT-BD08-0189,Hikvision
190,Radio Mount Kit,112.72,Network,false,MKT-IP20-BD08,Microwave radio mounting kit,115.95,Microwave-Radio-BD-08,Roof - BD-08,6,Field Technician,PRT-BD08-0190,Ceragon
191,LC Connector Pack,17.09,Cabling,true,LC-CONN-BD08,Single-mode LC connector pack,16.66,Fiber-Patch-Panel-BD-08,IDF Room 1 - BD-08,103,Cabling Technician,PRT-BD08-0191,Corning
192,Power Supply Module,348.08,Network,false,PSU-C93-BD08,Replacement switch power supply,348.16,Edge-Switch-BD-08,IDF Room 2 - BD-08,21,Network Engineer,PRT-BD08-0192,Cisco
193,RF Jumper Cable,88.93,Cellular,true,RFC-AIR-BD08,Low-loss RF jumper cable,86.56,5G-Antenna-BD-08,Telecom Mast - BD-08,118,Field Technician,PRT-BD08-0193,Ericsson
194,Timing Module,771.2,Cellular,false,TIM-BBU-BD08,Synchronization module for BBU,770.94,Baseband-Unit-BD-08,Base Station - BD-08,29,Field Technician,PRT-BD08-0194,Nokia
195,Surge Protector,68.19,Cellular,true,SPD-RRU-BD08,Outdoor RF surge protector,66.16,Radio-Unit-BD-08,Antenna Array - BD-08,367,Field Technician,PRT-BD08-0195,Ericsson
196,Antenna Kit,47.63,Facilities,false,ANT-IOT-BD08,LTE antenna kit for gateway,48.82,Sensor-Gateway-BD-08,Storage Room - BD-08,28,Facilities Supervisor,PRT-BD08-0196,Advantech
197,Controller SSD,273.74,Network,false,SSD-WLC-BD08,SSD for wireless controller,266.53,WiFi-Controller-BD-08,Office Floor 1 - BD-08,26,Network Engineer,PRT-BD08-0197,Cisco
198,PoE Injector,74.0,Network,false,POE-AP-BD08,802.3at PoE injector,77.14,Access-Point-BD-08,Office Floor 2 - BD-08,50,Network Engineer,PRT-BD08-0198,Aruba
199,GPU Accelerator,11755.72,Server,false,GPU-A100-BD08,NVIDIA A100 Tensor Core GPU,12152.43,AI-Analytics-Server-BD-08,Lab A - BD-08,5,AI Specialist,PRT-BD08-0199,NVIDIA
200,Capture SSD,489.06,Network,false,SSD-NMA-BD08,High-write SSD for packet capture,481.05,Monitoring-Appliance-BD-08,Workshop - BD-08,22,Network Engineer,PRT-BD08-0200,Fluke
201,SSD Module,482.51,Network,false,SSD-OBS-HN09,Enterprise SSD for monitoring appliance,493.92,Monitoring-System-HN-09,Infrastructure Site - HN-09,22,Network Engineer,PRT-HN09-0201,SolarWinds
202,Cisco Line Card,8695.82,Network,false,LC-ASR-HN09,100G line card for ASR series router,8697.22,Core-Router-HN-09,Network Operations Center (NOC) - HN-09,49,Network Engineer,PRT-HN09-0202,Cisco
203,RAID Drive,354.93,Security,false,DRV-VMS-HN09,12TB surveillance-rated HDD,346.81,Security-VMS-Server-HN-09,Security Operations Center (SOC) - HN-09,24,Security Officer,PRT-HN09-0203,Milestone
204,Server Memory Kit,643.5,Server,false,RAM-R750-HN09,64GB DDR4 RDIMM memory kit,640.2,Virtualization-Host-HN-09,Server Room A - HN-09,19,System Administrator,PRT-HN09-0204,Dell
205,NVMe SSD,1257.12,Server,false,SSD-AFF-HN09,Enterprise NVMe SSD for storage array,1313.33,Storage-Array-HN-09,Server Room B - HN-09,3,Storage Administrator,PRT-HN09-0205,NetApp
206,Juniper Transceiver,252.95,Network,false,SFP-EX-HN09,10G SFP+ transceiver,255.48,Access-Switch-HN-09,Network Closet - HN-09,33,Network Engineer,PRT-HN09-0206,Juniper
207,Access Card,12.0,Security,true,CARD-N2-HN09,Proximity access card,12.31,Access-Control-Panel-HN-09,Access Control Room - HN-09,150,Security Officer,PRT-HN09-0207,Paxton
208,Surveillance HDD,306.15,Security,false,HDD-NVR-HN09,8TB surveillance hard drive,319.85,NVR-HN-09,Video Surveillance Room - HN-09,8,Security Officer,PRT-HN09-0208,Hikvision
209,UPS Battery Module,431.95,Power,false,BATT-SRT-HN09,Replacement battery cartridge,453.22,UPS-HN-09,UPS Room - HN-09,25,Electrician,PRT-HN09-0209,APC
210,Contactor Kit,608.12,Power,false,CTK-ATS-HN09,Replacement contactor set for ATS panel,605.61,ATS-Panel-HN-09,Electrical Room - HN-09,26,Electrician,PRT-HN09-0210,Schneider Electric
211,Air Filter Kit,97.98,Cooling,true,FLT-PDX-HN09,Precision cooling filter pack,97.32,CRAC-Unit-HN-09,HVAC Plant - HN-09,84,HVAC Technician,PRT-HN09-0211,Vertiv
212,Generator Service Kit,192.97,Power,true,SVK-GEN-HN09,"Oil, air and fuel filter service kit",193.78,Generator-HN-09,Generator Yard - HN-09,96,Electrician,PRT-HN09-0212,Cummins
213,Camera Module,129.56,Security,false,CAM-KSK-HN09,Replacement facial recognition camera,128.17,Visitor-Kiosk-HN-09,Reception - HN-09,16,Security Officer,PRT-HN09-0213,ZKTeco
214,Mounting Bracket,56.16,Security,false,MBR-CAM-HN09,Outdoor mounting bracket,56.48,Loading-Bay-Camera-HN-09,Loading Bay - HN-09,1,Security Officer,PRT-HN09-0214,Hikvision
215,Radio Mount Kit,106.02,Network,false,MKT-IP20-HN09,Microwave radio mounting kit,109.16,Microwave-Radio-HN-09,Roof - HN-09,26,Field Technician,PRT-HN09-0215,Ceragon
216,LC Connector Pack,17.73,Cabling,true,LC-CONN-HN09,Single-mode LC connector pack,18.19,Fiber-Patch-Panel-HN-09,IDF Room 1 - HN-09,211,Cabling Technician,PRT-HN09-0216,Corning
217,Power Supply Module,372.31,Network,false,PSU-C93-HN09,Replacement switch power supply,384.67,Edge-Switch-HN-09,IDF Room 2 - HN-09,11,Network Engineer,PRT-HN09-0217,Cisco
218,RF Jumper Cable,78.73,Cellular,true,RFC-AIR-HN09,Low-loss RF jumper cable,79.99,5G-Antenna-HN-09,Telecom Mast - HN-09,344,Field Technician,PRT-HN09-0218,Ericsson
219,Timing Module,754.86,Cellular,false,TIM-BBU-HN09,Synchronization module for BBU,790.57,Baseband-Unit-HN-09,Base Station - HN-09,6,Field Technician,PRT-HN09-0219,Nokia
220,Surge Protector,61.25,Cellular,true,SPD-RRU-HN09,Outdoor RF surge protector,61.82,Radio-Unit-HN-09,Antenna Array - HN-09,170,Field Technician,PRT-HN09-0220,Ericsson
221,Antenna Kit,45.25,Facilities,false,ANT-IOT-HN09,LTE antenna kit for gateway,46.99,Sensor-Gateway-HN-09,Storage Room - HN-09,7,Facilities Supervisor,PRT-HN09-0221,Advantech
222,Controller SSD,298.08,Network,false,SSD-WLC-HN09,SSD for wireless controller,298.68,WiFi-Controller-HN-09,Office Floor 1 - HN-09,3,Network Engineer,PRT-HN09-0222,Cisco
223,PoE Injector,72.2,Network,false,POE-AP-HN09,802.3at PoE injector,71.15,Access-Point-HN-09,Office Floor 2 - HN-09,27,Network Engineer,PRT-HN09-0223,Aruba
224,GPU Accelerator,13428.04,Server,false,GPU-A100-HN09,NVIDIA A100 Tensor Core GPU,13291.07,AI-Analytics-Server-HN-09,Lab A - HN-09,5,AI Specialist,PRT-HN09-0224,NVIDIA
225,Capture SSD,532.69,Network,false,SSD-NMA-HN09,High-write SSD for packet capture,522.95,Monitoring-Appliance-HN-09,Workshop - HN-09,26,Network Engineer,PRT-HN09-0225,Fluke
226,SSD Module,426.65,Network,false,SSD-OBS-HN10,Enterprise SSD for monitoring appliance,438.71,Monitoring-System-HN-10,Infrastructure Site - HN-10,10,Network Engineer,PRT-HN10-0226,SolarWinds
227,Cisco Line Card,8646.16,Network,false,LC-ASR-HN10,100G line card for ASR series router,9006.92,Core-Router-HN-10,Network Operations Center (NOC) - HN-10,14,Network Engineer,PRT-HN10-0227,Cisco
228,RAID Drive,385.75,Security,false,DRV-VMS-HN10,12TB surveillance-rated HDD,400.4,Security-VMS-Server-HN-10,Security Operations Center (SOC) - HN-10,16,Security Officer,PRT-HN10-0228,Milestone
229,Server Memory Kit,661.51,Server,false,RAM-R750-HN10,64GB DDR4 RDIMM memory kit,675.49,Virtualization-Host-HN-10,Server Room A - HN-10,12,System Administrator,PRT-HN10-0229,Dell
230,NVMe SSD,1200.43,Server,false,SSD-AFF-HN10,Enterprise NVMe SSD for storage array,1190.9,Storage-Array-HN-10,Server Room B - HN-10,7,Storage Administrator,PRT-HN10-0230,NetApp
231,Juniper Transceiver,245.17,Network,false,SFP-EX-HN10,10G SFP+ transceiver,239.32,Access-Switch-HN-10,Network Closet - HN-10,19,Network Engineer,PRT-HN10-0231,Juniper
232,Access Card,12.89,Security,true,CARD-N2-HN10,Proximity access card,12.94,Access-Control-Panel-HN-10,Access Control Room - HN-10,270,Security Officer,PRT-HN10-0232,Paxton
233,Surveillance HDD,299.4,Security,false,HDD-NVR-HN10,8TB surveillance hard drive,308.37,NVR-HN-10,Video Surveillance Room - HN-10,8,Security Officer,PRT-HN10-0233,Hikvision
234,UPS Battery Module,398.15,Power,false,BATT-SRT-HN10,Replacement battery cartridge,397.89,UPS-HN-10,UPS Room - HN-10,5,Electrician,PRT-HN10-0234,APC
235,Contactor Kit,636.82,Power,false,CTK-ATS-HN10,Replacement contactor set for ATS panel,623.49,ATS-Panel-HN-10,Electrical Room - HN-10,30,Electrician,PRT-HN10-0235,Schneider Electric
236,Air Filter Kit,101.62,Cooling,true,FLT-PDX-HN10,Precision cooling filter pack,105.83,CRAC-Unit-HN-10,HVAC Plant - HN-10,259,HVAC Technician,PRT-HN10-0236,Vertiv
237,Generator Service Kit,175.81,Power,true,SVK-GEN-HN10,"Oil, air and fuel filter service kit",171.96,Generator-HN-10,Generator Yard - HN-10,261,Electrician,PRT-HN10-0237,Cummins
238,Camera Module,139.34,Security,false,CAM-KSK-HN10,Replacement facial recognition camera,139.34,Visitor-Kiosk-HN-10,Reception - HN-10,12,Security Officer,PRT-HN10-0238,ZKTeco
239,Mounting Bracket,57.17,Security,false,MBR-CAM-HN10,Outdoor mounting bracket,55.49,Loading-Bay-Camera-HN-10,Loading Bay - HN-10,29,Security Officer,PRT-HN10-0239,Hikvision
240,Radio Mount Kit,104.02,Network,false,MKT-IP20-HN10,Microwave radio mounting kit,102.56,Microwave-Radio-HN-10,Roof - HN-10,16,Field Technician,PRT-HN10-0240,Ceragon
241,LC Connector Pack,16.94,Cabling,true,LC-CONN-HN10,Single-mode LC connector pack,17.73,Fiber-Patch-Panel-HN-10,IDF Room 1 - HN-10,20,Cabling Technician,PRT-HN10-0241,Corning
242,Power Supply Module,358.86,Network,false,PSU-C93-HN10,Replacement switch power supply,356.2,Edge-Switch-HN-10,IDF Room 2 - HN-10,9,Network Engineer,PRT-HN10-0242,Cisco
243,RF Jumper Cable,89.95,Cellular,true,RFC-AIR-HN10,Low-loss RF jumper cable,94.41,5G-Antenna-HN-10,Telecom Mast - HN-10,136,Field Technician,PRT-HN10-0243,Ericsson
244,Timing Module,741.15,Cellular,false,TIM-BBU-HN10,Synchronization module for BBU,769.6,Baseband-Unit-HN-10,Base Station - HN-10,21,Field Technician,PRT-HN10-0244,Nokia
245,Surge Protector,63.76,Cellular,true,SPD-RRU-HN10,Outdoor RF surge protector,64.52,Radio-Unit-HN-10,Antenna Array - HN-10,368,Field Technician,PRT-HN10-0245,Ericsson
246,Antenna Kit,44.56,Facilities,false,ANT-IOT-HN10,LTE antenna kit for gateway,43.61,Sensor-Gateway-HN-10,Storage Room - HN-10,12,Facilities Supervisor,PRT-HN10-0246,Advantech
247,Controller SSD,270.38,Network,false,SSD-WLC-HN10,SSD for wireless controller,268.33,WiFi-Controller-HN-10,Office Floor 1 - HN-10,20,Network Engineer,PRT-HN10-0247,Cisco
248,PoE Injector,65.65,Network,false,POE-AP-HN10,802.3at PoE injector,67.19,Access-Point-HN-10,Office Floor 2 - HN-10,47,Network Engineer,PRT-HN10-0248,Aruba
249,GPU Accelerator,11976.5,Server,false,GPU-A100-HN10,NVIDIA A100 Tensor Core GPU,11881.6,AI-Analytics-Server-HN-10,Lab A - HN-10,10,AI Specialist,PRT-HN10-0249,NVIDIA
250,Capture SSD,535.9,Network,false,SSD-NMA-HN10,High-write SSD for packet capture,528.09,Monitoring-Appliance-HN-10,Workshop - HN-10,15,Network Engineer,PRT-HN10-0250,Fluke
251,SSD Module,423.2,Network,false,SSD-OBS-HCM11,Enterprise SSD for monitoring appliance,424.67,Monitoring-System-HCM-11,Infrastructure Site - HCM-11,23,Network Engineer,PRT-HCM11-0251,SolarWinds
252,Cisco Line Card,9086.61,Network,false,LC-ASR-HCM11,100G line card for ASR series router,9180.29,Core-Router-HCM-11,Network Operations Center (NOC) - HCM-11,5,Network Engineer,PRT-HCM11-0252,Cisco
253,RAID Drive,394.64,Security,false,DRV-VMS-HCM11,12TB surveillance-rated HDD,395.35,Security-VMS-Server-HCM-11,Security Operations Center (SOC) - HCM-11,22,Security Officer,PRT-HCM11-0253,Milestone
254,Server Memory Kit,630.64,Server,false,RAM-R750-HCM11,64GB DDR4 RDIMM memory kit,622.16,Virtualization-Host-HCM-11,Server Room A - HCM-11,1,System Administrator,PRT-HCM11-0254,Dell
255,NVMe SSD,1162.25,Server,false,SSD-AFF-HCM11,Enterprise NVMe SSD for storage array,1147.87,Storage-Array-HCM-11,Server Room B - HCM-11,12,Storage Administrator,PRT-HCM11-0255,NetApp
256,Juniper Transceiver,222.3,Network,false,SFP-EX-HCM11,10G SFP+ transceiver,218.27,Access-Switch-HCM-11,Network Closet - HCM-11,60,Network Engineer,PRT-HCM11-0256,Juniper
257,Access Card,11.26,Security,true,CARD-N2-HCM11,Proximity access card,11.51,Access-Control-Panel-HCM-11,Access Control Room - HCM-11,333,Security Officer,PRT-HCM11-0257,Paxton
258,Surveillance HDD,281.86,Security,false,HDD-NVR-HCM11,8TB surveillance hard drive,274.7,NVR-HCM-11,Video Surveillance Room - HCM-11,27,Security Officer,PRT-HCM11-0258,Hikvision
259,UPS Battery Module,434.96,Power,false,BATT-SRT-HCM11,Replacement battery cartridge,445.85,UPS-HCM-11,UPS Room - HCM-11,21,Electrician,PRT-HCM11-0259,APC
260,Contactor Kit,614.19,Power,false,CTK-ATS-HCM11,Replacement contactor set for ATS panel,607.15,ATS-Panel-HCM-11,Electrical Room - HCM-11,24,Electrician,PRT-HCM11-0260,Schneider Electric
261,Air Filter Kit,101.74,Cooling,true,FLT-PDX-HCM11,Precision cooling filter pack,100.16,CRAC-Unit-HCM-11,HVAC Plant - HCM-11,154,HVAC Technician,PRT-HCM11-0261,Vertiv
262,Generator Service Kit,191.78,Power,true,SVK-GEN-HCM11,"Oil, air and fuel filter service kit",200.92,Generator-HCM-11,Generator Yard - HCM-11,61,Electrician,PRT-HCM11-0262,Cummins
263,Camera Module,131.76,Security,false,CAM-KSK-HCM11,Replacement facial recognition camera,135.93,Visitor-Kiosk-HCM-11,Reception - HCM-11,9,Security Officer,PRT-HCM11-0263,ZKTeco
264,Mounting Bracket,58.45,Security,false,MBR-CAM-HCM11,Outdoor mounting bracket,60.51,Loading-Bay-Camera-HCM-11,Loading Bay - HCM-11,10,Security Officer,PRT-HCM11-0264,Hikvision
265,Radio Mount Kit,103.01,Network,false,MKT-IP20-HCM11,Microwave radio mounting kit,102.36,Microwave-Radio-HCM-11,Roof - HCM-11,17,Field Technician,PRT-HCM11-0265,Ceragon
266,LC Connector Pack,18.45,Cabling,true,LC-CONN-HCM11,Single-mode LC connector pack,18.23,Fiber-Patch-Panel-HCM-11,IDF Room 1 - HCM-11,360,Cabling Technician,PRT-HCM11-0266,Corning
267,Power Supply Module,335.59,Network,false,PSU-C93-HCM11,Replacement switch power supply,334.49,Edge-Switch-HCM-11,IDF Room 2 - HCM-11,27,Network Engineer,PRT-HCM11-0267,Cisco
268,RF Jumper Cable,86.7,Cellular,true,RFC-AIR-HCM11,Low-loss RF jumper cable,86.09,5G-Antenna-HCM-11,Telecom Mast - HCM-11,63,Field Technician,PRT-HCM11-0268,Ericsson
269,Timing Module,814.67,Cellular,false,TIM-BBU-HCM11,Synchronization module for BBU,799.78,Baseband-Unit-HCM-11,Base Station - HCM-11,5,Field Technician,PRT-HCM11-0269,Nokia
270,Surge Protector,69.78,Cellular,true,SPD-RRU-HCM11,Outdoor RF surge protector,69.24,Radio-Unit-HCM-11,Antenna Array - HCM-11,56,Field Technician,PRT-HCM11-0270,Ericsson
271,Antenna Kit,49.49,Facilities,false,ANT-IOT-HCM11,LTE antenna kit for gateway,49.64,Sensor-Gateway-HCM-11,Storage Room - HCM-11,26,Facilities Supervisor,PRT-HCM11-0271,Advantech
272,Controller SSD,279.67,Network,false,SSD-WLC-HCM11,SSD for wireless controller,283.28,WiFi-Controller-HCM-11,Office Floor 1 - HCM-11,8,Network Engineer,PRT-HCM11-0272,Cisco
273,PoE Injector,68.46,Network,false,POE-AP-HCM11,802.3at PoE injector,69.0,Access-Point-HCM-11,Office Floor 2 - HCM-11,12,Network Engineer,PRT-HCM11-0273,Aruba
274,GPU Accelerator,13170.5,Server,false,GPU-A100-HCM11,NVIDIA A100 Tensor Core GPU,13356.47,AI-Analytics-Server-HCM-11,Lab A - HCM-11,7,AI Specialist,PRT-HCM11-0274,NVIDIA
275,Capture SSD,480.88,Network,false,SSD-NMA-HCM11,High-write SSD for packet capture,494.65,Monitoring-Appliance-HCM-11,Workshop - HCM-11,23,Network Engineer,PRT-HCM11-0275,Fluke
276,SSD Module,440.3,Network,false,SSD-OBS-HCM12,Enterprise SSD for monitoring appliance,429.87,Monitoring-System-HCM-12,Infrastructure Site - HCM-12,3,Network Engineer,PRT-HCM12-0276,SolarWinds
277,Cisco Line Card,9110.32,Network,false,LC-ASR-HCM12,100G line card for ASR series router,9179.69,Core-Router-HCM-12,Network Operations Center (NOC) - HCM-12,50,Network Engineer,PRT-HCM12-0277,Cisco
278,RAID Drive,403.17,Security,false,DRV-VMS-HCM12,12TB surveillance-rated HDD,392.12,Security-VMS-Server-HCM-12,Security Operations Center (SOC) - HCM-12,25,Security Officer,PRT-HCM12-0278,Milestone
279,Server Memory Kit,640.97,Server,false,RAM-R750-HCM12,64GB DDR4 RDIMM memory kit,634.97,Virtualization-Host-HCM-12,Server Room A - HCM-12,19,System Administrator,PRT-HCM12-0279,Dell
280,NVMe SSD,1291.76,Server,false,SSD-AFF-HCM12,Enterprise NVMe SSD for storage array,1265.94,Storage-Array-HCM-12,Server Room B - HCM-12,4,Storage Administrator,PRT-HCM12-0280,NetApp
281,Juniper Transceiver,253.12,Network,false,SFP-EX-HCM12,10G SFP+ transceiver,262.06,Access-Switch-HCM-12,Network Closet - HCM-12,33,Network Engineer,PRT-HCM12-0281,Juniper
282,Access Card,11.56,Security,true,CARD-N2-HCM12,Proximity access card,11.31,Access-Control-Panel-HCM-12,Access Control Room - HCM-12,195,Security Officer,PRT-HCM12-0282,Paxton
283,Surveillance HDD,267.31,Security,false,HDD-NVR-HCM12,8TB surveillance hard drive,278.74,NVR-HCM-12,Video Surveillance Room - HCM-12,7,Security Officer,PRT-HCM12-0283,Hikvision
284,UPS Battery Module,424.28,Power,false,BATT-SRT-HCM12,Replacement battery cartridge,438.38,UPS-HCM-12,UPS Room - HCM-12,2,Electrician,PRT-HCM12-0284,APC
285,Contactor Kit,676.19,Power,false,CTK-ATS-HCM12,Replacement contactor set for ATS panel,695.16,ATS-Panel-HCM-12,Electrical Room - HCM-12,5,Electrician,PRT-HCM12-0285,Schneider Electric
286,Air Filter Kit,96.31,Cooling,true,FLT-PDX-HCM12,Precision cooling filter pack,99.99,CRAC-Unit-HCM-12,HVAC Plant - HCM-12,158,HVAC Technician,PRT-HCM12-0286,Vertiv
287,Generator Service Kit,187.74,Power,true,SVK-GEN-HCM12,"Oil, air and fuel filter service kit",184.53,Generator-HCM-12,Generator Yard - HCM-12,266,Electrician,PRT-HCM12-0287,Cummins
288,Camera Module,134.16,Security,false,CAM-KSK-HCM12,Replacement facial recognition camera,140.83,Visitor-Kiosk-HCM-12,Reception - HCM-12,20,Security Officer,PRT-HCM12-0288,ZKTeco
289,Mounting Bracket,51.43,Security,false,MBR-CAM-HCM12,Outdoor mounting bracket,51.18,Loading-Bay-Camera-HCM-12,Loading Bay - HCM-12,30,Security Officer,PRT-HCM12-0289,Hikvision
290,Radio Mount Kit,105.74,Network,false,MKT-IP20-HCM12,Microwave radio mounting kit,106.57,Microwave-Radio-HCM-12,Roof - HCM-12,9,Field Technician,PRT-HCM12-0290,Ceragon
291,LC Connector Pack,17.71,Cabling,true,LC-CONN-HCM12,Single-mode LC connector pack,18.4,Fiber-Patch-Panel-HCM-12,IDF Room 1 - HCM-12,358,Cabling Technician,PRT-HCM12-0291,Corning
292,Power Supply Module,333.66,Network,false,PSU-C93-HCM12,Replacement switch power supply,349.74,Edge-Switch-HCM-12,IDF Room 2 - HCM-12,7,Network Engineer,PRT-HCM12-0292,Cisco
293,RF Jumper Cable,83.48,Cellular,true,RFC-AIR-HCM12,Low-loss RF jumper cable,84.06,5G-Antenna-HCM-12,Telecom Mast - HCM-12,57,Field Technician,PRT-HCM12-0293,Ericsson
294,Timing Module,832.1,Cellular,false,TIM-BBU-HCM12,Synchronization module for BBU,868.54,Baseband-Unit-HCM-12,Base Station - HCM-12,25,Field Technician,PRT-HCM12-0294,Nokia
295,Surge Protector,62.01,Cellular,true,SPD-RRU-HCM12,Outdoor RF surge protector,63.83,Radio-Unit-HCM-12,Antenna Array - HCM-12,68,Field Technician,PRT-HCM12-0295,Ericsson
296,Antenna Kit,44.64,Facilities,false,ANT-IOT-HCM12,LTE antenna kit for gateway,46.19,Sensor-Gateway-HCM-12,Storage Room - HCM-12,26,Facilities Supervisor,PRT-HCM12-0296,Advantech
297,Controller SSD,269.69,Network,false,SSD-WLC-HCM12,SSD for wireless controller,275.31,WiFi-Controller-HCM-12,Office Floor 1 - HCM-12,3,Network Engineer,PRT-HCM12-0297,Cisco
298,PoE Injector,73.7,Network,false,POE-AP-HCM12,802.3at PoE injector,72.04,Access-Point-HCM-12,Office Floor 2 - HCM-12,31,Network Engineer,PRT-HCM12-0298,Aruba
299,GPU Accelerator,12571.01,Server,false,GPU-A100-HCM12,NVIDIA A100 Tensor Core GPU,12982.19,AI-Analytics-Server-HCM-12,Lab A - HCM-12,12,AI Specialist,PRT-HCM12-0299,NVIDIA
300,Capture SSD,485.4,Network,false,SSD-NMA-HCM12,High-write SSD for packet capture,498.91,Monitoring-Appliance-HCM-12,Workshop - HCM-12,19,Network Engineer,PRT-HCM12-0300,Fluke
301,SSD Module,422.18,Network,false,SSD-OBS-DN13,Enterprise SSD for monitoring appliance,442.27,Monitoring-System-DN-13,Infrastructure Site - DN-13,14,Network Engineer,PRT-DN13-0301,SolarWinds
302,Cisco Line Card,8431.09,Network,false,LC-ASR-DN13,100G line card for ASR series router,8832.04,Core-Router-DN-13,Network Operations Center (NOC) - DN-13,10,Network Engineer,PRT-DN13-0302,Cisco
303,RAID Drive,370.76,Security,false,DRV-VMS-DN13,12TB surveillance-rated HDD,387.89,Security-VMS-Server-DN-13,Security Operations Center (SOC) - DN-13,22,Security Officer,PRT-DN13-0303,Milestone
304,Server Memory Kit,620.21,Server,false,RAM-R750-DN13,64GB DDR4 RDIMM memory kit,644.66,Virtualization-Host-DN-13,Server Room A - DN-13,23,System Administrator,PRT-DN13-0304,Dell
305,NVMe SSD,1204.45,Server,false,SSD-AFF-DN13,Enterprise NVMe SSD for storage array,1242.04,Storage-Array-DN-13,Server Room B - DN-13,2,Storage Administrator,PRT-DN13-0305,NetApp
306,Juniper Transceiver,231.75,Network,false,SFP-EX-DN13,10G SFP+ transceiver,237.02,Access-Switch-DN-13,Network Closet - DN-13,47,Network Engineer,PRT-DN13-0306,Juniper
307,Access Card,12.83,Security,true,CARD-N2-DN13,Proximity access card,12.55,Access-Control-Panel-DN-13,Access Control Room - DN-13,393,Security Officer,PRT-DN13-0307,Paxton
308,Surveillance HDD,306.32,Security,false,HDD-NVR-DN13,8TB surveillance hard drive,302.32,NVR-DN-13,Video Surveillance Room - DN-13,25,Security Officer,PRT-DN13-0308,Hikvision
309,UPS Battery Module,414.15,Power,false,BATT-SRT-DN13,Replacement battery cartridge,428.91,UPS-DN-13,UPS Room - DN-13,23,Electrician,PRT-DN13-0309,APC
310,Contactor Kit,689.48,Power,false,CTK-ATS-DN13,Replacement contactor set for ATS panel,683.38,ATS-Panel-DN-13,Electrical Room - DN-13,27,Electrician,PRT-DN13-0310,Schneider Electric
311,Air Filter Kit,92.49,Cooling,true,FLT-PDX-DN13,Precision cooling filter pack,96.82,CRAC-Unit-DN-13,HVAC Plant - DN-13,230,HVAC Technician,PRT-DN13-0311,Vertiv
312,Generator Service Kit,193.75,Power,true,SVK-GEN-DN13,"Oil, air and fuel filter service kit",190.63,Generator-DN-13,Generator Yard - DN-13,172,Electrician,PRT-DN13-0312,Cummins
313,Camera Module,147.56,Security,false,CAM-KSK-DN13,Replacement facial recognition camera,145.01,Visitor-Kiosk-DN-13,Reception - DN-13,11,Security Officer,PRT-DN13-0313,ZKTeco
314,Mounting Bracket,50.84,Security,false,MBR-CAM-DN13,Outdoor mounting bracket,52.2,Loading-Bay-Camera-DN-13,Loading Bay - DN-13,30,Security Officer,PRT-DN13-0314,Hikvision
315,Radio Mount Kit,105.42,Network,false,MKT-IP20-DN13,Microwave radio mounting kit,109.83,Microwave-Radio-DN-13,Roof - DN-13,10,Field Technician,PRT-DN13-0315,Ceragon
316,LC Connector Pack,17.35,Cabling,true,LC-CONN-DN13,Single-mode LC connector pack,18.13,Fiber-Patch-Panel-DN-13,IDF Room 1 - DN-13,331,Cabling Technician,PRT-DN13-0316,Corning
317,Power Supply Module,335.66,Network,false,PSU-C93-DN13,Replacement switch power supply,348.27,Edge-Switch-DN-13,IDF Room 2 - DN-13,57,Network Engineer,PRT-DN13-0317,Cisco
318,RF Jumper Cable,86.82,Cellular,true,RFC-AIR-DN13,Low-loss RF jumper cable,87.34,5G-Antenna-DN-13,Telecom Mast - DN-13,92,Field Technician,PRT-DN13-0318,Ericsson
319,Timing Module,792.48,Cellular,false,TIM-BBU-DN13,Synchronization module for BBU,769.02,Baseband-Unit-DN-13,Base Station - DN-13,17,Field Technician,PRT-DN13-0319,Nokia
320,Surge Protector,62.05,Cellular,true,SPD-RRU-DN13,Outdoor RF surge protector,62.0,Radio-Unit-DN-13,Antenna Array - DN-13,121,Field Technician,PRT-DN13-0320,Ericsson
321,Antenna Kit,45.69,Facilities,false,ANT-IOT-DN13,LTE antenna kit for gateway,44.66,Sensor-Gateway-DN-13,Storage Room - DN-13,23,Facilities Supervisor,PRT-DN13-0321,Advantech
322,Controller SSD,298.92,Network,false,SSD-WLC-DN13,SSD for wireless controller,295.93,WiFi-Controller-DN-13,Office Floor 1 - DN-13,7,Network Engineer,PRT-DN13-0322,Cisco
323,PoE Injector,74.29,Network,false,POE-AP-DN13,802.3at PoE injector,74.58,Access-Point-DN-13,Office Floor 2 - DN-13,51,Network Engineer,PRT-DN13-0323,Aruba
324,GPU Accelerator,11834.5,Server,false,GPU-A100-DN13,NVIDIA A100 Tensor Core GPU,11511.43,AI-Analytics-Server-DN-13,Lab A - DN-13,9,AI Specialist,PRT-DN13-0324,NVIDIA
325,Capture SSD,483.88,Network,false,SSD-NMA-DN13,High-write SSD for packet capture,481.85,Monitoring-Appliance-DN-13,Workshop - DN-13,26,Network Engineer,PRT-DN13-0325,Fluke
326,SSD Module,422.81,Network,false,SSD-OBS-HP14,Enterprise SSD for monitoring appliance,420.9,Monitoring-System-HP-14,Infrastructure Site - HP-14,1,Network Engineer,PRT-HP14-0326,SolarWinds
327,Cisco Line Card,8638.45,Network,false,LC-ASR-HP14,100G line card for ASR series router,8743.68,Core-Router-HP-14,Network Operations Center (NOC) - HP-14,10,Network Engineer,PRT-HP14-0327,Cisco
328,RAID Drive,399.05,Security,false,DRV-VMS-HP14,12TB surveillance-rated HDD,393.41,Security-VMS-Server-HP-14,Security Operations Center (SOC) - HP-14,2,Security Officer,PRT-HP14-0328,Milestone
329,Server Memory Kit,602.83,Server,false,RAM-R750-HP14,64GB DDR4 RDIMM memory kit,603.2,Virtualization-Host-HP-14,Server Room A - HP-14,19,System Administrator,PRT-HP14-0329,Dell
330,NVMe SSD,1276.0,Server,false,SSD-AFF-HP14,Enterprise NVMe SSD for storage array,1331.43,Storage-Array-HP-14,Server Room B - HP-14,1,Storage Administrator,PRT-HP14-0330,NetApp
331,Juniper Transceiver,232.98,Network,false,SFP-EX-HP14,10G SFP+ transceiver,232.44,Access-Switch-HP-14,Network Closet - HP-14,9,Network Engineer,PRT-HP14-0331,Juniper
332,Access Card,11.99,Security,true,CARD-N2-HP14,Proximity access card,12.24,Access-Control-Panel-HP-14,Access Control Room - HP-14,72,Security Officer,PRT-HP14-0332,Paxton
333,Surveillance HDD,312.9,Security,false,HDD-NVR-HP14,8TB surveillance hard drive,325.08,NVR-HP-14,Video Surveillance Room - HP-14,24,Security Officer,PRT-HP14-0333,Hikvision
334,UPS Battery Module,449.17,Power,false,BATT-SRT-HP14,Replacement battery cartridge,466.89,UPS-HP-14,UPS Room - HP-14,9,Electrician,PRT-HP14-0334,APC
335,Contactor Kit,626.07,Power,false,CTK-ATS-HP14,Replacement contactor set for ATS panel,615.82,ATS-Panel-HP-14,Electrical Room - HP-14,5,Electrician,PRT-HP14-0335,Schneider Electric
336,Air Filter Kit,97.08,Cooling,true,FLT-PDX-HP14,Precision cooling filter pack,99.36,CRAC-Unit-HP-14,HVAC Plant - HP-14,277,HVAC Technician,PRT-HP14-0336,Vertiv
337,Generator Service Kit,168.24,Power,true,SVK-GEN-HP14,"Oil, air and fuel filter service kit",173.51,Generator-HP-14,Generator Yard - HP-14,374,Electrician,PRT-HP14-0337,Cummins
338,Camera Module,129.09,Security,false,CAM-KSK-HP14,Replacement facial recognition camera,127.45,Visitor-Kiosk-HP-14,Reception - HP-14,27,Security Officer,PRT-HP14-0338,ZKTeco
339,Mounting Bracket,55.12,Security,false,MBR-CAM-HP14,Outdoor mounting bracket,54.85,Loading-Bay-Camera-HP-14,Loading Bay - HP-14,10,Security Officer,PRT-HP14-0339,Hikvision
340,Radio Mount Kit,110.24,Network,false,MKT-IP20-HP14,Microwave radio mounting kit,113.81,Microwave-Radio-HP-14,Roof - HP-14,7,Field Technician,PRT-HP14-0340,Ceragon
341,LC Connector Pack,16.61,Cabling,true,LC-CONN-HP14,Single-mode LC connector pack,16.72,Fiber-Patch-Panel-HP-14,IDF Room 1 - HP-14,146,Cabling Technician,PRT-HP14-0341,Corning
342,Power Supply Module,339.88,Network,false,PSU-C93-HP14,Replacement switch power supply,343.33,Edge-Switch-HP-14,IDF Room 2 - HP-14,36,Network Engineer,PRT-HP14-0342,Cisco
343,RF Jumper Cable,88.16,Cellular,true,RFC-AIR-HP14,Low-loss RF jumper cable,88.49,5G-Antenna-HP-14,Telecom Mast - HP-14,160,Field Technician,PRT-HP14-0343,Ericsson
344,Timing Module,745.0,Cellular,false,TIM-BBU-HP14,Synchronization module for BBU,725.82,Baseband-Unit-HP-14,Base Station - HP-14,2,Field Technician,PRT-HP14-0344,Nokia
345,Surge Protector,68.98,Cellular,true,SPD-RRU-HP14,Outdoor RF surge protector,70.77,Radio-Unit-HP-14,Antenna Array - HP-14,217,Field Technician,PRT-HP14-0345,Ericsson
346,Antenna Kit,50.19,Facilities,false,ANT-IOT-HP14,LTE antenna kit for gateway,50.08,Sensor-Gateway-HP-14,Storage Room - HP-14,10,Facilities Supervisor,PRT-HP14-0346,Advantech
347,Controller SSD,265.23,Network,false,SSD-WLC-HP14,SSD for wireless controller,271.73,WiFi-Controller-HP-14,Office Floor 1 - HP-14,6,Network Engineer,PRT-HP14-0347,Cisco
348,PoE Injector,66.39,Network,false,POE-AP-HP14,802.3at PoE injector,65.8,Access-Point-HP-14,Office Floor 2 - HP-14,8,Network Engineer,PRT-HP14-0348,Aruba
349,GPU Accelerator,12634.53,Server,false,GPU-A100-HP14,NVIDIA A100 Tensor Core GPU,13256.57,AI-Analytics-Server-HP-14,Lab A - HP-14,4,AI Specialist,PRT-HP14-0349,NVIDIA
350,Capture SSD,509.24,Network,false,SSD-NMA-HP14,High-write SSD for packet capture,508.25,Monitoring-Appliance-HP-14,Workshop - HP-14,18,Network Engineer,PRT-HP14-0350,Fluke
351,SSD Module,438.03,Network,false,SSD-OBS-CT15,Enterprise SSD for monitoring appliance,443.03,Monitoring-System-CT-15,Infrastructure Site - CT-15,22,Network Engineer,PRT-CT15-0351,SolarWinds
352,Cisco Line Card,8497.05,Network,false,LC-ASR-CT15,100G line card for ASR series router,8408.25,Core-Router-CT-15,Network Operations Center (NOC) - CT-15,51,Network Engineer,PRT-CT15-0352,Cisco
353,RAID Drive,404.27,Security,false,DRV-VMS-CT15,12TB surveillance-rated HDD,406.67,Security-VMS-Server-CT-15,Security Operations Center (SOC) - CT-15,29,Security Officer,PRT-CT15-0353,Milestone
354,Server Memory Kit,601.08,Server,false,RAM-R750-CT15,64GB DDR4 RDIMM memory kit,585.03,Virtualization-Host-CT-15,Server Room A - CT-15,17,System Administrator,PRT-CT15-0354,Dell
355,NVMe SSD,1125.16,Server,false,SSD-AFF-CT15,Enterprise NVMe SSD for storage array,1092.15,Storage-Array-CT-15,Server Room B - CT-15,11,Storage Administrator,PRT-CT15-0355,NetApp
356,Juniper Transceiver,227.04,Network,false,SFP-EX-CT15,10G SFP+ transceiver,229.08,Access-Switch-CT-15,Network Closet - CT-15,8,Network Engineer,PRT-CT15-0356,Juniper
357,Access Card,11.05,Security,true,CARD-N2-CT15,Proximity access card,11.03,Access-Control-Panel-CT-15,Access Control Room - CT-15,10,Security Officer,PRT-CT15-0357,Paxton
358,Surveillance HDD,273.99,Security,false,HDD-NVR-CT15,8TB surveillance hard drive,267.66,NVR-CT-15,Video Surveillance Room - CT-15,9,Security Officer,PRT-CT15-0358,Hikvision
359,UPS Battery Module,403.11,Power,false,BATT-SRT-CT15,Replacement battery cartridge,412.9,UPS-CT-15,UPS Room - CT-15,13,Electrician,PRT-CT15-0359,APC
360,Contactor Kit,668.61,Power,false,CTK-ATS-CT15,Replacement contactor set for ATS panel,665.8,ATS-Panel-CT-15,Electrical Room - CT-15,19,Electrician,PRT-CT15-0360,Schneider Electric
361,Air Filter Kit,95.7,Cooling,true,FLT-PDX-CT15,Precision cooling filter pack,95.7,CRAC-Unit-CT-15,HVAC Plant - CT-15,233,HVAC Technician,PRT-CT15-0361,Vertiv
362,Generator Service Kit,175.8,Power,true,SVK-GEN-CT15,"Oil, air and fuel filter service kit",177.09,Generator-CT-15,Generator Yard - CT-15,220,Electrician,PRT-CT15-0362,Cummins
363,Camera Module,140.27,Security,false,CAM-KSK-CT15,Replacement facial recognition camera,137.49,Visitor-Kiosk-CT-15,Reception - CT-15,18,Security Officer,PRT-CT15-0363,ZKTeco
364,Mounting Bracket,54.67,Security,false,MBR-CAM-CT15,Outdoor mounting bracket,56.37,Loading-Bay-Camera-CT-15,Loading Bay - CT-15,17,Security Officer,PRT-CT15-0364,Hikvision
365,Radio Mount Kit,116.41,Network,false,MKT-IP20-CT15,Microwave radio mounting kit,114.05,Microwave-Radio-CT-15,Roof - CT-15,19,Field Technician,PRT-CT15-0365,Ceragon
366,LC Connector Pack,16.95,Cabling,true,LC-CONN-CT15,Single-mode LC connector pack,17.66,Fiber-Patch-Panel-CT-15,IDF Room 1 - CT-15,337,Cabling Technician,PRT-CT15-0366,Corning
367,Power Supply Module,370.82,Network,false,PSU-C93-CT15,Replacement switch power supply,363.09,Edge-Switch-CT-15,IDF Room 2 - CT-15,4,Network Engineer,PRT-CT15-0367,Cisco
368,RF Jumper Cable,84.64,Cellular,true,RFC-AIR-CT15,Low-loss RF jumper cable,87.74,5G-Antenna-CT-15,Telecom Mast - CT-15,237,Field Technician,PRT-CT15-0368,Ericsson
369,Timing Module,822.65,Cellular,false,TIM-BBU-CT15,Synchronization module for BBU,833.95,Baseband-Unit-CT-15,Base Station - CT-15,27,Field Technician,PRT-CT15-0369,Nokia
370,Surge Protector,65.12,Cellular,true,SPD-RRU-CT15,Outdoor RF surge protector,66.81,Radio-Unit-CT-15,Antenna Array - CT-15,112,Field Technician,PRT-CT15-0370,Ericsson
371,Antenna Kit,46.98,Facilities,false,ANT-IOT-CT15,LTE antenna kit for gateway,46.61,Sensor-Gateway-CT-15,Storage Room - CT-15,13,Facilities Supervisor,PRT-CT15-0371,Advantech
372,Controller SSD,283.61,Network,false,SSD-WLC-CT15,SSD for wireless controller,275.87,WiFi-Controller-CT-15,Office Floor 1 - CT-15,21,Network Engineer,PRT-CT15-0372,Cisco
373,PoE Injector,68.41,Network,false,POE-AP-CT15,802.3at PoE injector,71.04,Access-Point-CT-15,Office Floor 2 - CT-15,36,Network Engineer,PRT-CT15-0373,Aruba
374,GPU Accelerator,12418.96,Server,false,GPU-A100-CT15,NVIDIA A100 Tensor Core GPU,12899.49,AI-Analytics-Server-CT-15,Lab A - CT-15,3,AI Specialist,PRT-CT15-0374,NVIDIA
375,Capture SSD,522.97,Network,false,SSD-NMA-CT15,High-write SSD for packet capture,531.38,Monitoring-Appliance-CT-15,Workshop - CT-15,30,Network Engineer,PRT-CT15-0375,Fluke
376,SSD Module,425.46,Network,false,SSD-OBS-BD16,Enterprise SSD for monitoring appliance,415.98,Monitoring-System-BD-16,Infrastructure Site - BD-16,4,Network Engineer,PRT-BD16-0376,SolarWinds
377,Cisco Line Card,8810.3,Network,false,LC-ASR-BD16,100G line card for ASR series router,8816.7,Core-Router-BD-16,Network Operations Center (NOC) - BD-16,30,Network Engineer,PRT-BD16-0377,Cisco
378,RAID Drive,396.01,Security,false,DRV-VMS-BD16,12TB surveillance-rated HDD,403.35,Security-VMS-Server-BD-16,Security Operations Center (SOC) - BD-16,27,Security Officer,PRT-BD16-0378,Milestone
379,Server Memory Kit,625.6,Server,false,RAM-R750-BD16,64GB DDR4 RDIMM memory kit,616.63,Virtualization-Host-BD-16,Server Room A - BD-16,16,System Administrator,PRT-BD16-0379,Dell
380,NVMe SSD,1215.76,Server,false,SSD-AFF-BD16,Enterprise NVMe SSD for storage array,1240.48,Storage-Array-BD-16,Server Room B - BD-16,11,Storage Administrator,PRT-BD16-0380,NetApp
381,Juniper Transceiver,227.92,Network,false,SFP-EX-BD16,10G SFP+ transceiver,234.39,Access-Switch-BD-16,Network Closet - BD-16,50,Network Engineer,PRT-BD16-0381,Juniper
382,Access Card,12.68,Security,true,CARD-N2-BD16,Proximity access card,13.11,Access-Control-Panel-BD-16,Access Control Room - BD-16,234,Security Officer,PRT-BD16-0382,Paxton
383,Surveillance HDD,289.94,Security,false,HDD-NVR-BD16,8TB surveillance hard drive,282.44,NVR-BD-16,Video Surveillance Room - BD-16,18,Security Officer,PRT-BD16-0383,Hikvision
384,UPS Battery Module,445.03,Power,false,BATT-SRT-BD16,Replacement battery cartridge,437.3,UPS-BD-16,UPS Room - BD-16,10,Electrician,PRT-BD16-0384,APC
385,Contactor Kit,658.61,Power,false,CTK-ATS-BD16,Replacement contactor set for ATS panel,688.22,ATS-Panel-BD-16,Electrical Room - BD-16,9,Electrician,PRT-BD16-0385,Schneider Electric
386,Air Filter Kit,90.5,Cooling,true,FLT-PDX-BD16,Precision cooling filter pack,93.7,CRAC-Unit-BD-16,HVAC Plant - BD-16,178,HVAC Technician,PRT-BD16-0386,Vertiv
387,Generator Service Kit,191.16,Power,true,SVK-GEN-BD16,"Oil, air and fuel filter service kit",192.75,Generator-BD-16,Generator Yard - BD-16,76,Electrician,PRT-BD16-0387,Cummins
388,Camera Module,146.31,Security,false,CAM-KSK-BD16,Replacement facial recognition camera,152.18,Visitor-Kiosk-BD-16,Reception - BD-16,8,Security Officer,PRT-BD16-0388,ZKTeco
389,Mounting Bracket,55.46,Security,false,MBR-CAM-BD16,Outdoor mounting bracket,54.03,Loading-Bay-Camera-BD-16,Loading Bay - BD-16,25,Security Officer,PRT-BD16-0389,Hikvision
390,Radio Mount Kit,107.39,Network,false,MKT-IP20-BD16,Microwave radio mounting kit,107.12,Microwave-Radio-BD-16,Roof - BD-16,30,Field Technician,PRT-BD16-0390,Ceragon
391,LC Connector Pack,16.72,Cabling,true,LC-CONN-BD16,Single-mode LC connector pack,16.81,Fiber-Patch-Panel-BD-16,IDF Room 1 - BD-16,154,Cabling Technician,PRT-BD16-0391,Corning
392,Power Supply Module,335.62,Network,false,PSU-C93-BD16,Replacement switch power supply,332.27,Edge-Switch-BD-16,IDF Room 2 - BD-16,38,Network Engineer,PRT-BD16-0392,Cisco
393,RF Jumper Cable,90.02,Cellular,true,RFC-AIR-BD16,Low-loss RF jumper cable,89.08,5G-Antenna-BD-16,Telecom Mast - BD-16,146,Field Technician,PRT-BD16-0393,Ericsson
394,Timing Module,727.39,Cellular,false,TIM-BBU-BD16,Synchronization module for BBU,758.64,Baseband-Unit-BD-16,Base Station - BD-16,27,Field Technician,PRT-BD16-0394,Nokia
395,Surge Protector,67.06,Cellular,true,SPD-RRU-BD16,Outdoor RF surge protector,68.54,Radio-Unit-BD-16,Antenna Array - BD-16,242,Field Technician,PRT-BD16-0395,Ericsson
396,Antenna Kit,50.72,Facilities,false,ANT-IOT-BD16,LTE antenna kit for gateway,50.76,Sensor-Gateway-BD-16,Storage Room - BD-16,1,Facilities Supervisor,PRT-BD16-0396,Advantech
397,Controller SSD,276.91,Network,false,SSD-WLC-BD16,SSD for wireless controller,269.76,WiFi-Controller-BD-16,Office Floor 1 - BD-16,10,Network Engineer,PRT-BD16-0397,Cisco
398,PoE Injector,73.47,Network,false,POE-AP-BD16,802.3at PoE injector,74.74,Access-Point-BD-16,Office Floor 2 - BD-16,52,Network Engineer,PRT-BD16-0398,Aruba
399,GPU Accelerator,12347.67,Server,false,GPU-A100-BD16,NVIDIA A100 Tensor Core GPU,12687.7,AI-Analytics-Server-BD-16,Lab A - BD-16,9,AI Specialist,PRT-BD16-0399,NVIDIA
400,Capture SSD,546.8,Network,false,SSD-NMA-BD16,High-write SSD for packet capture,534.14,Monitoring-Appliance-BD-16,Workshop - BD-16,8,Network Engineer,PRT-BD16-0400,Fluke
401,SSD Module,432.04,Network,false,SSD-OBS-HN17,Enterprise SSD for monitoring appliance,441.65,Monitoring-System-HN-17,Infrastructure Site - HN-17,25,Network Engineer,PRT-HN17-0401,SolarWinds
402,Cisco Line Card,7832.06,Network,false,LC-ASR-HN17,100G line card for ASR series router,7620.29,Core-Router-HN-17,Network Operations Center (NOC) - HN-17,26,Network Engineer,PRT-HN17-0402,Cisco
403,RAID Drive,404.14,Security,false,DRV-VMS-HN17,12TB surveillance-rated HDD,409.85,Security-VMS-Server-HN-17,Security Operations Center (SOC) - HN-17,3,Security Officer,PRT-HN17-0403,Milestone
404,Server Memory Kit,587.71,Server,false,RAM-R750-HN17,64GB DDR4 RDIMM memory kit,611.04,Virtualization-Host-HN-17,Server Room A - HN-17,21,System Administrator,PRT-HN17-0404,Dell
405,NVMe SSD,1115.68,Server,false,SSD-AFF-HN17,Enterprise NVMe SSD for storage array,1145.98,Storage-Array-HN-17,Server Room B - HN-17,5,Storage Administrator,PRT-HN17-0405,NetApp
406,Juniper Transceiver,240.27,Network,false,SFP-EX-HN17,10G SFP+ transceiver,235.23,Access-Switch-HN-17,Network Closet - HN-17,8,Network Engineer,PRT-HN17-0406,Juniper
407,Access Card,12.55,Security,true,CARD-N2-HN17,Proximity access card,12.51,Access-Control-Panel-HN-17,Access Control Room - HN-17,218,Security Officer,PRT-HN17-0407,Paxton
408,Surveillance HDD,267.98,Security,false,HDD-NVR-HN17,8TB surveillance hard drive,273.0,NVR-HN-17,Video Surveillance Room - HN-17,26,Security Officer,PRT-HN17-0408,Hikvision
409,UPS Battery Module,412.01,Power,false,BATT-SRT-HN17,Replacement battery cartridge,432.54,UPS-HN-17,UPS Room - HN-17,3,Electrician,PRT-HN17-0409,APC
410,Contactor Kit,666.56,Power,false,CTK-ATS-HN17,Replacement contactor set for ATS panel,674.31,ATS-Panel-HN-17,Electrical Room - HN-17,11,Electrician,PRT-HN17-0410,Schneider Electric
411,Air Filter Kit,94.16,Cooling,true,FLT-PDX-HN17,Precision cooling filter pack,98.55,CRAC-Unit-HN-17,HVAC Plant - HN-17,219,HVAC Technician,PRT-HN17-0411,Vertiv
412,Generator Service Kit,172.22,Power,true,SVK-GEN-HN17,"Oil, air and fuel filter service kit",178.46,Generator-HN-17,Generator Yard - HN-17,74,Electrician,PRT-HN17-0412,Cummins
413,Camera Module,137.95,Security,false,CAM-KSK-HN17,Replacement facial recognition camera,139.39,Visitor-Kiosk-HN-17,Reception - HN-17,5,Security Officer,PRT-HN17-0413,ZKTeco
414,Mounting Bracket,54.28,Security,false,MBR-CAM-HN17,Outdoor mounting bracket,55.98,Loading-Bay-Camera-HN-17,Loading Bay - HN-17,23,Security Officer,PRT-HN17-0414,Hikvision
415,Radio Mount Kit,103.53,Network,false,MKT-IP20-HN17,Microwave radio mounting kit,107.6,Microwave-Radio-HN-17,Roof - HN-17,30,Field Technician,PRT-HN17-0415,Ceragon
416,LC Connector Pack,17.53,Cabling,true,LC-CONN-HN17,Single-mode LC connector pack,18.16,Fiber-Patch-Panel-HN-17,IDF Room 1 - HN-17,182,Cabling Technician,PRT-HN17-0416,Corning
417,Power Supply Module,373.86,Network,false,PSU-C93-HN17,Replacement switch power supply,375.68,Edge-Switch-HN-17,IDF Room 2 - HN-17,52,Network Engineer,PRT-HN17-0417,Cisco
418,RF Jumper Cable,83.36,Cellular,true,RFC-AIR-HN17,Low-loss RF jumper cable,83.78,5G-Antenna-HN-17,Telecom Mast - HN-17,270,Field Technician,PRT-HN17-0418,Ericsson
419,Timing Module,829.58,Cellular,false,TIM-BBU-HN17,Synchronization module for BBU,843.18,Baseband-Unit-HN-17,Base Station - HN-17,28,Field Technician,PRT-HN17-0419,Nokia
420,Surge Protector,64.28,Cellular,true,SPD-RRU-HN17,Outdoor RF surge protector,63.78,Radio-Unit-HN-17,Antenna Array - HN-17,325,Field Technician,PRT-HN17-0420,Ericsson
421,Antenna Kit,47.53,Facilities,false,ANT-IOT-HN17,LTE antenna kit for gateway,49.47,Sensor-Gateway-HN-17,Storage Room - HN-17,10,Facilities Supervisor,PRT-HN17-0421,Advantech
422,Controller SSD,258.83,Network,false,SSD-WLC-HN17,SSD for wireless controller,269.75,WiFi-Controller-HN-17,Office Floor 1 - HN-17,29,Network Engineer,PRT-HN17-0422,Cisco
423,PoE Injector,69.18,Network,false,POE-AP-HN17,802.3at PoE injector,69.56,Access-Point-HN-17,Office Floor 2 - HN-17,12,Network Engineer,PRT-HN17-0423,Aruba
424,GPU Accelerator,12486.51,Server,false,GPU-A100-HN17,NVIDIA A100 Tensor Core GPU,12198.69,AI-Analytics-Server-HN-17,Lab A - HN-17,3,AI Specialist,PRT-HN17-0424,NVIDIA
425,Capture SSD,475.27,Network,false,SSD-NMA-HN17,High-write SSD for packet capture,466.97,Monitoring-Appliance-HN-17,Workshop - HN-17,11,Network Engineer,PRT-HN17-0425,Fluke
426,SSD Module,427.71,Network,false,SSD-OBS-HN18,Enterprise SSD for monitoring appliance,433.98,Monitoring-System-HN-18,Infrastructure Site - HN-18,27,Network Engineer,PRT-HN18-0426,SolarWinds
427,Cisco Line Card,8478.93,Network,false,LC-ASR-HN18,100G line card for ASR series router,8351.48,Core-Router-HN-18,Network Operations Center (NOC) - HN-18,35,Network Engineer,PRT-HN18-0427,Cisco
428,RAID Drive,383.51,Security,false,DRV-VMS-HN18,12TB surveillance-rated HDD,378.4,Security-VMS-Server-HN-18,Security Operations Center (SOC) - HN-18,6,Security Officer,PRT-HN18-0428,Milestone
429,Server Memory Kit,633.66,Server,false,RAM-R750-HN18,64GB DDR4 RDIMM memory kit,639.2,Virtualization-Host-HN-18,Server Room A - HN-18,22,System Administrator,PRT-HN18-0429,Dell
430,NVMe SSD,1122.53,Server,false,SSD-AFF-HN18,Enterprise NVMe SSD for storage array,1098.95,Storage-Array-HN-18,Server Room B - HN-18,5,Storage Administrator,PRT-HN18-0430,NetApp
431,Juniper Transceiver,225.16,Network,false,SFP-EX-HN18,10G SFP+ transceiver,230.96,Access-Switch-HN-18,Network Closet - HN-18,49,Network Engineer,PRT-HN18-0431,Juniper
432,Access Card,11.6,Security,true,CARD-N2-HN18,Proximity access card,11.72,Access-Control-Panel-HN-18,Access Control Room - HN-18,219,Security Officer,PRT-HN18-0432,Paxton
433,Surveillance HDD,286.53,Security,false,HDD-NVR-HN18,8TB surveillance hard drive,283.91,NVR-HN-18,Video Surveillance Room - HN-18,2,Security Officer,PRT-HN18-0433,Hikvision
434,UPS Battery Module,401.27,Power,false,BATT-SRT-HN18,Replacement battery cartridge,417.34,UPS-HN-18,UPS Room - HN-18,18,Electrician,PRT-HN18-0434,APC
435,Contactor Kit,681.45,Power,false,CTK-ATS-HN18,Replacement contactor set for ATS panel,665.93,ATS-Panel-HN-18,Electrical Room - HN-18,23,Electrician,PRT-HN18-0435,Schneider Electric
436,Air Filter Kit,91.81,Cooling,true,FLT-PDX-HN18,Precision cooling filter pack,90.24,CRAC-Unit-HN-18,HVAC Plant - HN-18,201,HVAC Technician,PRT-HN18-0436,Vertiv
437,Generator Service Kit,188.39,Power,true,SVK-GEN-HN18,"Oil, air and fuel filter service kit",183.38,Generator-HN-18,Generator Yard - HN-18,154,Electrician,PRT-HN18-0437,Cummins
438,Camera Module,130.51,Security,false,CAM-KSK-HN18,Replacement facial recognition camera,131.87,Visitor-Kiosk-HN-18,Reception - HN-18,23,Security Officer,PRT-HN18-0438,ZKTeco
439,Mounting Bracket,58.16,Security,false,MBR-CAM-HN18,Outdoor mounting bracket,60.07,Loading-Bay-Camera-HN-18,Loading Bay - HN-18,14,Security Officer,PRT-HN18-0439,Hikvision
440,Radio Mount Kit,106.1,Network,false,MKT-IP20-HN18,Microwave radio mounting kit,105.33,Microwave-Radio-HN-18,Roof - HN-18,23,Field Technician,PRT-HN18-0440,Ceragon
441,LC Connector Pack,19.3,Cabling,true,LC-CONN-HN18,Single-mode LC connector pack,19.9,Fiber-Patch-Panel-HN-18,IDF Room 1 - HN-18,375,Cabling Technician,PRT-HN18-0441,Corning
442,Power Supply Module,368.23,Network,false,PSU-C93-HN18,Replacement switch power supply,366.97,Edge-Switch-HN-18,IDF Room 2 - HN-18,55,Network Engineer,PRT-HN18-0442,Cisco
443,RF Jumper Cable,80.12,Cellular,true,RFC-AIR-HN18,Low-loss RF jumper cable,81.67,5G-Antenna-HN-18,Telecom Mast - HN-18,252,Field Technician,PRT-HN18-0443,Ericsson
444,Timing Module,810.02,Cellular,false,TIM-BBU-HN18,Synchronization module for BBU,839.78,Baseband-Unit-HN-18,Base Station - HN-18,2,Field Technician,PRT-HN18-0444,Nokia
445,Surge Protector,65.47,Cellular,true,SPD-RRU-HN18,Outdoor RF surge protector,65.15,Radio-Unit-HN-18,Antenna Array - HN-18,343,Field Technician,PRT-HN18-0445,Ericsson
446,Antenna Kit,48.15,Facilities,false,ANT-IOT-HN18,LTE antenna kit for gateway,47.18,Sensor-Gateway-HN-18,Storage Room - HN-18,7,Facilities Supervisor,PRT-HN18-0446,Advantech
447,Controller SSD,263.87,Network,false,SSD-WLC-HN18,SSD for wireless controller,274.4,WiFi-Controller-HN-18,Office Floor 1 - HN-18,14,Network Engineer,PRT-HN18-0447,Cisco
448,PoE Injector,70.25,Network,false,POE-AP-HN18,802.3at PoE injector,71.6,Access-Point-HN-18,Office Floor 2 - HN-18,27,Network Engineer,PRT-HN18-0448,Aruba
449,GPU Accelerator,12538.76,Server,false,GPU-A100-HN18,NVIDIA A100 Tensor Core GPU,12414.62,AI-Analytics-Server-HN-18,Lab A - HN-18,8,AI Specialist,PRT-HN18-0449,NVIDIA
450,Capture SSD,481.47,Network,false,SSD-NMA-HN18,High-write SSD for packet capture,469.61,Monitoring-Appliance-HN-18,Workshop - HN-18,1,Network Engineer,PRT-HN18-0450,Fluke
451,SSD Module,459.0,Network,false,SSD-OBS-HCM19,Enterprise SSD for monitoring appliance,467.06,Monitoring-System-HCM-19,Infrastructure Site - HCM-19,3,Network Engineer,PRT-HCM19-0451,SolarWinds
452,Cisco Line Card,8936.23,Network,false,LC-ASR-HCM19,100G line card for ASR series router,9288.74,Core-Router-HCM-19,Network Operations Center (NOC) - HCM-19,41,Network Engineer,PRT-HCM19-0452,Cisco
453,RAID Drive,385.63,Security,false,DRV-VMS-HCM19,12TB surveillance-rated HDD,377.24,Security-VMS-Server-HCM-19,Security Operations Center (SOC) - HCM-19,7,Security Officer,PRT-HCM19-0453,Milestone
454,Server Memory Kit,627.51,Server,false,RAM-R750-HCM19,64GB DDR4 RDIMM memory kit,651.52,Virtualization-Host-HCM-19,Server Room A - HCM-19,20,System Administrator,PRT-HCM19-0454,Dell
455,NVMe SSD,1131.52,Server,false,SSD-AFF-HCM19,Enterprise NVMe SSD for storage array,1140.61,Storage-Array-HCM-19,Server Room B - HCM-19,1,Storage Administrator,PRT-HCM19-0455,NetApp
456,Juniper Transceiver,232.42,Network,false,SFP-EX-HCM19,10G SFP+ transceiver,239.58,Access-Switch-HCM-19,Network Closet - HCM-19,19,Network Engineer,PRT-HCM19-0456,Juniper
457,Access Card,11.19,Security,true,CARD-N2-HCM19,Proximity access card,11.4,Access-Control-Panel-HCM-19,Access Control Room - HCM-19,119,Security Officer,PRT-HCM19-0457,Paxton
458,Surveillance HDD,292.69,Security,false,HDD-NVR-HCM19,8TB surveillance hard drive,294.1,NVR-HCM-19,Video Surveillance Room - HCM-19,12,Security Officer,PRT-HCM19-0458,Hikvision
459,UPS Battery Module,435.35,Power,false,BATT-SRT-HCM19,Replacement battery cartridge,429.74,UPS-HCM-19,UPS Room - HCM-19,18,Electrician,PRT-HCM19-0459,APC
460,Contactor Kit,652.7,Power,false,CTK-ATS-HCM19,Replacement contactor set for ATS panel,633.42,ATS-Panel-HCM-19,Electrical Room - HCM-19,10,Electrician,PRT-HCM19-0460,Schneider Electric
461,Air Filter Kit,87.91,Cooling,true,FLT-PDX-HCM19,Precision cooling filter pack,87.21,CRAC-Unit-HCM-19,HVAC Plant - HCM-19,255,HVAC Technician,PRT-HCM19-0461,Vertiv
462,Generator Service Kit,179.72,Power,true,SVK-GEN-HCM19,"Oil, air and fuel filter service kit",181.14,Generator-HCM-19,Generator Yard - HCM-19,341,Electrician,PRT-HCM19-0462,Cummins
463,Camera Module,130.66,Security,false,CAM-KSK-HCM19,Replacement facial recognition camera,135.45,Visitor-Kiosk-HCM-19,Reception - HCM-19,4,Security Officer,PRT-HCM19-0463,ZKTeco
464,Mounting Bracket,57.09,Security,false,MBR-CAM-HCM19,Outdoor mounting bracket,56.9,Loading-Bay-Camera-HCM-19,Loading Bay - HCM-19,22,Security Officer,PRT-HCM19-0464,Hikvision
465,Radio Mount Kit,102.34,Network,false,MKT-IP20-HCM19,Microwave radio mounting kit,106.03,Microwave-Radio-HCM-19,Roof - HCM-19,17,Field Technician,PRT-HCM19-0465,Ceragon
466,LC Connector Pack,17.06,Cabling,true,LC-CONN-HCM19,Single-mode LC connector pack,17.57,Fiber-Patch-Panel-HCM-19,IDF Room 1 - HCM-19,11,Cabling Technician,PRT-HCM19-0466,Corning
467,Power Supply Module,336.16,Network,false,PSU-C93-HCM19,Replacement switch power supply,351.09,Edge-Switch-HCM-19,IDF Room 2 - HCM-19,9,Network Engineer,PRT-HCM19-0467,Cisco
468,RF Jumper Cable,88.63,Cellular,true,RFC-AIR-HCM19,Low-loss RF jumper cable,91.56,5G-Antenna-HCM-19,Telecom Mast - HCM-19,121,Field Technician,PRT-HCM19-0468,Ericsson
469,Timing Module,724.26,Cellular,false,TIM-BBU-HCM19,Synchronization module for BBU,743.43,Baseband-Unit-HCM-19,Base Station - HCM-19,6,Field Technician,PRT-HCM19-0469,Nokia
470,Surge Protector,62.55,Cellular,true,SPD-RRU-HCM19,Outdoor RF surge protector,63.13,Radio-Unit-HCM-19,Antenna Array - HCM-19,306,Field Technician,PRT-HCM19-0470,Ericsson
471,Antenna Kit,45.36,Facilities,false,ANT-IOT-HCM19,LTE antenna kit for gateway,46.06,Sensor-Gateway-HCM-19,Storage Room - HCM-19,23,Facilities Supervisor,PRT-HCM19-0471,Advantech
472,Controller SSD,293.18,Network,false,SSD-WLC-HCM19,SSD for wireless controller,286.52,WiFi-Controller-HCM-19,Office Floor 1 - HCM-19,25,Network Engineer,PRT-HCM19-0472,Cisco
473,PoE Injector,71.47,Network,false,POE-AP-HCM19,802.3at PoE injector,72.04,Access-Point-HCM-19,Office Floor 2 - HCM-19,33,Network Engineer,PRT-HCM19-0473,Aruba
474,GPU Accelerator,12758.94,Server,false,GPU-A100-HCM19,NVIDIA A100 Tensor Core GPU,13263.51,AI-Analytics-Server-HCM-19,Lab A - HCM-19,1,AI Specialist,PRT-HCM19-0474,NVIDIA
475,Capture SSD,482.48,Network,false,SSD-NMA-HCM19,High-write SSD for packet capture,489.11,Monitoring-Appliance-HCM-19,Workshop - HCM-19,25,Network Engineer,PRT-HCM19-0475,Fluke
476,SSD Module,440.87,Network,false,SSD-OBS-HCM20,Enterprise SSD for monitoring appliance,439.56,Monitoring-System-HCM-20,Infrastructure Site - HCM-20,22,Network Engineer,PRT-HCM20-0476,SolarWinds
477,Cisco Line Card,8872.74,Network,false,LC-ASR-HCM20,100G line card for ASR series router,9283.71,Core-Router-HCM-20,Network Operations Center (NOC) - HCM-20,29,Network Engineer,PRT-HCM20-0477,Cisco
478,RAID Drive,368.4,Security,false,DRV-VMS-HCM20,12TB surveillance-rated HDD,379.92,Security-VMS-Server-HCM-20,Security Operations Center (SOC) - HCM-20,26,Security Officer,PRT-HCM20-0478,Milestone
479,Server Memory Kit,657.99,Server,false,RAM-R750-HCM20,64GB DDR4 RDIMM memory kit,654.11,Virtualization-Host-HCM-20,Server Room A - HCM-20,3,System Administrator,PRT-HCM20-0479,Dell
480,NVMe SSD,1235.47,Server,false,SSD-AFF-HCM20,Enterprise NVMe SSD for storage array,1281.98,Storage-Array-HCM-20,Server Room B - HCM-20,6,Storage Administrator,PRT-HCM20-0480,NetApp
481,Juniper Transceiver,247.63,Network,false,SFP-EX-HCM20,10G SFP+ transceiver,258.29,Access-Switch-HCM-20,Network Closet - HCM-20,46,Network Engineer,PRT-HCM20-0481,Juniper
482,Access Card,12.61,Security,true,CARD-N2-HCM20,Proximity access card,12.97,Access-Control-Panel-HCM-20,Access Control Room - HCM-20,227,Security Officer,PRT-HCM20-0482,Paxton
483,Surveillance HDD,302.43,Security,false,HDD-NVR-HCM20,8TB surveillance hard drive,302.29,NVR-HCM-20,Video Surveillance Room - HCM-20,11,Security Officer,PRT-HCM20-0483,Hikvision
484,UPS Battery Module,406.69,Power,false,BATT-SRT-HCM20,Replacement battery cartridge,397.51,UPS-HCM-20,UPS Room - HCM-20,13,Electrician,PRT-HCM20-0484,APC
485,Contactor Kit,625.15,Power,false,CTK-ATS-HCM20,Replacement contactor set for ATS panel,654.15,ATS-Panel-HCM-20,Electrical Room - HCM-20,6,Electrician,PRT-HCM20-0485,Schneider Electric
486,Air Filter Kit,99.61,Cooling,true,FLT-PDX-HCM20,Precision cooling filter pack,96.72,CRAC-Unit-HCM-20,HVAC Plant - HCM-20,173,HVAC Technician,PRT-HCM20-0486,Vertiv
487,Generator Service Kit,177.77,Power,true,SVK-GEN-HCM20,"Oil, air and fuel filter service kit",173.21,Generator-HCM-20,Generator Yard - HCM-20,227,Electrician,PRT-HCM20-0487,Cummins
488,Camera Module,150.57,Security,false,CAM-KSK-HCM20,Replacement facial recognition camera,147.4,Visitor-Kiosk-HCM-20,Reception - HCM-20,6,Security Officer,PRT-HCM20-0488,ZKTeco
489,Mounting Bracket,58.94,Security,false,MBR-CAM-HCM20,Outdoor mounting bracket,60.51,Loading-Bay-Camera-HCM-20,Loading Bay - HCM-20,9,Security Officer,PRT-HCM20-0489,Hikvision
490,Radio Mount Kit,102.08,Network,false,MKT-IP20-HCM20,Microwave radio mounting kit,103.91,Microwave-Radio-HCM-20,Roof - HCM-20,12,Field Technician,PRT-HCM20-0490,Ceragon
491,LC Connector Pack,17.85,Cabling,true,LC-CONN-HCM20,Single-mode LC connector pack,17.74,Fiber-Patch-Panel-HCM-20,IDF Room 1 - HCM-20,28,Cabling Technician,PRT-HCM20-0491,Corning
492,Power Supply Module,336.65,Network,false,PSU-C93-HCM20,Replacement switch power supply,346.12,Edge-Switch-HCM-20,IDF Room 2 - HCM-20,44,Network Engineer,PRT-HCM20-0492,Cisco
493,RF Jumper Cable,81.52,Cellular,true,RFC-AIR-HCM20,Low-loss RF jumper cable,84.46,5G-Antenna-HCM-20,Telecom Mast - HCM-20,385,Field Technician,PRT-HCM20-0493,Ericsson
494,Timing Module,735.91,Cellular,false,TIM-BBU-HCM20,Synchronization module for BBU,771.35,Baseband-Unit-HCM-20,Base Station - HCM-20,21,Field Technician,PRT-HCM20-0494,Nokia
495,Surge Protector,67.3,Cellular,true,SPD-RRU-HCM20,Outdoor RF surge protector,69.28,Radio-Unit-HCM-20,Antenna Array - HCM-20,50,Field Technician,PRT-HCM20-0495,Ericsson
496,Antenna Kit,48.56,Facilities,false,ANT-IOT-HCM20,LTE antenna kit for gateway,47.94,Sensor-Gateway-HCM-20,Storage Room - HCM-20,30,Facilities Supervisor,PRT-HCM20-0496,Advantech
497,Controller SSD,298.36,Network,false,SSD-WLC-HCM20,SSD for wireless controller,305.59,WiFi-Controller-HCM-20,Office Floor 1 - HCM-20,9,Network Engineer,PRT-HCM20-0497,Cisco
498,PoE Injector,67.39,Network,false,POE-AP-HCM20,802.3at PoE injector,68.6,Access-Point-HCM-20,Office Floor 2 - HCM-20,44,Network Engineer,PRT-HCM20-0498,Aruba
499,GPU Accelerator,12956.33,Server,false,GPU-A100-HCM20,NVIDIA A100 Tensor Core GPU,13199.2,AI-Analytics-Server-HCM-20,Lab A - HCM-20,8,AI Specialist,PRT-HCM20-0499,NVIDIA
500,Capture SSD,496.99,Network,false,SSD-NMA-HCM20,High-write SSD for packet capture,495.85,Monitoring-Appliance-HCM-20,Workshop - HCM-20,15,Network Engineer,PRT-HCM20-0500,Fluke
501,SSD Module,475.37,Network,false,SSD-OBS-DN21,Enterprise SSD for monitoring appliance,497.91,Monitoring-System-DN-21,Infrastructure Site - DN-21,21,Network Engineer,PRT-DN21-0501,SolarWinds
502,Cisco Line Card,8322.1,Network,false,LC-ASR-DN21,100G line card for ASR series router,8266.72,Core-Router-DN-21,Network Operations Center (NOC) - DN-21,24,Network Engineer,PRT-DN21-0502,Cisco
503,RAID Drive,374.86,Security,false,DRV-VMS-DN21,12TB surveillance-rated HDD,386.55,Security-VMS-Server-DN-21,Security Operations Center (SOC) - DN-21,25,Security Officer,PRT-DN21-0503,Milestone
504,Server Memory Kit,609.66,Server,false,RAM-R750-DN21,64GB DDR4 RDIMM memory kit,601.67,Virtualization-Host-DN-21,Server Room A - DN-21,4,System Administrator,PRT-DN21-0504,Dell
505,NVMe SSD,1184.29,Server,false,SSD-AFF-DN21,Enterprise NVMe SSD for storage array,1205.54,Storage-Array-DN-21,Server Room B - DN-21,6,Storage Administrator,PRT-DN21-0505,NetApp
506,Juniper Transceiver,253.79,Network,false,SFP-EX-DN21,10G SFP+ transceiver,256.22,Access-Switch-DN-21,Network Closet - DN-21,33,Network Engineer,PRT-DN21-0506,Juniper
507,Access Card,12.5,Security,true,CARD-N2-DN21,Proximity access card,12.79,Access-Control-Panel-DN-21,Access Control Room - DN-21,359,Security Officer,PRT-DN21-0507,Paxton
508,Surveillance HDD,295.56,Security,false,HDD-NVR-DN21,8TB surveillance hard drive,310.32,NVR-DN-21,Video Surveillance Room - DN-21,20,Security Officer,PRT-DN21-0508,Hikvision
509,UPS Battery Module,387.93,Power,false,BATT-SRT-DN21,Replacement battery cartridge,394.95,UPS-DN-21,UPS Room - DN-21,26,Electrician,PRT-DN21-0509,APC
510,Contactor Kit,647.11,Power,false,CTK-ATS-DN21,Replacement contactor set for ATS panel,664.59,ATS-Panel-DN-21,Electrical Room - DN-21,7,Electrician,PRT-DN21-0510,Schneider Electric
511,Air Filter Kit,97.79,Cooling,true,FLT-PDX-DN21,Precision cooling filter pack,98.33,CRAC-Unit-DN-21,HVAC Plant - DN-21,133,HVAC Technician,PRT-DN21-0511,Vertiv
512,Generator Service Kit,187.16,Power,true,SVK-GEN-DN21,"Oil, air and fuel filter service kit",191.76,Generator-DN-21,Generator Yard - DN-21,218,Electrician,PRT-DN21-0512,Cummins
513,Camera Module,139.57,Security,false,CAM-KSK-DN21,Replacement facial recognition camera,143.49,Visitor-Kiosk-DN-21,Reception - DN-21,10,Security Officer,PRT-DN21-0513,ZKTeco
514,Mounting Bracket,54.37,Security,false,MBR-CAM-DN21,Outdoor mounting bracket,53.28,Loading-Bay-Camera-DN-21,Loading Bay - DN-21,5,Security Officer,PRT-DN21-0514,Hikvision
515,Radio Mount Kit,105.86,Network,false,MKT-IP20-DN21,Microwave radio mounting kit,105.47,Microwave-Radio-DN-21,Roof - DN-21,23,Field Technician,PRT-DN21-0515,Ceragon
516,LC Connector Pack,18.83,Cabling,true,LC-CONN-DN21,Single-mode LC connector pack,19.32,Fiber-Patch-Panel-DN-21,IDF Room 1 - DN-21,300,Cabling Technician,PRT-DN21-0516,Corning
517,Power Supply Module,352.09,Network,false,PSU-C93-DN21,Replacement switch power supply,349.73,Edge-Switch-DN-21,IDF Room 2 - DN-21,49,Network Engineer,PRT-DN21-0517,Cisco
518,RF Jumper Cable,88.31,Cellular,true,RFC-AIR-DN21,Low-loss RF jumper cable,90.58,5G-Antenna-DN-21,Telecom Mast - DN-21,85,Field Technician,PRT-DN21-0518,Ericsson
519,Timing Module,736.12,Cellular,false,TIM-BBU-DN21,Synchronization module for BBU,714.74,Baseband-Unit-DN-21,Base Station - DN-21,12,Field Technician,PRT-DN21-0519,Nokia
520,Surge Protector,68.67,Cellular,true,SPD-RRU-DN21,Outdoor RF surge protector,68.33,Radio-Unit-DN-21,Antenna Array - DN-21,201,Field Technician,PRT-DN21-0520,Ericsson
521,Antenna Kit,44.27,Facilities,false,ANT-IOT-DN21,LTE antenna kit for gateway,46.29,Sensor-Gateway-DN-21,Storage Room - DN-21,11,Facilities Supervisor,PRT-DN21-0521,Advantech
522,Controller SSD,266.42,Network,false,SSD-WLC-DN21,SSD for wireless controller,269.06,WiFi-Controller-DN-21,Office Floor 1 - DN-21,19,Network Engineer,PRT-DN21-0522,Cisco
523,PoE Injector,65.15,Network,false,POE-AP-DN21,802.3at PoE injector,66.08,Access-Point-DN-21,Office Floor 2 - DN-21,38,Network Engineer,PRT-DN21-0523,Aruba
524,GPU Accelerator,12879.4,Server,false,GPU-A100-DN21,NVIDIA A100 Tensor Core GPU,13163.58,AI-Analytics-Server-DN-21,Lab A - DN-21,4,AI Specialist,PRT-DN21-0524,NVIDIA
525,Capture SSD,529.84,Network,false,SSD-NMA-DN21,High-write SSD for packet capture,545.03,Monitoring-Appliance-DN-21,Workshop - DN-21,30,Network Engineer,PRT-DN21-0525,Fluke
526,SSD Module,468.84,Network,false,SSD-OBS-HP22,Enterprise SSD for monitoring appliance,472.68,Monitoring-System-HP-22,Infrastructure Site - HP-22,4,Network Engineer,PRT-HP22-0526,SolarWinds
527,Cisco Line Card,7933.41,Network,false,LC-ASR-HP22,100G line card for ASR series router,7820.69,Core-Router-HP-22,Network Operations Center (NOC) - HP-22,38,Network Engineer,PRT-HP22-0527,Cisco
528,RAID Drive,393.37,Security,false,DRV-VMS-HP22,12TB surveillance-rated HDD,395.5,Security-VMS-Server-HP-22,Security Operations Center (SOC) - HP-22,21,Security Officer,PRT-HP22-0528,Milestone
529,Server Memory Kit,587.91,Server,false,RAM-R750-HP22,64GB DDR4 RDIMM memory kit,594.13,Virtualization-Host-HP-22,Server Room A - HP-22,17,System Administrator,PRT-HP22-0529,Dell
530,NVMe SSD,1224.18,Server,false,SSD-AFF-HP22,Enterprise NVMe SSD for storage array,1198.37,Storage-Array-HP-22,Server Room B - HP-22,3,Storage Administrator,PRT-HP22-0530,NetApp
531,Juniper Transceiver,246.64,Network,false,SFP-EX-HP22,10G SFP+ transceiver,241.11,Access-Switch-HP-22,Network Closet - HP-22,59,Network Engineer,PRT-HP22-0531,Juniper
532,Access Card,12.0,Security,true,CARD-N2-HP22,Proximity access card,11.95,Access-Control-Panel-HP-22,Access Control Room - HP-22,281,Security Officer,PRT-HP22-0532,Paxton
533,Surveillance HDD,281.82,Security,false,HDD-NVR-HP22,8TB surveillance hard drive,277.69,NVR-HP-22,Video Surveillance Room - HP-22,13,Security Officer,PRT-HP22-0533,Hikvision
534,UPS Battery Module,449.09,Power,false,BATT-SRT-HP22,Replacement battery cartridge,452.57,UPS-HP-22,UPS Room - HP-22,28,Electrician,PRT-HP22-0534,APC
535,Contactor Kit,630.03,Power,false,CTK-ATS-HP22,Replacement contactor set for ATS panel,639.52,ATS-Panel-HP-22,Electrical Room - HP-22,25,Electrician,PRT-HP22-0535,Schneider Electric
536,Air Filter Kit,91.88,Cooling,true,FLT-PDX-HP22,Precision cooling filter pack,91.87,CRAC-Unit-HP-22,HVAC Plant - HP-22,174,HVAC Technician,PRT-HP22-0536,Vertiv
537,Generator Service Kit,167.74,Power,true,SVK-GEN-HP22,"Oil, air and fuel filter service kit",164.86,Generator-HP-22,Generator Yard - HP-22,380,Electrician,PRT-HP22-0537,Cummins
538,Camera Module,141.93,Security,false,CAM-KSK-HP22,Replacement facial recognition camera,138.34,Visitor-Kiosk-HP-22,Reception - HP-22,2,Security Officer,PRT-HP22-0538,ZKTeco
539,Mounting Bracket,58.35,Security,false,MBR-CAM-HP22,Outdoor mounting bracket,56.95,Loading-Bay-Camera-HP-22,Loading Bay - HP-22,25,Security Officer,PRT-HP22-0539,Hikvision
540,Radio Mount Kit,103.67,Network,false,MKT-IP20-HP22,Microwave radio mounting kit,106.95,Microwave-Radio-HP-22,Roof - HP-22,28,Field Technician,PRT-HP22-0540,Ceragon
541,LC Connector Pack,17.91,Cabling,true,LC-CONN-HP22,Single-mode LC connector pack,18.03,Fiber-Patch-Panel-HP-22,IDF Room 1 - HP-22,180,Cabling Technician,PRT-HP22-0541,Corning
542,Power Supply Module,354.03,Network,false,PSU-C93-HP22,Replacement switch power supply,357.18,Edge-Switch-HP-22,IDF Room 2 - HP-22,7,Network Engineer,PRT-HP22-0542,Cisco
543,RF Jumper Cable,90.07,Cellular,true,RFC-AIR-HP22,Low-loss RF jumper cable,89.73,5G-Antenna-HP-22,Telecom Mast - HP-22,285,Field Technician,PRT-HP22-0543,Ericsson
544,Timing Module,788.15,Cellular,false,TIM-BBU-HP22,Synchronization module for BBU,825.93,Baseband-Unit-HP-22,Base Station - HP-22,25,Field Technician,PRT-HP22-0544,Nokia
545,Surge Protector,67.78,Cellular,true,SPD-RRU-HP22,Outdoor RF surge protector,68.08,Radio-Unit-HP-22,Antenna Array - HP-22,151,Field Technician,PRT-HP22-0545,Ericsson
546,Antenna Kit,48.58,Facilities,false,ANT-IOT-HP22,LTE antenna kit for gateway,48.88,Sensor-Gateway-HP-22,Storage Room - HP-22,25,Facilities Supervisor,PRT-HP22-0546,Advantech
547,Controller SSD,257.98,Network,false,SSD-WLC-HP22,SSD for wireless controller,256.9,WiFi-Controller-HP-22,Office Floor 1 - HP-22,5,Network Engineer,PRT-HP22-0547,Cisco
548,PoE Injector,66.52,Network,false,POE-AP-HP22,802.3at PoE injector,65.31,Access-Point-HP-22,Office Floor 2 - HP-22,23,Network Engineer,PRT-HP22-0548,Aruba
549,GPU Accelerator,13241.11,Server,false,GPU-A100-HP22,NVIDIA A100 Tensor Core GPU,13827.39,AI-Analytics-Server-HP-22,Lab A - HP-22,11,AI Specialist,PRT-HP22-0549,NVIDIA
550,Capture SSD,471.43,Network,false,SSD-NMA-HP22,High-write SSD for packet capture,490.38,Monitoring-Appliance-HP-22,Workshop - HP-22,15,Network Engineer,PRT-HP22-0550,Fluke
551,SSD Module,417.54,Network,false,SSD-OBS-CT23,Enterprise SSD for monitoring appliance,419.67,Monitoring-System-CT-23,Infrastructure Site - CT-23,7,Network Engineer,PRT-CT23-0551,SolarWinds
552,Cisco Line Card,8848.98,Network,false,LC-ASR-CT23,100G line card for ASR series router,8668.72,Core-Router-CT-23,Network Operations Center (NOC) - CT-23,35,Network Engineer,PRT-CT23-0552,Cisco
553,RAID Drive,378.66,Security,false,DRV-VMS-CT23,12TB surveillance-rated HDD,382.71,Security-VMS-Server-CT-23,Security Operations Center (SOC) - CT-23,15,Security Officer,PRT-CT23-0553,Milestone
554,Server Memory Kit,664.24,Server,false,RAM-R750-CT23,64GB DDR4 RDIMM memory kit,678.96,Virtualization-Host-CT-23,Server Room A - CT-23,8,System Administrator,PRT-CT23-0554,Dell
555,NVMe SSD,1212.4,Server,false,SSD-AFF-CT23,Enterprise NVMe SSD for storage array,1188.44,Storage-Array-CT-23,Server Room B - CT-23,3,Storage Administrator,PRT-CT23-0555,NetApp
556,Juniper Transceiver,227.42,Network,false,SFP-EX-CT23,10G SFP+ transceiver,237.63,Access-Switch-CT-23,Network Closet - CT-23,13,Network Engineer,PRT-CT23-0556,Juniper
557,Access Card,12.23,Security,true,CARD-N2-CT23,Proximity access card,11.89,Access-Control-Panel-CT-23,Access Control Room - CT-23,23,Security Officer,PRT-CT23-0557,Paxton
558,Surveillance HDD,284.29,Security,false,HDD-NVR-CT23,8TB surveillance hard drive,289.38,NVR-CT-23,Video Surveillance Room - CT-23,17,Security Officer,PRT-CT23-0558,Hikvision
559,UPS Battery Module,393.95,Power,false,BATT-SRT-CT23,Replacement battery cartridge,397.13,UPS-CT-23,UPS Room - CT-23,14,Electrician,PRT-CT23-0559,APC
560,Contactor Kit,611.33,Power,false,CTK-ATS-CT23,Replacement contactor set for ATS panel,625.09,ATS-Panel-CT-23,Electrical Room - CT-23,12,Electrician,PRT-CT23-0560,Schneider Electric
561,Air Filter Kit,91.69,Cooling,true,FLT-PDX-CT23,Precision cooling filter pack,93.45,CRAC-Unit-CT-23,HVAC Plant - CT-23,137,HVAC Technician,PRT-CT23-0561,Vertiv
562,Generator Service Kit,182.29,Power,true,SVK-GEN-CT23,"Oil, air and fuel filter service kit",190.45,Generator-CT-23,Generator Yard - CT-23,27,Electrician,PRT-CT23-0562,Cummins
563,Camera Module,137.69,Security,false,CAM-KSK-CT23,Replacement facial recognition camera,133.69,Visitor-Kiosk-CT-23,Reception - CT-23,16,Security Officer,PRT-CT23-0563,ZKTeco
564,Mounting Bracket,56.07,Security,false,MBR-CAM-CT23,Outdoor mounting bracket,56.83,Loading-Bay-Camera-CT-23,Loading Bay - CT-23,4,Security Officer,PRT-CT23-0564,Hikvision
565,Radio Mount Kit,114.63,Network,false,MKT-IP20-CT23,Microwave radio mounting kit,113.61,Microwave-Radio-CT-23,Roof - CT-23,26,Field Technician,PRT-CT23-0565,Ceragon
566,LC Connector Pack,18.95,Cabling,true,LC-CONN-CT23,Single-mode LC connector pack,18.56,Fiber-Patch-Panel-CT-23,IDF Room 1 - CT-23,374,Cabling Technician,PRT-CT23-0566,Corning
567,Power Supply Module,386.86,Network,false,PSU-C93-CT23,Replacement switch power supply,405.32,Edge-Switch-CT-23,IDF Room 2 - CT-23,15,Network Engineer,PRT-CT23-0567,Cisco
568,RF Jumper Cable,86.37,Cellular,true,RFC-AIR-CT23,Low-loss RF jumper cable,84.83,5G-Antenna-CT-23,Telecom Mast - CT-23,281,Field Technician,PRT-CT23-0568,Ericsson
569,Timing Module,737.41,Cellular,false,TIM-BBU-CT23,Synchronization module for BBU,755.43,Baseband-Unit-CT-23,Base Station - CT-23,21,Field Technician,PRT-CT23-0569,Nokia
570,Surge Protector,63.85,Cellular,true,SPD-RRU-CT23,Outdoor RF surge protector,64.6,Radio-Unit-CT-23,Antenna Array - CT-23,225,Field Technician,PRT-CT23-0570,Ericsson
571,Antenna Kit,49.6,Facilities,false,ANT-IOT-CT23,LTE antenna kit for gateway,50.76,Sensor-Gateway-CT-23,Storage Room - CT-23,7,Facilities Supervisor,PRT-CT23-0571,Advantech
572,Controller SSD,275.13,Network,false,SSD-WLC-CT23,SSD for wireless controller,270.38,WiFi-Controller-CT-23,Office Floor 1 - CT-23,14,Network Engineer,PRT-CT23-0572,Cisco
573,PoE Injector,65.97,Network,false,POE-AP-CT23,802.3at PoE injector,66.11,Access-Point-CT-23,Office Floor 2 - CT-23,50,Network Engineer,PRT-CT23-0573,Aruba
574,GPU Accelerator,12773.51,Server,false,GPU-A100-CT23,NVIDIA A100 Tensor Core GPU,12922.32,AI-Analytics-Server-CT-23,Lab A - CT-23,9,AI Specialist,PRT-CT23-0574,NVIDIA
575,Capture SSD,481.74,Network,false,SSD-NMA-CT23,High-write SSD for packet capture,501.21,Monitoring-Appliance-CT-23,Workshop - CT-23,25,Network Engineer,PRT-CT23-0575,Fluke
576,SSD Module,456.12,Network,false,SSD-OBS-BD24,Enterprise SSD for monitoring appliance,474.41,Monitoring-System-BD-24,Infrastructure Site - BD-24,23,Network Engineer,PRT-BD24-0576,SolarWinds
577,Cisco Line Card,9125.24,Network,false,LC-ASR-BD24,100G line card for ASR series router,9483.01,Core-Router-BD-24,Network Operations Center (NOC) - BD-24,19,Network Engineer,PRT-BD24-0577,Cisco
578,RAID Drive,388.53,Security,false,DRV-VMS-BD24,12TB surveillance-rated HDD,387.09,Security-VMS-Server-BD-24,Security Operations Center (SOC) - BD-24,22,Security Officer,PRT-BD24-0578,Milestone
579,Server Memory Kit,619.5,Server,false,RAM-R750-BD24,64GB DDR4 RDIMM memory kit,630.21,Virtualization-Host-BD-24,Server Room A - BD-24,22,System Administrator,PRT-BD24-0579,Dell
580,NVMe SSD,1112.08,Server,false,SSD-AFF-BD24,Enterprise NVMe SSD for storage array,1088.31,Storage-Array-BD-24,Server Room B - BD-24,11,Storage Administrator,PRT-BD24-0580,NetApp
581,Juniper Transceiver,248.04,Network,false,SFP-EX-BD24,10G SFP+ transceiver,252.58,Access-Switch-BD-24,Network Closet - BD-24,56,Network Engineer,PRT-BD24-0581,Juniper
582,Access Card,12.85,Security,true,CARD-N2-BD24,Proximity access card,13.3,Access-Control-Panel-BD-24,Access Control Room - BD-24,331,Security Officer,PRT-BD24-0582,Paxton
583,Surveillance HDD,280.36,Security,false,HDD-NVR-BD24,8TB surveillance hard drive,281.19,NVR-BD-24,Video Surveillance Room - BD-24,1,Security Officer,PRT-BD24-0583,Hikvision
584,UPS Battery Module,404.99,Power,false,BATT-SRT-BD24,Replacement battery cartridge,418.23,UPS-BD-24,UPS Room - BD-24,11,Electrician,PRT-BD24-0584,APC
585,Contactor Kit,676.35,Power,false,CTK-ATS-BD24,Replacement contactor set for ATS panel,698.31,ATS-Panel-BD-24,Electrical Room - BD-24,6,Electrician,PRT-BD24-0585,Schneider Electric
586,Air Filter Kit,97.12,Cooling,true,FLT-PDX-BD24,Precision cooling filter pack,96.64,CRAC-Unit-BD-24,HVAC Plant - BD-24,264,HVAC Technician,PRT-BD24-0586,Vertiv
587,Generator Service Kit,193.23,Power,true,SVK-GEN-BD24,"Oil, air and fuel filter service kit",192.42,Generator-BD-24,Generator Yard - BD-24,67,Electrician,PRT-BD24-0587,Cummins
588,Camera Module,130.89,Security,false,CAM-KSK-BD24,Replacement facial recognition camera,134.42,Visitor-Kiosk-BD-24,Reception - BD-24,30,Security Officer,PRT-BD24-0588,ZKTeco
589,Mounting Bracket,51.51,Security,false,MBR-CAM-BD24,Outdoor mounting bracket,53.91,Loading-Bay-Camera-BD-24,Loading Bay - BD-24,27,Security Officer,PRT-BD24-0589,Hikvision
590,Radio Mount Kit,109.9,Network,false,MKT-IP20-BD24,Microwave radio mounting kit,113.93,Microwave-Radio-BD-24,Roof - BD-24,8,Field Technician,PRT-BD24-0590,Ceragon
591,LC Connector Pack,19.03,Cabling,true,LC-CONN-BD24,Single-mode LC connector pack,19.19,Fiber-Patch-Panel-BD-24,IDF Room 1 - BD-24,234,Cabling Technician,PRT-BD24-0591,Corning
592,Power Supply Module,367.33,Network,false,PSU-C93-BD24,Replacement switch power supply,382.42,Edge-Switch-BD-24,IDF Room 2 - BD-24,28,Network Engineer,PRT-BD24-0592,Cisco
593,RF Jumper Cable,82.57,Cellular,true,RFC-AIR-BD24,Low-loss RF jumper cable,85.56,5G-Antenna-BD-24,Telecom Mast - BD-24,369,Field Technician,PRT-BD24-0593,Ericsson
594,Timing Module,807.47,Cellular,false,TIM-BBU-BD24,Synchronization module for BBU,829.6,Baseband-Unit-BD-24,Base Station - BD-24,21,Field Technician,PRT-BD24-0594,Nokia
595,Surge Protector,66.24,Cellular,true,SPD-RRU-BD24,Outdoor RF surge protector,66.88,Radio-Unit-BD-24,Antenna Array - BD-24,233,Field Technician,PRT-BD24-0595,Ericsson
596,Antenna Kit,50.82,Facilities,false,ANT-IOT-BD24,LTE antenna kit for gateway,49.9,Sensor-Gateway-BD-24,Storage Room - BD-24,22,Facilities Supervisor,PRT-BD24-0596,Advantech
597,Controller SSD,289.15,Network,false,SSD-WLC-BD24,SSD for wireless controller,302.28,WiFi-Controller-BD-24,Office Floor 1 - BD-24,13,Network Engineer,PRT-BD24-0597,Cisco
598,PoE Injector,66.02,Network,false,POE-AP-BD24,802.3at PoE injector,66.88,Access-Point-BD-24,Office Floor 2 - BD-24,47,Network Engineer,PRT-BD24-0598,Aruba
599,GPU Accelerator,12559.54,Server,false,GPU-A100-BD24,NVIDIA A100 Tensor Core GPU,12916.62,AI-Analytics-Server-BD-24,Lab A - BD-24,12,AI Specialist,PRT-BD24-0599,NVIDIA
600,Capture SSD,528.66,Network,false,SSD-NMA-BD24,High-write SSD for packet capture,526.83,Monitoring-Appliance-BD-24,Workshop - BD-24,4,Network Engineer,PRT-BD24-0600,Fluke
601,SSD Module,436.41,Network,false,SSD-OBS-HN25,Enterprise SSD for monitoring appliance,429.51,Monitoring-System-HN-25,Infrastructure Site - HN-25,14,Network Engineer,PRT-HN25-0601,SolarWinds
602,Cisco Line Card,9160.46,Network,false,LC-ASR-HN25,100G line card for ASR series router,9349.54,Core-Router-HN-25,Network Operations Center (NOC) - HN-25,25,Network Engineer,PRT-HN25-0602,Cisco
603,RAID Drive,355.41,Security,false,DRV-VMS-HN25,12TB surveillance-rated HDD,344.79,Security-VMS-Server-HN-25,Security Operations Center (SOC) - HN-25,17,Security Officer,PRT-HN25-0603,Milestone
604,Server Memory Kit,588.43,Server,false,RAM-R750-HN25,64GB DDR4 RDIMM memory kit,581.06,Virtualization-Host-HN-25,Server Room A - HN-25,12,System Administrator,PRT-HN25-0604,Dell
605,NVMe SSD,1223.44,Server,false,SSD-AFF-HN25,Enterprise NVMe SSD for storage array,1278.28,Storage-Array-HN-25,Server Room B - HN-25,2,Storage Administrator,PRT-HN25-0605,NetApp
606,Juniper Transceiver,259.1,Network,false,SFP-EX-HN25,10G SFP+ transceiver,270.39,Access-Switch-HN-25,Network Closet - HN-25,33,Network Engineer,PRT-HN25-0606,Juniper
607,Access Card,11.5,Security,true,CARD-N2-HN25,Proximity access card,11.91,Access-Control-Panel-HN-25,Access Control Room - HN-25,106,Security Officer,PRT-HN25-0607,Paxton
608,Surveillance HDD,271.38,Security,false,HDD-NVR-HN25,8TB surveillance hard drive,274.53,NVR-HN-25,Video Surveillance Room - HN-25,22,Security Officer,PRT-HN25-0608,Hikvision
609,UPS Battery Module,406.09,Power,false,BATT-SRT-HN25,Replacement battery cartridge,414.25,UPS-HN-25,UPS Room - HN-25,13,Electrician,PRT-HN25-0609,APC
610,Contactor Kit,661.4,Power,false,CTK-ATS-HN25,Replacement contactor set for ATS panel,657.75,ATS-Panel-HN-25,Electrical Room - HN-25,26,Electrician,PRT-HN25-0610,Schneider Electric
611,Air Filter Kit,97.14,Cooling,true,FLT-PDX-HN25,Precision cooling filter pack,99.97,CRAC-Unit-HN-25,HVAC Plant - HN-25,283,HVAC Technician,PRT-HN25-0611,Vertiv
612,Generator Service Kit,186.87,Power,true,SVK-GEN-HN25,"Oil, air and fuel filter service kit",189.1,Generator-HN-25,Generator Yard - HN-25,101,Electrician,PRT-HN25-0612,Cummins
613,Camera Module,144.79,Security,false,CAM-KSK-HN25,Replacement facial recognition camera,146.19,Visitor-Kiosk-HN-25,Reception - HN-25,19,Security Officer,PRT-HN25-0613,ZKTeco
614,Mounting Bracket,56.4,Security,false,MBR-CAM-HN25,Outdoor mounting bracket,58.84,Loading-Bay-Camera-HN-25,Loading Bay - HN-25,11,Security Officer,PRT-HN25-0614,Hikvision
615,Radio Mount Kit,113.7,Network,false,MKT-IP20-HN25,Microwave radio mounting kit,118.49,Microwave-Radio-HN-25,Roof - HN-25,10,Field Technician,PRT-HN25-0615,Ceragon
616,LC Connector Pack,17.29,Cabling,true,LC-CONN-HN25,Single-mode LC connector pack,16.79,Fiber-Patch-Panel-HN-25,IDF Room 1 - HN-25,364,Cabling Technician,PRT-HN25-0616,Corning
617,Power Supply Module,340.35,Network,false,PSU-C93-HN25,Replacement switch power supply,351.69,Edge-Switch-HN-25,IDF Room 2 - HN-25,8,Network Engineer,PRT-HN25-0617,Cisco
618,RF Jumper Cable,82.07,Cellular,true,RFC-AIR-HN25,Low-loss RF jumper cable,83.35,5G-Antenna-HN-25,Telecom Mast - HN-25,65,Field Technician,PRT-HN25-0618,Ericsson
619,Timing Module,841.85,Cellular,false,TIM-BBU-HN25,Synchronization module for BBU,848.17,Baseband-Unit-HN-25,Base Station - HN-25,4,Field Technician,PRT-HN25-0619,Nokia
620,Surge Protector,67.48,Cellular,true,SPD-RRU-HN25,Outdoor RF surge protector,67.84,Radio-Unit-HN-25,Antenna Array - HN-25,31,Field Technician,PRT-HN25-0620,Ericsson
621,Antenna Kit,44.27,Facilities,false,ANT-IOT-HN25,LTE antenna kit for gateway,43.48,Sensor-Gateway-HN-25,Storage Room - HN-25,28,Facilities Supervisor,PRT-HN25-0621,Advantech
622,Controller SSD,300.02,Network,false,SSD-WLC-HN25,SSD for wireless controller,303.15,WiFi-Controller-HN-25,Office Floor 1 - HN-25,8,Network Engineer,PRT-HN25-0622,Cisco
623,PoE Injector,73.85,Network,false,POE-AP-HN25,802.3at PoE injector,75.19,Access-Point-HN-25,Office Floor 2 - HN-25,22,Network Engineer,PRT-HN25-0623,Aruba
624,GPU Accelerator,12737.17,Server,false,GPU-A100-HN25,NVIDIA A100 Tensor Core GPU,12528.2,AI-Analytics-Server-HN-25,Lab A - HN-25,6,AI Specialist,PRT-HN25-0624,NVIDIA
625,Capture SSD,473.97,Network,false,SSD-NMA-HN25,High-write SSD for packet capture,474.44,Monitoring-Appliance-HN-25,Workshop - HN-25,19,Network Engineer,PRT-HN25-0625,Fluke
626,SSD Module,463.36,Network,false,SSD-OBS-HN26,Enterprise SSD for monitoring appliance,463.8,Monitoring-System-HN-26,Infrastructure Site - HN-26,30,Network Engineer,PRT-HN26-0626,SolarWinds
627,Cisco Line Card,8016.39,Network,false,LC-ASR-HN26,100G line card for ASR series router,8184.48,Core-Router-HN-26,Network Operations Center (NOC) - HN-26,15,Network Engineer,PRT-HN26-0627,Cisco
628,RAID Drive,377.56,Security,false,DRV-VMS-HN26,12TB surveillance-rated HDD,387.7,Security-VMS-Server-HN-26,Security Operations Center (SOC) - HN-26,18,Security Officer,PRT-HN26-0628,Milestone
629,Server Memory Kit,616.09,Server,false,RAM-R750-HN26,64GB DDR4 RDIMM memory kit,619.9,Virtualization-Host-HN-26,Server Room A - HN-26,13,System Administrator,PRT-HN26-0629,Dell
630,NVMe SSD,1151.23,Server,false,SSD-AFF-HN26,Enterprise NVMe SSD for storage array,1182.32,Storage-Array-HN-26,Server Room B - HN-26,10,Storage Administrator,PRT-HN26-0630,NetApp
631,Juniper Transceiver,226.23,Network,false,SFP-EX-HN26,10G SFP+ transceiver,221.41,Access-Switch-HN-26,Network Closet - HN-26,45,Network Engineer,PRT-HN26-0631,Juniper
632,Access Card,12.75,Security,true,CARD-N2-HN26,Proximity access card,13.04,Access-Control-Panel-HN-26,Access Control Room - HN-26,274,Security Officer,PRT-HN26-0632,Paxton
633,Surveillance HDD,279.48,Security,false,HDD-NVR-HN26,8TB surveillance hard drive,287.78,NVR-HN-26,Video Surveillance Room - HN-26,19,Security Officer,PRT-HN26-0633,Hikvision
634,UPS Battery Module,407.65,Power,false,BATT-SRT-HN26,Replacement battery cartridge,425.85,UPS-HN-26,UPS Room - HN-26,20,Electrician,PRT-HN26-0634,APC
635,Contactor Kit,632.48,Power,false,CTK-ATS-HN26,Replacement contactor set for ATS panel,618.05,ATS-Panel-HN-26,Electrical Room - HN-26,30,Electrician,PRT-HN26-0635,Schneider Electric
636,Air Filter Kit,96.27,Cooling,true,FLT-PDX-HN26,Precision cooling filter pack,99.76,CRAC-Unit-HN-26,HVAC Plant - HN-26,253,HVAC Technician,PRT-HN26-0636,Vertiv
637,Generator Service Kit,177.56,Power,true,SVK-GEN-HN26,"Oil, air and fuel filter service kit",179.79,Generator-HN-26,Generator Yard - HN-26,326,Electrician,PRT-HN26-0637,Cummins
638,Camera Module,130.97,Security,false,CAM-KSK-HN26,Replacement facial recognition camera,127.46,Visitor-Kiosk-HN-26,Reception - HN-26,29,Security Officer,PRT-HN26-0638,ZKTeco
639,Mounting Bracket,58.79,Security,false,MBR-CAM-HN26,Outdoor mounting bracket,59.78,Loading-Bay-Camera-HN-26,Loading Bay - HN-26,6,Security Officer,PRT-HN26-0639,Hikvision
640,Radio Mount Kit,106.48,Network,false,MKT-IP20-HN26,Microwave radio mounting kit,106.64,Microwave-Radio-HN-26,Roof - HN-26,5,Field Technician,PRT-HN26-0640,Ceragon
641,LC Connector Pack,18.3,Cabling,true,LC-CONN-HN26,Single-mode LC connector pack,18.92,Fiber-Patch-Panel-HN-26,IDF Room 1 - HN-26,18,Cabling Technician,PRT-HN26-0641,Corning
642,Power Supply Module,359.4,Network,false,PSU-C93-HN26,Replacement switch power supply,374.66,Edge-Switch-HN-26,IDF Room 2 - HN-26,7,Network Engineer,PRT-HN26-0642,Cisco
643,RF Jumper Cable,87.17,Cellular,true,RFC-AIR-HN26,Low-loss RF jumper cable,86.87,5G-Antenna-HN-26,Telecom Mast - HN-26,26,Field Technician,PRT-HN26-0643,Ericsson
644,Timing Module,765.03,Cellular,false,TIM-BBU-HN26,Synchronization module for BBU,744.28,Baseband-Unit-HN-26,Base Station - HN-26,22,Field Technician,PRT-HN26-0644,Nokia
645,Surge Protector,67.28,Cellular,true,SPD-RRU-HN26,Outdoor RF surge protector,68.23,Radio-Unit-HN-26,Antenna Array - HN-26,260,Field Technician,PRT-HN26-0645,Ericsson
646,Antenna Kit,50.35,Facilities,false,ANT-IOT-HN26,LTE antenna kit for gateway,49.27,Sensor-Gateway-HN-26,Storage Room - HN-26,3,Facilities Supervisor,PRT-HN26-0646,Advantech
647,Controller SSD,258.03,Network,false,SSD-WLC-HN26,SSD for wireless controller,250.57,WiFi-Controller-HN-26,Office Floor 1 - HN-26,26,Network Engineer,PRT-HN26-0647,Cisco
648,PoE Injector,65.77,Network,false,POE-AP-HN26,802.3at PoE injector,67.5,Access-Point-HN-26,Office Floor 2 - HN-26,16,Network Engineer,PRT-HN26-0648,Aruba
649,GPU Accelerator,12140.81,Server,false,GPU-A100-HN26,NVIDIA A100 Tensor Core GPU,12290.71,AI-Analytics-Server-HN-26,Lab A - HN-26,8,AI Specialist,PRT-HN26-0649,NVIDIA
650,Capture SSD,539.78,Network,false,SSD-NMA-HN26,High-write SSD for packet capture,526.24,Monitoring-Appliance-HN-26,Workshop - HN-26,6,Network Engineer,PRT-HN26-0650,Fluke
651,SSD Module,477.23,Network,false,SSD-OBS-HCM27,Enterprise SSD for monitoring appliance,484.88,Monitoring-System-HCM-27,Infrastructure Site - HCM-27,7,Network Engineer,PRT-HCM27-0651,SolarWinds
652,Cisco Line Card,8356.75,Network,false,LC-ASR-HCM27,100G line card for ASR series router,8664.97,Core-Router-HCM-27,Network Operations Center (NOC) - HCM-27,22,Network Engineer,PRT-HCM27-0652,Cisco
653,RAID Drive,381.86,Security,false,DRV-VMS-HCM27,12TB surveillance-rated HDD,390.41,Security-VMS-Server-HCM-27,Security Operations Center (SOC) - HCM-27,22,Security Officer,PRT-HCM27-0653,Milestone
654,Server Memory Kit,659.95,Server,false,RAM-R750-HCM27,64GB DDR4 RDIMM memory kit,643.34,Virtualization-Host-HCM-27,Server Room A - HCM-27,25,System Administrator,PRT-HCM27-0654,Dell
655,NVMe SSD,1238.03,Server,false,SSD-AFF-HCM27,Enterprise NVMe SSD for storage array,1260.86,Storage-Array-HCM-27,Server Room B - HCM-27,2,Storage Administrator,PRT-HCM27-0655,NetApp
656,Juniper Transceiver,250.12,Network,false,SFP-EX-HCM27,10G SFP+ transceiver,248.88,Access-Switch-HCM-27,Network Closet - HCM-27,51,Network Engineer,PRT-HCM27-0656,Juniper
657,Access Card,11.66,Security,true,CARD-N2-HCM27,Proximity access card,12.06,Access-Control-Panel-HCM-27,Access Control Room - HCM-27,216,Security Officer,PRT-HCM27-0657,Paxton
658,Surveillance HDD,312.72,Security,false,HDD-NVR-HCM27,8TB surveillance hard drive,319.16,NVR-HCM-27,Video Surveillance Room - HCM-27,13,Security Officer,PRT-HCM27-0658,Hikvision
659,UPS Battery Module,387.5,Power,false,BATT-SRT-HCM27,Replacement battery cartridge,390.52,UPS-HCM-27,UPS Room - HCM-27,9,Electrician,PRT-HCM27-0659,APC
660,Contactor Kit,621.68,Power,false,CTK-ATS-HCM27,Replacement contactor set for ATS panel,627.23,ATS-Panel-HCM-27,Electrical Room - HCM-27,24,Electrician,PRT-HCM27-0660,Schneider Electric
661,Air Filter Kit,101.88,Cooling,true,FLT-PDX-HCM27,Precision cooling filter pack,104.58,CRAC-Unit-HCM-27,HVAC Plant - HCM-27,321,HVAC Technician,PRT-HCM27-0661,Vertiv
662,Generator Service Kit,185.3,Power,true,SVK-GEN-HCM27,"Oil, air and fuel filter service kit",186.1,Generator-HCM-27,Generator Yard - HCM-27,72,Electrician,PRT-HCM27-0662,Cummins
663,Camera Module,134.31,Security,false,CAM-KSK-HCM27,Replacement facial recognition camera,140.43,Visitor-Kiosk-HCM-27,Reception - HCM-27,23,Security Officer,PRT-HCM27-0663,ZKTeco
664,Mounting Bracket,59.1,Security,false,MBR-CAM-HCM27,Outdoor mounting bracket,61.02,Loading-Bay-Camera-HCM-27,Loading Bay - HCM-27,19,Security Officer,PRT-HCM27-0664,Hikvision
665,Radio Mount Kit,112.18,Network,false,MKT-IP20-HCM27,Microwave radio mounting kit,109.54,Microwave-Radio-HCM-27,Roof - HCM-27,16,Field Technician,PRT-HCM27-0665,Ceragon
666,LC Connector Pack,18.61,Cabling,true,LC-CONN-HCM27,Single-mode LC connector pack,18.59,Fiber-Patch-Panel-HCM-27,IDF Room 1 - HCM-27,40,Cabling Technician,PRT-HCM27-0666,Corning
667,Power Supply Module,376.34,Network,false,PSU-C93-HCM27,Replacement switch power supply,393.85,Edge-Switch-HCM-27,IDF Room 2 - HCM-27,35,Network Engineer,PRT-HCM27-0667,Cisco
668,RF Jumper Cable,88.2,Cellular,true,RFC-AIR-HCM27,Low-loss RF jumper cable,86.93,5G-Antenna-HCM-27,Telecom Mast - HCM-27,268,Field Technician,PRT-HCM27-0668,Ericsson
669,Timing Module,735.58,Cellular,false,TIM-BBU-HCM27,Synchronization module for BBU,715.0,Baseband-Unit-HCM-27,Base Station - HCM-27,21,Field Technician,PRT-HCM27-0669,Nokia
670,Surge Protector,65.57,Cellular,true,SPD-RRU-HCM27,Outdoor RF surge protector,66.72,Radio-Unit-HCM-27,Antenna Array - HCM-27,398,Field Technician,PRT-HCM27-0670,Ericsson
671,Antenna Kit,47.64,Facilities,false,ANT-IOT-HCM27,LTE antenna kit for gateway,46.83,Sensor-Gateway-HCM-27,Storage Room - HCM-27,5,Facilities Supervisor,PRT-HCM27-0671,Advantech
672,Controller SSD,294.86,Network,false,SSD-WLC-HCM27,SSD for wireless controller,294.87,WiFi-Controller-HCM-27,Office Floor 1 - HCM-27,1,Network Engineer,PRT-HCM27-0672,Cisco
673,PoE Injector,65.03,Network,false,POE-AP-HCM27,802.3at PoE injector,66.81,Access-Point-HCM-27,Office Floor 2 - HCM-27,12,Network Engineer,PRT-HCM27-0673,Aruba
674,GPU Accelerator,13380.25,Server,false,GPU-A100-HCM27,NVIDIA A100 Tensor Core GPU,13230.4,AI-Analytics-Server-HCM-27,Lab A - HCM-27,6,AI Specialist,PRT-HCM27-0674,NVIDIA
675,Capture SSD,474.27,Network,false,SSD-NMA-HCM27,High-write SSD for packet capture,475.84,Monitoring-Appliance-HCM-27,Workshop - HCM-27,26,Network Engineer,PRT-HCM27-0675,Fluke
676,SSD Module,431.23,Network,false,SSD-OBS-HCM28,Enterprise SSD for monitoring appliance,440.53,Monitoring-System-HCM-28,Infrastructure Site - HCM-28,18,Network Engineer,PRT-HCM28-0676,SolarWinds
677,Cisco Line Card,9118.01,Network,false,LC-ASR-HCM28,100G line card for ASR series router,8944.9,Core-Router-HCM-28,Network Operations Center (NOC) - HCM-28,24,Network Engineer,PRT-HCM28-0677,Cisco
678,RAID Drive,351.03,Security,false,DRV-VMS-HCM28,12TB surveillance-rated HDD,360.57,Security-VMS-Server-HCM-28,Security Operations Center (SOC) - HCM-28,14,Security Officer,PRT-HCM28-0678,Milestone
679,Server Memory Kit,628.21,Server,false,RAM-R750-HCM28,64GB DDR4 RDIMM memory kit,609.72,Virtualization-Host-HCM-28,Server Room A - HCM-28,23,System Administrator,PRT-HCM28-0679,Dell
680,NVMe SSD,1206.96,Server,false,SSD-AFF-HCM28,Enterprise NVMe SSD for storage array,1259.12,Storage-Array-HCM-28,Server Room B - HCM-28,12,Storage Administrator,PRT-HCM28-0680,NetApp
681,Juniper Transceiver,230.64,Network,false,SFP-EX-HCM28,10G SFP+ transceiver,227.33,Access-Switch-HCM-28,Network Closet - HCM-28,20,Network Engineer,PRT-HCM28-0681,Juniper
682,Access Card,12.52,Security,true,CARD-N2-HCM28,Proximity access card,12.35,Access-Control-Panel-HCM-28,Access Control Room - HCM-28,67,Security Officer,PRT-HCM28-0682,Paxton
683,Surveillance HDD,305.45,Security,false,HDD-NVR-HCM28,8TB surveillance hard drive,312.76,NVR-HCM-28,Video Surveillance Room - HCM-28,29,Security Officer,PRT-HCM28-0683,Hikvision
684,UPS Battery Module,420.75,Power,false,BATT-SRT-HCM28,Replacement battery cartridge,418.55,UPS-HCM-28,UPS Room - HCM-28,7,Electrician,PRT-HCM28-0684,APC
685,Contactor Kit,693.77,Power,false,CTK-ATS-HCM28,Replacement contactor set for ATS panel,699.6,ATS-Panel-HCM-28,Electrical Room - HCM-28,20,Electrician,PRT-HCM28-0685,Schneider Electric
686,Air Filter Kit,101.54,Cooling,true,FLT-PDX-HCM28,Precision cooling filter pack,100.96,CRAC-Unit-HCM-28,HVAC Plant - HCM-28,205,HVAC Technician,PRT-HCM28-0686,Vertiv
687,Generator Service Kit,167.79,Power,true,SVK-GEN-HCM28,"Oil, air and fuel filter service kit",168.36,Generator-HCM-28,Generator Yard - HCM-28,21,Electrician,PRT-HCM28-0687,Cummins
688,Camera Module,132.71,Security,false,CAM-KSK-HCM28,Replacement facial recognition camera,129.92,Visitor-Kiosk-HCM-28,Reception - HCM-28,24,Security Officer,PRT-HCM28-0688,ZKTeco
689,Mounting Bracket,51.17,Security,false,MBR-CAM-HCM28,Outdoor mounting bracket,52.41,Loading-Bay-Camera-HCM-28,Loading Bay - HCM-28,1,Security Officer,PRT-HCM28-0689,Hikvision
690,Radio Mount Kit,113.85,Network,false,MKT-IP20-HCM28,Microwave radio mounting kit,112.28,Microwave-Radio-HCM-28,Roof - HCM-28,9,Field Technician,PRT-HCM28-0690,Ceragon
691,LC Connector Pack,18.84,Cabling,true,LC-CONN-HCM28,Single-mode LC connector pack,19.35,Fiber-Patch-Panel-HCM-28,IDF Room 1 - HCM-28,390,Cabling Technician,PRT-HCM28-0691,Corning
692,Power Supply Module,340.64,Network,false,PSU-C93-HCM28,Replacement switch power supply,348.37,Edge-Switch-HCM-28,IDF Room 2 - HCM-28,27,Network Engineer,PRT-HCM28-0692,Cisco
693,RF Jumper Cable,83.66,Cellular,true,RFC-AIR-HCM28,Low-loss RF jumper cable,84.28,5G-Antenna-HCM-28,Telecom Mast - HCM-28,187,Field Technician,PRT-HCM28-0693,Ericsson
694,Timing Module,837.58,Cellular,false,TIM-BBU-HCM28,Synchronization module for BBU,818.25,Baseband-Unit-HCM-28,Base Station - HCM-28,9,Field Technician,PRT-HCM28-0694,Nokia
695,Surge Protector,69.05,Cellular,true,SPD-RRU-HCM28,Outdoor RF surge protector,68.88,Radio-Unit-HCM-28,Antenna Array - HCM-28,330,Field Technician,PRT-HCM28-0695,Ericsson
696,Antenna Kit,47.2,Facilities,false,ANT-IOT-HCM28,LTE antenna kit for gateway,48.9,Sensor-Gateway-HCM-28,Storage Room - HCM-28,29,Facilities Supervisor,PRT-HCM28-0696,Advantech
697,Controller SSD,262.84,Network,false,SSD-WLC-HCM28,SSD for wireless controller,270.34,WiFi-Controller-HCM-28,Office Floor 1 - HCM-28,26,Network Engineer,PRT-HCM28-0697,Cisco
698,PoE Injector,72.8,Network,false,POE-AP-HCM28,802.3at PoE injector,74.62,Access-Point-HCM-28,Office Floor 2 - HCM-28,10,Network Engineer,PRT-HCM28-0698,Aruba
699,GPU Accelerator,12490.41,Server,false,GPU-A100-HCM28,NVIDIA A100 Tensor Core GPU,13030.83,AI-Analytics-Server-HCM-28,Lab A - HCM-28,12,AI Specialist,PRT-HCM28-0699,NVIDIA
700,Capture SSD,470.52,Network,false,SSD-NMA-HCM28,High-write SSD for packet capture,467.54,Monitoring-Appliance-HCM-28,Workshop - HCM-28,7,Network Engineer,PRT-HCM28-0700,Fluke
701,SSD Module,457.02,Network,false,SSD-OBS-DN29,Enterprise SSD for monitoring appliance,455.86,Monitoring-System-DN-29,Infrastructure Site - DN-29,12,Network Engineer,PRT-DN29-0701,SolarWinds
702,Cisco Line Card,8167.86,Network,false,LC-ASR-DN29,100G line card for ASR series router,8232.29,Core-Router-DN-29,Network Operations Center (NOC) - DN-29,55,Network Engineer,PRT-DN29-0702,Cisco
703,RAID Drive,372.7,Security,false,DRV-VMS-DN29,12TB surveillance-rated HDD,390.23,Security-VMS-Server-DN-29,Security Operations Center (SOC) - DN-29,25,Security Officer,PRT-DN29-0703,Milestone
704,Server Memory Kit,630.28,Server,false,RAM-R750-DN29,64GB DDR4 RDIMM memory kit,635.03,Virtualization-Host-DN-29,Server Room A - DN-29,11,System Administrator,PRT-DN29-0704,Dell
705,NVMe SSD,1235.29,Server,false,SSD-AFF-DN29,Enterprise NVMe SSD for storage array,1256.88,Storage-Array-DN-29,Server Room B - DN-29,11,Storage Administrator,PRT-DN29-0705,NetApp
706,Juniper Transceiver,251.57,Network,false,SFP-EX-DN29,10G SFP+ transceiver,254.8,Access-Switch-DN-29,Network Closet - DN-29,50,Network Engineer,PRT-DN29-0706,Juniper
707,Access Card,11.86,Security,true,CARD-N2-DN29,Proximity access card,12.16,Access-Control-Panel-DN-29,Access Control Room - DN-29,49,Security Officer,PRT-DN29-0707,Paxton
708,Surveillance HDD,302.64,Security,false,HDD-NVR-DN29,8TB surveillance hard drive,294.63,NVR-DN-29,Video Surveillance Room - DN-29,6,Security Officer,PRT-DN29-0708,Hikvision
709,UPS Battery Module,436.15,Power,false,BATT-SRT-DN29,Replacement battery cartridge,456.1,UPS-DN-29,UPS Room - DN-29,19,Electrician,PRT-DN29-0709,APC
710,Contactor Kit,664.02,Power,false,CTK-ATS-DN29,Replacement contactor set for ATS panel,649.75,ATS-Panel-DN-29,Electrical Room - DN-29,16,Electrician,PRT-DN29-0710,Schneider Electric
711,Air Filter Kit,89.24,Cooling,true,FLT-PDX-DN29,Precision cooling filter pack,87.72,CRAC-Unit-DN-29,HVAC Plant - DN-29,302,HVAC Technician,PRT-DN29-0711,Vertiv
712,Generator Service Kit,168.94,Power,true,SVK-GEN-DN29,"Oil, air and fuel filter service kit",164.41,Generator-DN-29,Generator Yard - DN-29,113,Electrician,PRT-DN29-0712,Cummins
713,Camera Module,140.68,Security,false,CAM-KSK-DN29,Replacement facial recognition camera,139.88,Visitor-Kiosk-DN-29,Reception - DN-29,26,Security Officer,PRT-DN29-0713,ZKTeco
714,Mounting Bracket,56.44,Security,false,MBR-CAM-DN29,Outdoor mounting bracket,56.91,Loading-Bay-Camera-DN-29,Loading Bay - DN-29,7,Security Officer,PRT-DN29-0714,Hikvision
715,Radio Mount Kit,110.24,Network,false,MKT-IP20-DN29,Microwave radio mounting kit,115.64,Microwave-Radio-DN-29,Roof - DN-29,19,Field Technician,PRT-DN29-0715,Ceragon
716,LC Connector Pack,19.07,Cabling,true,LC-CONN-DN29,Single-mode LC connector pack,19.69,Fiber-Patch-Panel-DN-29,IDF Room 1 - DN-29,24,Cabling Technician,PRT-DN29-0716,Corning
717,Power Supply Module,368.41,Network,false,PSU-C93-DN29,Replacement switch power supply,379.62,Edge-Switch-DN-29,IDF Room 2 - DN-29,14,Network Engineer,PRT-DN29-0717,Cisco
718,RF Jumper Cable,83.88,Cellular,true,RFC-AIR-DN29,Low-loss RF jumper cable,85.13,5G-Antenna-DN-29,Telecom Mast - DN-29,370,Field Technician,PRT-DN29-0718,Ericsson
719,Timing Module,755.48,Cellular,false,TIM-BBU-DN29,Synchronization module for BBU,765.16,Baseband-Unit-DN-29,Base Station - DN-29,11,Field Technician,PRT-DN29-0719,Nokia
720,Surge Protector,67.03,Cellular,true,SPD-RRU-DN29,Outdoor RF surge protector,69.97,Radio-Unit-DN-29,Antenna Array - DN-29,319,Field Technician,PRT-DN29-0720,Ericsson
721,Antenna Kit,48.89,Facilities,false,ANT-IOT-DN29,LTE antenna kit for gateway,47.67,Sensor-Gateway-DN-29,Storage Room - DN-29,21,Facilities Supervisor,PRT-DN29-0721,Advantech
722,Controller SSD,266.19,Network,false,SSD-WLC-DN29,SSD for wireless controller,265.34,WiFi-Controller-DN-29,Office Floor 1 - DN-29,22,Network Engineer,PRT-DN29-0722,Cisco
723,PoE Injector,72.1,Network,false,POE-AP-DN29,802.3at PoE injector,72.02,Access-Point-DN-29,Office Floor 2 - DN-29,38,Network Engineer,PRT-DN29-0723,Aruba
724,GPU Accelerator,11866.16,Server,false,GPU-A100-DN29,NVIDIA A100 Tensor Core GPU,12124.82,AI-Analytics-Server-DN-29,Lab A - DN-29,8,AI Specialist,PRT-DN29-0724,NVIDIA
725,Capture SSD,479.35,Network,false,SSD-NMA-DN29,High-write SSD for packet capture,479.41,Monitoring-Appliance-DN-29,Workshop - DN-29,18,Network Engineer,PRT-DN29-0725,Fluke
726,SSD Module,456.02,Network,false,SSD-OBS-HP30,Enterprise SSD for monitoring appliance,452.45,Monitoring-System-HP-30,Infrastructure Site - HP-30,19,Network Engineer,PRT-HP30-0726,SolarWinds
727,Cisco Line Card,7966.99,Network,false,LC-ASR-HP30,100G line card for ASR series router,8006.61,Core-Router-HP-30,Network Operations Center (NOC) - HP-30,24,Network Engineer,PRT-HP30-0727,Cisco
728,RAID Drive,356.13,Security,false,DRV-VMS-HP30,12TB surveillance-rated HDD,360.7,Security-VMS-Server-HP-30,Security Operations Center (SOC) - HP-30,5,Security Officer,PRT-HP30-0728,Milestone
729,Server Memory Kit,641.78,Server,false,RAM-R750-HP30,64GB DDR4 RDIMM memory kit,637.12,Virtualization-Host-HP-30,Server Room A - HP-30,8,System Administrator,PRT-HP30-0729,Dell
730,NVMe SSD,1250.37,Server,false,SSD-AFF-HP30,Enterprise NVMe SSD for storage array,1230.05,Storage-Array-HP-30,Server Room B - HP-30,7,Storage Administrator,PRT-HP30-0730,NetApp
731,Juniper Transceiver,244.38,Network,false,SFP-EX-HP30,10G SFP+ transceiver,256.1,Access-Switch-HP-30,Network Closet - HP-30,55,Network Engineer,PRT-HP30-0731,Juniper
732,Access Card,11.92,Security,true,CARD-N2-HP30,Proximity access card,11.72,Access-Control-Panel-HP-30,Access Control Room - HP-30,98,Security Officer,PRT-HP30-0732,Paxton
733,Surveillance HDD,306.22,Security,false,HDD-NVR-HP30,8TB surveillance hard drive,307.96,NVR-HP-30,Video Surveillance Room - HP-30,8,Security Officer,PRT-HP30-0733,Hikvision
734,UPS Battery Module,387.95,Power,false,BATT-SRT-HP30,Replacement battery cartridge,400.05,UPS-HP-30,UPS Room - HP-30,7,Electrician,PRT-HP30-0734,APC
735,Contactor Kit,685.17,Power,false,CTK-ATS-HP30,Replacement contactor set for ATS panel,697.87,ATS-Panel-HP-30,Electrical Room - HP-30,12,Electrician,PRT-HP30-0735,Schneider Electric
736,Air Filter Kit,93.17,Cooling,true,FLT-PDX-HP30,Precision cooling filter pack,96.91,CRAC-Unit-HP-30,HVAC Plant - HP-30,22,HVAC Technician,PRT-HP30-0736,Vertiv
737,Generator Service Kit,176.57,Power,true,SVK-GEN-HP30,"Oil, air and fuel filter service kit",178.21,Generator-HP-30,Generator Yard - HP-30,380,Electrician,PRT-HP30-0737,Cummins
738,Camera Module,132.34,Security,false,CAM-KSK-HP30,Replacement facial recognition camera,130.69,Visitor-Kiosk-HP-30,Reception - HP-30,19,Security Officer,PRT-HP30-0738,ZKTeco
739,Mounting Bracket,56.82,Security,false,MBR-CAM-HP30,Outdoor mounting bracket,55.84,Loading-Bay-Camera-HP-30,Loading Bay - HP-30,20,Security Officer,PRT-HP30-0739,Hikvision
740,Radio Mount Kit,106.1,Network,false,MKT-IP20-HP30,Microwave radio mounting kit,110.69,Microwave-Radio-HP-30,Roof - HP-30,8,Field Technician,PRT-HP30-0740,Ceragon
741,LC Connector Pack,17.24,Cabling,true,LC-CONN-HP30,Single-mode LC connector pack,17.84,Fiber-Patch-Panel-HP-30,IDF Room 1 - HP-30,110,Cabling Technician,PRT-HP30-0741,Corning
742,Power Supply Module,363.08,Network,false,PSU-C93-HP30,Replacement switch power supply,362.9,Edge-Switch-HP-30,IDF Room 2 - HP-30,15,Network Engineer,PRT-HP30-0742,Cisco
743,RF Jumper Cable,85.18,Cellular,true,RFC-AIR-HP30,Low-loss RF jumper cable,82.77,5G-Antenna-HP-30,Telecom Mast - HP-30,268,Field Technician,PRT-HP30-0743,Ericsson
744,Timing Module,825.14,Cellular,false,TIM-BBU-HP30,Synchronization module for BBU,855.46,Baseband-Unit-HP-30,Base Station - HP-30,19,Field Technician,PRT-HP30-0744,Nokia
745,Surge Protector,66.46,Cellular,true,SPD-RRU-HP30,Outdoor RF surge protector,68.48,Radio-Unit-HP-30,Antenna Array - HP-30,44,Field Technician,PRT-HP30-0745,Ericsson
746,Antenna Kit,48.32,Facilities,false,ANT-IOT-HP30,LTE antenna kit for gateway,48.43,Sensor-Gateway-HP-30,Storage Room - HP-30,17,Facilities Supervisor,PRT-HP30-0746,Advantech
747,Controller SSD,265.08,Network,false,SSD-WLC-HP30,SSD for wireless controller,275.32,WiFi-Controller-HP-30,Office Floor 1 - HP-30,5,Network Engineer,PRT-HP30-0747,Cisco
748,PoE Injector,68.61,Network,false,POE-AP-HP30,802.3at PoE injector,68.6,Access-Point-HP-30,Office Floor 2 - HP-30,24,Network Engineer,PRT-HP30-0748,Aruba
749,GPU Accelerator,12399.88,Server,false,GPU-A100-HP30,NVIDIA A100 Tensor Core GPU,12613.59,AI-Analytics-Server-HP-30,Lab A - HP-30,12,AI Specialist,PRT-HP30-0749,NVIDIA
750,Capture SSD,489.84,Network,false,SSD-NMA-HP30,High-write SSD for packet capture,490.79,Monitoring-Appliance-HP-30,Workshop - HP-30,23,Network Engineer,PRT-HP30-0750,Fluke
751,SSD Module,431.67,Network,false,SSD-OBS-CT31,Enterprise SSD for monitoring appliance,423.74,Monitoring-System-CT-31,Infrastructure Site - CT-31,21,Network Engineer,PRT-CT31-0751,SolarWinds
752,Cisco Line Card,7926.25,Network,false,LC-ASR-CT31,100G line card for ASR series router,7874.85,Core-Router-CT-31,Network Operations Center (NOC) - CT-31,56,Network Engineer,PRT-CT31-0752,Cisco
753,RAID Drive,369.75,Security,false,DRV-VMS-CT31,12TB surveillance-rated HDD,367.84,Security-VMS-Server-CT-31,Security Operations Center (SOC) - CT-31,17,Security Officer,PRT-CT31-0753,Milestone
754,Server Memory Kit,592.09,Server,false,RAM-R750-CT31,64GB DDR4 RDIMM memory kit,599.01,Virtualization-Host-CT-31,Server Room A - CT-31,1,System Administrator,PRT-CT31-0754,Dell
755,NVMe SSD,1113.78,Server,false,SSD-AFF-CT31,Enterprise NVMe SSD for storage array,1126.43,Storage-Array-CT-31,Server Room B - CT-31,2,Storage Administrator,PRT-CT31-0755,NetApp
756,Juniper Transceiver,223.38,Network,false,SFP-EX-CT31,10G SFP+ transceiver,233.98,Access-Switch-CT-31,Network Closet - CT-31,56,Network Engineer,PRT-CT31-0756,Juniper
757,Access Card,11.78,Security,true,CARD-N2-CT31,Proximity access card,11.8,Access-Control-Panel-CT-31,Access Control Room - CT-31,31,Security Officer,PRT-CT31-0757,Paxton
758,Surveillance HDD,292.18,Security,false,HDD-NVR-CT31,8TB surveillance hard drive,289.38,NVR-CT-31,Video Surveillance Room - CT-31,30,Security Officer,PRT-CT31-0758,Hikvision
759,UPS Battery Module,401.12,Power,false,BATT-SRT-CT31,Replacement battery cartridge,418.46,UPS-CT-31,UPS Room - CT-31,6,Electrician,PRT-CT31-0759,APC
760,Contactor Kit,658.01,Power,false,CTK-ATS-CT31,Replacement contactor set for ATS panel,667.12,ATS-Panel-CT-31,Electrical Room - CT-31,29,Electrician,PRT-CT31-0760,Schneider Electric
761,Air Filter Kit,99.65,Cooling,true,FLT-PDX-CT31,Precision cooling filter pack,102.87,CRAC-Unit-CT-31,HVAC Plant - CT-31,135,HVAC Technician,PRT-CT31-0761,Vertiv
762,Generator Service Kit,188.69,Power,true,SVK-GEN-CT31,"Oil, air and fuel filter service kit",186.92,Generator-CT-31,Generator Yard - CT-31,85,Electrician,PRT-CT31-0762,Cummins
763,Camera Module,138.04,Security,false,CAM-KSK-CT31,Replacement facial recognition camera,138.32,Visitor-Kiosk-CT-31,Reception - CT-31,19,Security Officer,PRT-CT31-0763,ZKTeco
764,Mounting Bracket,58.75,Security,false,MBR-CAM-CT31,Outdoor mounting bracket,57.25,Loading-Bay-Camera-CT-31,Loading Bay - CT-31,13,Security Officer,PRT-CT31-0764,Hikvision
765,Radio Mount Kit,105.35,Network,false,MKT-IP20-CT31,Microwave radio mounting kit,109.6,Microwave-Radio-CT-31,Roof - CT-31,16,Field Technician,PRT-CT31-0765,Ceragon
766,LC Connector Pack,17.53,Cabling,true,LC-CONN-CT31,Single-mode LC connector pack,17.84,Fiber-Patch-Panel-CT-31,IDF Room 1 - CT-31,313,Cabling Technician,PRT-CT31-0766,Corning
767,Power Supply Module,368.52,Network,false,PSU-C93-CT31,Replacement switch power supply,386.71,Edge-Switch-CT-31,IDF Room 2 - CT-31,4,Network Engineer,PRT-CT31-0767,Cisco
768,RF Jumper Cable,87.26,Cellular,true,RFC-AIR-CT31,Low-loss RF jumper cable,85.25,5G-Antenna-CT-31,Telecom Mast - CT-31,94,Field Technician,PRT-CT31-0768,Ericsson
769,Timing Module,820.11,Cellular,false,TIM-BBU-CT31,Synchronization module for BBU,808.12,Baseband-Unit-CT-31,Base Station - CT-31,6,Field Technician,PRT-CT31-0769,Nokia
770,Surge Protector,68.45,Cellular,true,SPD-RRU-CT31,Outdoor RF surge protector,67.95,Radio-Unit-CT-31,Antenna Array - CT-31,43,Field Technician,PRT-CT31-0770,Ericsson
771,Antenna Kit,45.88,Facilities,false,ANT-IOT-CT31,LTE antenna kit for gateway,45.54,Sensor-Gateway-CT-31,Storage Room - CT-31,13,Facilities Supervisor,PRT-CT31-0771,Advantech
772,Controller SSD,294.1,Network,false,SSD-WLC-CT31,SSD for wireless controller,295.11,WiFi-Controller-CT-31,Office Floor 1 - CT-31,30,Network Engineer,PRT-CT31-0772,Cisco
773,PoE Injector,74.2,Network,false,POE-AP-CT31,802.3at PoE injector,72.85,Access-Point-CT-31,Office Floor 2 - CT-31,32,Network Engineer,PRT-CT31-0773,Aruba
774,GPU Accelerator,12937.28,Server,false,GPU-A100-CT31,NVIDIA A100 Tensor Core GPU,12999.73,AI-Analytics-Server-CT-31,Lab A - CT-31,2,AI Specialist,PRT-CT31-0774,NVIDIA
775,Capture SSD,481.97,Network,false,SSD-NMA-CT31,High-write SSD for packet capture,474.9,Monitoring-Appliance-CT-31,Workshop - CT-31,3,Network Engineer,PRT-CT31-0775,Fluke
776,SSD Module,476.11,Network,false,SSD-OBS-BD32,Enterprise SSD for monitoring appliance,478.95,Monitoring-System-BD-32,Infrastructure Site - BD-32,27,Network Engineer,PRT-BD32-0776,SolarWinds
777,Cisco Line Card,8385.49,Network,false,LC-ASR-BD32,100G line card for ASR series router,8460.55,Core-Router-BD-32,Network Operations Center (NOC) - BD-32,25,Network Engineer,PRT-BD32-0777,Cisco
778,RAID Drive,375.01,Security,false,DRV-VMS-BD32,12TB surveillance-rated HDD,386.88,Security-VMS-Server-BD-32,Security Operations Center (SOC) - BD-32,21,Security Officer,PRT-BD32-0778,Milestone
779,Server Memory Kit,585.06,Server,false,RAM-R750-BD32,64GB DDR4 RDIMM memory kit,599.35,Virtualization-Host-BD-32,Server Room A - BD-32,28,System Administrator,PRT-BD32-0779,Dell
780,NVMe SSD,1191.35,Server,false,SSD-AFF-BD32,Enterprise NVMe SSD for storage array,1224.15,Storage-Array-BD-32,Server Room B - BD-32,9,Storage Administrator,PRT-BD32-0780,NetApp
781,Juniper Transceiver,252.65,Network,false,SFP-EX-BD32,10G SFP+ transceiver,253.51,Access-Switch-BD-32,Network Closet - BD-32,33,Network Engineer,PRT-BD32-0781,Juniper
782,Access Card,11.62,Security,true,CARD-N2-BD32,Proximity access card,11.87,Access-Control-Panel-BD-32,Access Control Room - BD-32,29,Security Officer,PRT-BD32-0782,Paxton
783,Surveillance HDD,310.97,Security,false,HDD-NVR-BD32,8TB surveillance hard drive,312.82,NVR-BD-32,Video Surveillance Room - BD-32,13,Security Officer,PRT-BD32-0783,Hikvision
784,UPS Battery Module,419.77,Power,false,BATT-SRT-BD32,Replacement battery cartridge,426.66,UPS-BD-32,UPS Room - BD-32,18,Electrician,PRT-BD32-0784,APC
785,Contactor Kit,669.25,Power,false,CTK-ATS-BD32,Replacement contactor set for ATS panel,653.44,ATS-Panel-BD-32,Electrical Room - BD-32,21,Electrician,PRT-BD32-0785,Schneider Electric
786,Air Filter Kit,93.72,Cooling,true,FLT-PDX-BD32,Precision cooling filter pack,97.7,CRAC-Unit-BD-32,HVAC Plant - BD-32,114,HVAC Technician,PRT-BD32-0786,Vertiv
787,Generator Service Kit,190.17,Power,true,SVK-GEN-BD32,"Oil, air and fuel filter service kit",184.51,Generator-BD-32,Generator Yard - BD-32,132,Electrician,PRT-BD32-0787,Cummins
788,Camera Module,140.24,Security,false,CAM-KSK-BD32,Replacement facial recognition camera,141.43,Visitor-Kiosk-BD-32,Reception - BD-32,20,Security Officer,PRT-BD32-0788,ZKTeco
789,Mounting Bracket,58.92,Security,false,MBR-CAM-BD32,Outdoor mounting bracket,60.57,Loading-Bay-Camera-BD-32,Loading Bay - BD-32,30,Security Officer,PRT-BD32-0789,Hikvision
790,Radio Mount Kit,118.64,Network,false,MKT-IP20-BD32,Microwave radio mounting kit,122.27,Microwave-Radio-BD-32,Roof - BD-32,12,Field Technician,PRT-BD32-0790,Ceragon
791,LC Connector Pack,17.17,Cabling,true,LC-CONN-BD32,Single-mode LC connector pack,16.92,Fiber-Patch-Panel-BD-32,IDF Room 1 - BD-32,336,Cabling Technician,PRT-BD32-0791,Corning
792,Power Supply Module,349.76,Network,false,PSU-C93-BD32,Replacement switch power supply,349.59,Edge-Switch-BD-32,IDF Room 2 - BD-32,6,Network Engineer,PRT-BD32-0792,Cisco
793,RF Jumper Cable,87.02,Cellular,true,RFC-AIR-BD32,Low-loss RF jumper cable,87.3,5G-Antenna-BD-32,Telecom Mast - BD-32,13,Field Technician,PRT-BD32-0793,Ericsson
794,Timing Module,734.54,Cellular,false,TIM-BBU-BD32,Synchronization module for BBU,741.56,Baseband-Unit-BD-32,Base Station - BD-32,18,Field Technician,PRT-BD32-0794,Nokia
795,Surge Protector,60.2,Cellular,true,SPD-RRU-BD32,Outdoor RF surge protector,58.91,Radio-Unit-BD-32,Antenna Array - BD-32,163,Field Technician,PRT-BD32-0795,Ericsson
796,Antenna Kit,49.83,Facilities,false,ANT-IOT-BD32,LTE antenna kit for gateway,49.96,Sensor-Gateway-BD-32,Storage Room - BD-32,1,Facilities Supervisor,PRT-BD32-0796,Advantech
797,Controller SSD,261.86,Network,false,SSD-WLC-BD32,SSD for wireless controller,259.54,WiFi-Controller-BD-32,Office Floor 1 - BD-32,11,Network Engineer,PRT-BD32-0797,Cisco
798,PoE Injector,67.5,Network,false,POE-AP-BD32,802.3at PoE injector,70.02,Access-Point-BD-32,Office Floor 2 - BD-32,39,Network Engineer,PRT-BD32-0798,Aruba
799,GPU Accelerator,13290.65,Server,false,GPU-A100-BD32,NVIDIA A100 Tensor Core GPU,13691.82,AI-Analytics-Server-BD-32,Lab A - BD-32,1,AI Specialist,PRT-BD32-0799,NVIDIA
800,Capture SSD,476.9,Network,false,SSD-NMA-BD32,High-write SSD for packet capture,498.63,Monitoring-Appliance-BD-32,Workshop - BD-32,1,Network Engineer,PRT-BD32-0800,Fluke
801,SSD Module,456.54,Network,false,SSD-OBS-HN33,Enterprise SSD for monitoring appliance,463.34,Monitoring-System-HN-33,Infrastructure Site - HN-33,26,Network Engineer,PRT-HN33-0801,SolarWinds
802,Cisco Line Card,8117.05,Network,false,LC-ASR-HN33,100G line card for ASR series router,8333.39,Core-Router-HN-33,Network Operations Center (NOC) - HN-33,14,Network Engineer,PRT-HN33-0802,Cisco
803,RAID Drive,379.55,Security,false,DRV-VMS-HN33,12TB surveillance-rated HDD,375.39,Security-VMS-Server-HN-33,Security Operations Center (SOC) - HN-33,14,Security Officer,PRT-HN33-0803,Milestone
804,Server Memory Kit,666.99,Server,false,RAM-R750-HN33,64GB DDR4 RDIMM memory kit,668.94,Virtualization-Host-HN-33,Server Room A - HN-33,19,System Administrator,PRT-HN33-0804,Dell
805,NVMe SSD,1104.28,Server,false,SSD-AFF-HN33,Enterprise NVMe SSD for storage array,1081.28,Storage-Array-HN-33,Server Room B - HN-33,10,Storage Administrator,PRT-HN33-0805,NetApp
806,Juniper Transceiver,259.13,Network,false,SFP-EX-HN33,10G SFP+ transceiver,266.8,Access-Switch-HN-33,Network Closet - HN-33,50,Network Engineer,PRT-HN33-0806,Juniper
807,Access Card,12.29,Security,true,CARD-N2-HN33,Proximity access card,12.63,Access-Control-Panel-HN-33,Access Control Room - HN-33,366,Security Officer,PRT-HN33-0807,Paxton
808,Surveillance HDD,307.11,Security,false,HDD-NVR-HN33,8TB surveillance hard drive,305.89,NVR-HN-33,Video Surveillance Room - HN-33,14,Security Officer,PRT-HN33-0808,Hikvision
809,UPS Battery Module,399.03,Power,false,BATT-SRT-HN33,Replacement battery cartridge,408.32,UPS-HN-33,UPS Room - HN-33,22,Electrician,PRT-HN33-0809,APC
810,Contactor Kit,652.53,Power,false,CTK-ATS-HN33,Replacement contactor set for ATS panel,643.59,ATS-Panel-HN-33,Electrical Room - HN-33,4,Electrician,PRT-HN33-0810,Schneider Electric
811,Air Filter Kit,92.69,Cooling,true,FLT-PDX-HN33,Precision cooling filter pack,94.68,CRAC-Unit-HN-33,HVAC Plant - HN-33,240,HVAC Technician,PRT-HN33-0811,Vertiv
812,Generator Service Kit,166.09,Power,true,SVK-GEN-HN33,"Oil, air and fuel filter service kit",164.23,Generator-HN-33,Generator Yard - HN-33,258,Electrician,PRT-HN33-0812,Cummins
813,Camera Module,148.11,Security,false,CAM-KSK-HN33,Replacement facial recognition camera,149.79,Visitor-Kiosk-HN-33,Reception - HN-33,10,Security Officer,PRT-HN33-0813,ZKTeco
814,Mounting Bracket,58.13,Security,false,MBR-CAM-HN33,Outdoor mounting bracket,59.06,Loading-Bay-Camera-HN-33,Loading Bay - HN-33,30,Security Officer,PRT-HN33-0814,Hikvision
815,Radio Mount Kit,104.6,Network,false,MKT-IP20-HN33,Microwave radio mounting kit,102.37,Microwave-Radio-HN-33,Roof - HN-33,10,Field Technician,PRT-HN33-0815,Ceragon
816,LC Connector Pack,16.84,Cabling,true,LC-CONN-HN33,Single-mode LC connector pack,16.97,Fiber-Patch-Panel-HN-33,IDF Room 1 - HN-33,110,Cabling Technician,PRT-HN33-0816,Corning
817,Power Supply Module,386.35,Network,false,PSU-C93-HN33,Replacement switch power supply,375.27,Edge-Switch-HN-33,IDF Room 2 - HN-33,8,Network Engineer,PRT-HN33-0817,Cisco
818,RF Jumper Cable,83.81,Cellular,true,RFC-AIR-HN33,Low-loss RF jumper cable,87.97,5G-Antenna-HN-33,Telecom Mast - HN-33,47,Field Technician,PRT-HN33-0818,Ericsson
819,Timing Module,749.61,Cellular,false,TIM-BBU-HN33,Synchronization module for BBU,782.18,Baseband-Unit-HN-33,Base Station - HN-33,14,Field Technician,PRT-HN33-0819,Nokia
820,Surge Protector,65.38,Cellular,true,SPD-RRU-HN33,Outdoor RF surge protector,66.71,Radio-Unit-HN-33,Antenna Array - HN-33,399,Field Technician,PRT-HN33-0820,Ericsson
821,Antenna Kit,50.98,Facilities,false,ANT-IOT-HN33,LTE antenna kit for gateway,49.85,Sensor-Gateway-HN-33,Storage Room - HN-33,17,Facilities Supervisor,PRT-HN33-0821,Advantech
822,Controller SSD,264.96,Network,false,SSD-WLC-HN33,SSD for wireless controller,272.67,WiFi-Controller-HN-33,Office Floor 1 - HN-33,21,Network Engineer,PRT-HN33-0822,Cisco
823,PoE Injector,67.02,Network,false,POE-AP-HN33,802.3at PoE injector,65.25,Access-Point-HN-33,Office Floor 2 - HN-33,15,Network Engineer,PRT-HN33-0823,Aruba
824,GPU Accelerator,12737.29,Server,false,GPU-A100-HN33,NVIDIA A100 Tensor Core GPU,12387.26,AI-Analytics-Server-HN-33,Lab A - HN-33,12,AI Specialist,PRT-HN33-0824,NVIDIA
825,Capture SSD,507.86,Network,false,SSD-NMA-HN33,High-write SSD for packet capture,492.93,Monitoring-Appliance-HN-33,Workshop - HN-33,12,Network Engineer,PRT-HN33-0825,Fluke
826,SSD Module,421.81,Network,false,SSD-OBS-HN34,Enterprise SSD for monitoring appliance,416.89,Monitoring-System-HN-34,Infrastructure Site - HN-34,27,Network Engineer,PRT-HN34-0826,SolarWinds
827,Cisco Line Card,9116.92,Network,false,LC-ASR-HN34,100G line card for ASR series router,9153.31,Core-Router-HN-34,Network Operations Center (NOC) - HN-34,43,Network Engineer,PRT-HN34-0827,Cisco
828,RAID Drive,361.53,Security,false,DRV-VMS-HN34,12TB surveillance-rated HDD,359.23,Security-VMS-Server-HN-34,Security Operations Center (SOC) - HN-34,25,Security Officer,PRT-HN34-0828,Milestone
829,Server Memory Kit,643.51,Server,false,RAM-R750-HN34,64GB DDR4 RDIMM memory kit,651.67,Virtualization-Host-HN-34,Server Room A - HN-34,28,System Administrator,PRT-HN34-0829,Dell
830,NVMe SSD,1207.49,Server,false,SSD-AFF-HN34,Enterprise NVMe SSD for storage array,1193.66,Storage-Array-HN-34,Server Room B - HN-34,3,Storage Administrator,PRT-HN34-0830,NetApp
831,Juniper Transceiver,230.83,Network,false,SFP-EX-HN34,10G SFP+ transceiver,234.04,Access-Switch-HN-34,Network Closet - HN-34,56,Network Engineer,PRT-HN34-0831,Juniper
832,Access Card,12.03,Security,true,CARD-N2-HN34,Proximity access card,12.28,Access-Control-Panel-HN-34,Access Control Room - HN-34,46,Security Officer,PRT-HN34-0832,Paxton
833,Surveillance HDD,302.32,Security,false,HDD-NVR-HN34,8TB surveillance hard drive,312.11,NVR-HN-34,Video Surveillance Room - HN-34,25,Security Officer,PRT-HN34-0833,Hikvision
834,UPS Battery Module,450.45,Power,false,BATT-SRT-HN34,Replacement battery cartridge,440.48,UPS-HN-34,UPS Room - HN-34,26,Electrician,PRT-HN34-0834,APC
835,Contactor Kit,630.54,Power,false,CTK-ATS-HN34,Replacement contactor set for ATS panel,645.53,ATS-Panel-HN-34,Electrical Room - HN-34,26,Electrician,PRT-HN34-0835,Schneider Electric
836,Air Filter Kit,91.77,Cooling,true,FLT-PDX-HN34,Precision cooling filter pack,92.85,CRAC-Unit-HN-34,HVAC Plant - HN-34,49,HVAC Technician,PRT-HN34-0836,Vertiv
837,Generator Service Kit,182.86,Power,true,SVK-GEN-HN34,"Oil, air and fuel filter service kit",177.41,Generator-HN-34,Generator Yard - HN-34,143,Electrician,PRT-HN34-0837,Cummins
838,Camera Module,131.55,Security,false,CAM-KSK-HN34,Replacement facial recognition camera,131.95,Visitor-Kiosk-HN-34,Reception - HN-34,26,Security Officer,PRT-HN34-0838,ZKTeco
839,Mounting Bracket,53.9,Security,false,MBR-CAM-HN34,Outdoor mounting bracket,52.47,Loading-Bay-Camera-HN-34,Loading Bay - HN-34,23,Security Officer,PRT-HN34-0839,Hikvision
840,Radio Mount Kit,109.3,Network,false,MKT-IP20-HN34,Microwave radio mounting kit,109.12,Microwave-Radio-HN-34,Roof - HN-34,1,Field Technician,PRT-HN34-0840,Ceragon
841,LC Connector Pack,19.23,Cabling,true,LC-CONN-HN34,Single-mode LC connector pack,19.99,Fiber-Patch-Panel-HN-34,IDF Room 1 - HN-34,139,Cabling Technician,PRT-HN34-0841,Corning
842,Power Supply Module,359.91,Network,false,PSU-C93-HN34,Replacement switch power supply,375.92,Edge-Switch-HN-34,IDF Room 2 - HN-34,37,Network Engineer,PRT-HN34-0842,Cisco
843,RF Jumper Cable,87.67,Cellular,true,RFC-AIR-HN34,Low-loss RF jumper cable,89.39,5G-Antenna-HN-34,Telecom Mast - HN-34,161,Field Technician,PRT-HN34-0843,Ericsson
844,Timing Module,812.01,Cellular,false,TIM-BBU-HN34,Synchronization module for BBU,796.13,Baseband-Unit-HN-34,Base Station - HN-34,24,Field Technician,PRT-HN34-0844,Nokia
845,Surge Protector,68.88,Cellular,true,SPD-RRU-HN34,Outdoor RF surge protector,71.35,Radio-Unit-HN-34,Antenna Array - HN-34,159,Field Technician,PRT-HN34-0845,Ericsson
846,Antenna Kit,50.22,Facilities,false,ANT-IOT-HN34,LTE antenna kit for gateway,51.61,Sensor-Gateway-HN-34,Storage Room - HN-34,12,Facilities Supervisor,PRT-HN34-0846,Advantech
847,Controller SSD,261.39,Network,false,SSD-WLC-HN34,SSD for wireless controller,261.44,WiFi-Controller-HN-34,Office Floor 1 - HN-34,14,Network Engineer,PRT-HN34-0847,Cisco
848,PoE Injector,66.4,Network,false,POE-AP-HN34,802.3at PoE injector,69.62,Access-Point-HN-34,Office Floor 2 - HN-34,25,Network Engineer,PRT-HN34-0848,Aruba
849,GPU Accelerator,11977.63,Server,false,GPU-A100-HN34,NVIDIA A100 Tensor Core GPU,12496.49,AI-Analytics-Server-HN-34,Lab A - HN-34,4,AI Specialist,PRT-HN34-0849,NVIDIA
850,Capture SSD,487.31,Network,false,SSD-NMA-HN34,High-write SSD for packet capture,478.2,Monitoring-Appliance-HN-34,Workshop - HN-34,4,Network Engineer,PRT-HN34-0850,Fluke
851,SSD Module,456.72,Network,false,SSD-OBS-HCM35,Enterprise SSD for monitoring appliance,466.07,Monitoring-System-HCM-35,Infrastructure Site - HCM-35,7,Network Engineer,PRT-HCM35-0851,SolarWinds
852,Cisco Line Card,9020.04,Network,false,LC-ASR-HCM35,100G line card for ASR series router,9366.28,Core-Router-HCM-35,Network Operations Center (NOC) - HCM-35,50,Network Engineer,PRT-HCM35-0852,Cisco
853,RAID Drive,401.79,Security,false,DRV-VMS-HCM35,12TB surveillance-rated HDD,414.77,Security-VMS-Server-HCM-35,Security Operations Center (SOC) - HCM-35,24,Security Officer,PRT-HCM35-0853,Milestone
854,Server Memory Kit,628.54,Server,false,RAM-R750-HCM35,64GB DDR4 RDIMM memory kit,626.51,Virtualization-Host-HCM-35,Server Room A - HCM-35,14,System Administrator,PRT-HCM35-0854,Dell
855,NVMe SSD,1244.02,Server,false,SSD-AFF-HCM35,Enterprise NVMe SSD for storage array,1288.61,Storage-Array-HCM-35,Server Room B - HCM-35,10,Storage Administrator,PRT-HCM35-0855,NetApp
856,Juniper Transceiver,254.82,Network,false,SFP-EX-HCM35,10G SFP+ transceiver,248.73,Access-Switch-HCM-35,Network Closet - HCM-35,42,Network Engineer,PRT-HCM35-0856,Juniper
857,Access Card,12.65,Security,true,CARD-N2-HCM35,Proximity access card,12.86,Access-Control-Panel-HCM-35,Access Control Room - HCM-35,397,Security Officer,PRT-HCM35-0857,Paxton
858,Surveillance HDD,270.21,Security,false,HDD-NVR-HCM35,8TB surveillance hard drive,271.86,NVR-HCM-35,Video Surveillance Room - HCM-35,11,Security Officer,PRT-HCM35-0858,Hikvision
859,UPS Battery Module,421.32,Power,false,BATT-SRT-HCM35,Replacement battery cartridge,422.41,UPS-HCM-35,UPS Room - HCM-35,24,Electrician,PRT-HCM35-0859,APC
860,Contactor Kit,652.01,Power,false,CTK-ATS-HCM35,Replacement contactor set for ATS panel,637.46,ATS-Panel-HCM-35,Electrical Room - HCM-35,24,Electrician,PRT-HCM35-0860,Schneider Electric
861,Air Filter Kit,93.45,Cooling,true,FLT-PDX-HCM35,Precision cooling filter pack,95.18,CRAC-Unit-HCM-35,HVAC Plant - HCM-35,400,HVAC Technician,PRT-HCM35-0861,Vertiv
862,Generator Service Kit,191.45,Power,true,SVK-GEN-HCM35,"Oil, air and fuel filter service kit",191.15,Generator-HCM-35,Generator Yard - HCM-35,230,Electrician,PRT-HCM35-0862,Cummins
863,Camera Module,133.52,Security,false,CAM-KSK-HCM35,Replacement facial recognition camera,135.12,Visitor-Kiosk-HCM-35,Reception - HCM-35,9,Security Officer,PRT-HCM35-0863,ZKTeco
864,Mounting Bracket,59.27,Security,false,MBR-CAM-HCM35,Outdoor mounting bracket,61.19,Loading-Bay-Camera-HCM-35,Loading Bay - HCM-35,11,Security Officer,PRT-HCM35-0864,Hikvision
865,Radio Mount Kit,103.0,Network,false,MKT-IP20-HCM35,Microwave radio mounting kit,102.97,Microwave-Radio-HCM-35,Roof - HCM-35,23,Field Technician,PRT-HCM35-0865,Ceragon
866,LC Connector Pack,18.87,Cabling,true,LC-CONN-HCM35,Single-mode LC connector pack,18.74,Fiber-Patch-Panel-HCM-35,IDF Room 1 - HCM-35,103,Cabling Technician,PRT-HCM35-0866,Corning
867,Power Supply Module,348.27,Network,false,PSU-C93-HCM35,Replacement switch power supply,353.22,Edge-Switch-HCM-35,IDF Room 2 - HCM-35,42,Network Engineer,PRT-HCM35-0867,Cisco
868,RF Jumper Cable,81.58,Cellular,true,RFC-AIR-HCM35,Low-loss RF jumper cable,81.28,5G-Antenna-HCM-35,Telecom Mast - HCM-35,62,Field Technician,PRT-HCM35-0868,Ericsson
869,Timing Module,828.74,Cellular,false,TIM-BBU-HCM35,Synchronization module for BBU,811.06,Baseband-Unit-HCM-35,Base Station - HCM-35,27,Field Technician,PRT-HCM35-0869,Nokia
870,Surge Protector,64.04,Cellular,true,SPD-RRU-HCM35,Outdoor RF surge protector,65.7,Radio-Unit-HCM-35,Antenna Array - HCM-35,295,Field Technician,PRT-HCM35-0870,Ericsson
871,Antenna Kit,49.91,Facilities,false,ANT-IOT-HCM35,LTE antenna kit for gateway,49.65,Sensor-Gateway-HCM-35,Storage Room - HCM-35,24,Facilities Supervisor,PRT-HCM35-0871,Advantech
872,Controller SSD,263.81,Network,false,SSD-WLC-HCM35,SSD for wireless controller,274.82,WiFi-Controller-HCM-35,Office Floor 1 - HCM-35,25,Network Engineer,PRT-HCM35-0872,Cisco
873,PoE Injector,69.26,Network,false,POE-AP-HCM35,802.3at PoE injector,67.35,Access-Point-HCM-35,Office Floor 2 - HCM-35,55,Network Engineer,PRT-HCM35-0873,Aruba
874,GPU Accelerator,12189.43,Server,false,GPU-A100-HCM35,NVIDIA A100 Tensor Core GPU,12438.44,AI-Analytics-Server-HCM-35,Lab A - HCM-35,4,AI Specialist,PRT-HCM35-0874,NVIDIA
875,Capture SSD,515.83,Network,false,SSD-NMA-HCM35,High-write SSD for packet capture,540.82,Monitoring-Appliance-HCM-35,Workshop - HCM-35,25,Network Engineer,PRT-HCM35-0875,Fluke
876,SSD Module,431.32,Network,false,SSD-OBS-HCM36,Enterprise SSD for monitoring appliance,445.86,Monitoring-System-HCM-36,Infrastructure Site - HCM-36,10,Network Engineer,PRT-HCM36-0876,SolarWinds
877,Cisco Line Card,7828.86,Network,false,LC-ASR-HCM36,100G line card for ASR series router,8127.74,Core-Router-HCM-36,Network Operations Center (NOC) - HCM-36,31,Network Engineer,PRT-HCM36-0877,Cisco
878,RAID Drive,361.89,Security,false,DRV-VMS-HCM36,12TB surveillance-rated HDD,353.38,Security-VMS-Server-HCM-36,Security Operations Center (SOC) - HCM-36,7,Security Officer,PRT-HCM36-0878,Milestone
879,Server Memory Kit,632.88,Server,false,RAM-R750-HCM36,64GB DDR4 RDIMM memory kit,617.6,Virtualization-Host-HCM-36,Server Room A - HCM-36,24,System Administrator,PRT-HCM36-0879,Dell
880,NVMe SSD,1224.38,Server,false,SSD-AFF-HCM36,Enterprise NVMe SSD for storage array,1192.58,Storage-Array-HCM-36,Server Room B - HCM-36,6,Storage Administrator,PRT-HCM36-0880,NetApp
881,Juniper Transceiver,231.61,Network,false,SFP-EX-HCM36,10G SFP+ transceiver,227.67,Access-Switch-HCM-36,Network Closet - HCM-36,49,Network Engineer,PRT-HCM36-0881,Juniper
882,Access Card,12.57,Security,true,CARD-N2-HCM36,Proximity access card,12.95,Access-Control-Panel-HCM-36,Access Control Room - HCM-36,261,Security Officer,PRT-HCM36-0882,Paxton
883,Surveillance HDD,285.23,Security,false,HDD-NVR-HCM36,8TB surveillance hard drive,288.63,NVR-HCM-36,Video Surveillance Room - HCM-36,18,Security Officer,PRT-HCM36-0883,Hikvision
884,UPS Battery Module,449.38,Power,false,BATT-SRT-HCM36,Replacement battery cartridge,470.2,UPS-HCM-36,UPS Room - HCM-36,11,Electrician,PRT-HCM36-0884,APC
885,Contactor Kit,646.28,Power,false,CTK-ATS-HCM36,Replacement contactor set for ATS panel,637.49,ATS-Panel-HCM-36,Electrical Room - HCM-36,29,Electrician,PRT-HCM36-0885,Schneider Electric
886,Air Filter Kit,89.41,Cooling,true,FLT-PDX-HCM36,Precision cooling filter pack,90.28,CRAC-Unit-HCM-36,HVAC Plant - HCM-36,303,HVAC Technician,PRT-HCM36-0886,Vertiv
887,Generator Service Kit,174.44,Power,true,SVK-GEN-HCM36,"Oil, air and fuel filter service kit",177.48,Generator-HCM-36,Generator Yard - HCM-36,381,Electrician,PRT-HCM36-0887,Cummins
888,Camera Module,133.39,Security,false,CAM-KSK-HCM36,Replacement facial recognition camera,132.06,Visitor-Kiosk-HCM-36,Reception - HCM-36,4,Security Officer,PRT-HCM36-0888,ZKTeco
889,Mounting Bracket,52.1,Security,false,MBR-CAM-HCM36,Outdoor mounting bracket,51.31,Loading-Bay-Camera-HCM-36,Loading Bay - HCM-36,1,Security Officer,PRT-HCM36-0889,Hikvision
890,Radio Mount Kit,111.28,Network,false,MKT-IP20-HCM36,Microwave radio mounting kit,110.97,Microwave-Radio-HCM-36,Roof - HCM-36,27,Field Technician,PRT-HCM36-0890,Ceragon
891,LC Connector Pack,19.0,Cabling,true,LC-CONN-HCM36,Single-mode LC connector pack,18.7,Fiber-Patch-Panel-HCM-36,IDF Room 1 - HCM-36,358,Cabling Technician,PRT-HCM36-0891,Corning
892,Power Supply Module,376.45,Network,false,PSU-C93-HCM36,Replacement switch power supply,382.88,Edge-Switch-HCM-36,IDF Room 2 - HCM-36,50,Network Engineer,PRT-HCM36-0892,Cisco
893,RF Jumper Cable,81.41,Cellular,true,RFC-AIR-HCM36,Low-loss RF jumper cable,81.6,5G-Antenna-HCM-36,Telecom Mast - HCM-36,85,Field Technician,PRT-HCM36-0893,Ericsson
894,Timing Module,745.54,Cellular,false,TIM-BBU-HCM36,Synchronization module for BBU,744.01,Baseband-Unit-HCM-36,Base Station - HCM-36,22,Field Technician,PRT-HCM36-0894,Nokia
895,Surge Protector,70.08,Cellular,true,SPD-RRU-HCM36,Outdoor RF surge protector,73.24,Radio-Unit-HCM-36,Antenna Array - HCM-36,361,Field Technician,PRT-HCM36-0895,Ericsson
896,Antenna Kit,44.72,Facilities,false,ANT-IOT-HCM36,LTE antenna kit for gateway,45.42,Sensor-Gateway-HCM-36,Storage Room - HCM-36,11,Facilities Supervisor,PRT-HCM36-0896,Advantech
897,Controller SSD,281.53,Network,false,SSD-WLC-HCM36,SSD for wireless controller,288.45,WiFi-Controller-HCM-36,Office Floor 1 - HCM-36,8,Network Engineer,PRT-HCM36-0897,Cisco
898,PoE Injector,75.06,Network,false,POE-AP-HCM36,802.3at PoE injector,76.96,Access-Point-HCM-36,Office Floor 2 - HCM-36,18,Network Engineer,PRT-HCM36-0898,Aruba
899,GPU Accelerator,13192.27,Server,false,GPU-A100-HCM36,NVIDIA A100 Tensor Core GPU,13440.0,AI-Analytics-Server-HCM-36,Lab A - HCM-36,9,AI Specialist,PRT-HCM36-0899,NVIDIA
900,Capture SSD,525.93,Network,false,SSD-NMA-HCM36,High-write SSD for packet capture,528.73,Monitoring-Appliance-HCM-36,Workshop - HCM-36,12,Network Engineer,PRT-HCM36-0900,Fluke
901,SSD Module,481.24,Network,false,SSD-OBS-DN37,Enterprise SSD for monitoring appliance,484.21,Monitoring-System-DN-37,Infrastructure Site - DN-37,13,Network Engineer,PRT-DN37-0901,SolarWinds
902,Cisco Line Card,8557.09,Network,false,LC-ASR-DN37,100G line card for ASR series router,8887.07,Core-Router-DN-37,Network Operations Center (NOC) - DN-37,40,Network Engineer,PRT-DN37-0902,Cisco
903,RAID Drive,384.67,Security,false,DRV-VMS-DN37,12TB surveillance-rated HDD,388.33,Security-VMS-Server-DN-37,Security Operations Center (SOC) - DN-37,24,Security Officer,PRT-DN37-0903,Milestone
904,Server Memory Kit,636.23,Server,false,RAM-R750-DN37,64GB DDR4 RDIMM memory kit,661.31,Virtualization-Host-DN-37,Server Room A - DN-37,25,System Administrator,PRT-DN37-0904,Dell
905,NVMe SSD,1157.68,Server,false,SSD-AFF-DN37,Enterprise NVMe SSD for storage array,1173.13,Storage-Array-DN-37,Server Room B - DN-37,12,Storage Administrator,PRT-DN37-0905,NetApp
906,Juniper Transceiver,252.54,Network,false,SFP-EX-DN37,10G SFP+ transceiver,257.31,Access-Switch-DN-37,Network Closet - DN-37,15,Network Engineer,PRT-DN37-0906,Juniper
907,Access Card,12.88,Security,true,CARD-N2-DN37,Proximity access card,13.45,Access-Control-Panel-DN-37,Access Control Room - DN-37,62,Security Officer,PRT-DN37-0907,Paxton
908,Surveillance HDD,300.32,Security,false,HDD-NVR-DN37,8TB surveillance hard drive,313.71,NVR-DN-37,Video Surveillance Room - DN-37,6,Security Officer,PRT-DN37-0908,Hikvision
909,UPS Battery Module,422.0,Power,false,BATT-SRT-DN37,Replacement battery cartridge,435.73,UPS-DN-37,UPS Room - DN-37,12,Electrician,PRT-DN37-0909,APC
910,Contactor Kit,651.97,Power,false,CTK-ATS-DN37,Replacement contactor set for ATS panel,682.29,ATS-Panel-DN-37,Electrical Room - DN-37,28,Electrician,PRT-DN37-0910,Schneider Electric
911,Air Filter Kit,92.06,Cooling,true,FLT-PDX-DN37,Precision cooling filter pack,93.89,CRAC-Unit-DN-37,HVAC Plant - DN-37,355,HVAC Technician,PRT-DN37-0911,Vertiv
912,Generator Service Kit,173.35,Power,true,SVK-GEN-DN37,"Oil, air and fuel filter service kit",168.67,Generator-DN-37,Generator Yard - DN-37,196,Electrician,PRT-DN37-0912,Cummins
913,Camera Module,133.65,Security,false,CAM-KSK-DN37,Replacement facial recognition camera,131.5,Visitor-Kiosk-DN-37,Reception - DN-37,20,Security Officer,PRT-DN37-0913,ZKTeco
914,Mounting Bracket,51.0,Security,false,MBR-CAM-DN37,Outdoor mounting bracket,53.39,Loading-Bay-Camera-DN-37,Loading Bay - DN-37,9,Security Officer,PRT-DN37-0914,Hikvision
915,Radio Mount Kit,110.51,Network,false,MKT-IP20-DN37,Microwave radio mounting kit,116.02,Microwave-Radio-DN-37,Roof - DN-37,23,Field Technician,PRT-DN37-0915,Ceragon
916,LC Connector Pack,16.58,Cabling,true,LC-CONN-DN37,Single-mode LC connector pack,16.56,Fiber-Patch-Panel-DN-37,IDF Room 1 - DN-37,130,Cabling Technician,PRT-DN37-0916,Corning
917,Power Supply Module,377.8,Network,false,PSU-C93-DN37,Replacement switch power supply,390.93,Edge-Switch-DN-37,IDF Room 2 - DN-37,31,Network Engineer,PRT-DN37-0917,Cisco
918,RF Jumper Cable,84.21,Cellular,true,RFC-AIR-DN37,Low-loss RF jumper cable,83.7,5G-Antenna-DN-37,Telecom Mast - DN-37,95,Field Technician,PRT-DN37-0918,Ericsson
919,Timing Module,785.16,Cellular,false,TIM-BBU-DN37,Synchronization module for BBU,782.93,Baseband-Unit-DN-37,Base Station - DN-37,19,Field Technician,PRT-DN37-0919,Nokia
920,Surge Protector,61.14,Cellular,true,SPD-RRU-DN37,Outdoor RF surge protector,63.99,Radio-Unit-DN-37,Antenna Array - DN-37,70,Field Technician,PRT-DN37-0920,Ericsson
921,Antenna Kit,44.49,Facilities,false,ANT-IOT-DN37,LTE antenna kit for gateway,46.01,Sensor-Gateway-DN-37,Storage Room - DN-37,12,Facilities Supervisor,PRT-DN37-0921,Advantech
922,Controller SSD,266.93,Network,false,SSD-WLC-DN37,SSD for wireless controller,265.84,WiFi-Controller-DN-37,Office Floor 1 - DN-37,16,Network Engineer,PRT-DN37-0922,Cisco
923,PoE Injector,70.28,Network,false,POE-AP-DN37,802.3at PoE injector,70.32,Access-Point-DN-37,Office Floor 2 - DN-37,41,Network Engineer,PRT-DN37-0923,Aruba
924,GPU Accelerator,11799.41,Server,false,GPU-A100-DN37,NVIDIA A100 Tensor Core GPU,11451.44,AI-Analytics-Server-DN-37,Lab A - DN-37,6,AI Specialist,PRT-DN37-0924,NVIDIA
925,Capture SSD,534.92,Network,false,SSD-NMA-DN37,High-write SSD for packet capture,526.27,Monitoring-Appliance-DN-37,Workshop - DN-37,18,Network Engineer,PRT-DN37-0925,Fluke
926,SSD Module,414.51,Network,false,SSD-OBS-HP38,Enterprise SSD for monitoring appliance,412.18,Monitoring-System-HP-38,Infrastructure Site - HP-38,3,Network Engineer,PRT-HP38-0926,SolarWinds
927,Cisco Line Card,8176.85,Network,false,LC-ASR-HP38,100G line card for ASR series router,8036.31,Core-Router-HP-38,Network Operations Center (NOC) - HP-38,49,Network Engineer,PRT-HP38-0927,Cisco
928,RAID Drive,374.16,Security,false,DRV-VMS-HP38,12TB surveillance-rated HDD,384.08,Security-VMS-Server-HP-38,Security Operations Center (SOC) - HP-38,22,Security Officer,PRT-HP38-0928,Milestone
929,Server Memory Kit,632.67,Server,false,RAM-R750-HP38,64GB DDR4 RDIMM memory kit,638.18,Virtualization-Host-HP-38,Server Room A - HP-38,13,System Administrator,PRT-HP38-0929,Dell
930,NVMe SSD,1244.07,Server,false,SSD-AFF-HP38,Enterprise NVMe SSD for storage array,1245.82,Storage-Array-HP-38,Server Room B - HP-38,9,Storage Administrator,PRT-HP38-0930,NetApp
931,Juniper Transceiver,245.97,Network,false,SFP-EX-HP38,10G SFP+ transceiver,257.61,Access-Switch-HP-38,Network Closet - HP-38,57,Network Engineer,PRT-HP38-0931,Juniper
932,Access Card,12.87,Security,true,CARD-N2-HP38,Proximity access card,13.24,Access-Control-Panel-HP-38,Access Control Room - HP-38,177,Security Officer,PRT-HP38-0932,Paxton
933,Surveillance HDD,299.39,Security,false,HDD-NVR-HP38,8TB surveillance hard drive,296.27,NVR-HP-38,Video Surveillance Room - HP-38,19,Security Officer,PRT-HP38-0933,Hikvision
934,UPS Battery Module,435.93,Power,false,BATT-SRT-HP38,Replacement battery cartridge,453.63,UPS-HP-38,UPS Room - HP-38,8,Electrician,PRT-HP38-0934,APC
935,Contactor Kit,661.57,Power,false,CTK-ATS-HP38,Replacement contactor set for ATS panel,680.09,ATS-Panel-HP-38,Electrical Room - HP-38,6,Electrician,PRT-HP38-0935,Schneider Electric
936,Air Filter Kit,92.43,Cooling,true,FLT-PDX-HP38,Precision cooling filter pack,94.59,CRAC-Unit-HP-38,HVAC Plant - HP-38,315,HVAC Technician,PRT-HP38-0936,Vertiv
937,Generator Service Kit,169.36,Power,true,SVK-GEN-HP38,"Oil, air and fuel filter service kit",164.66,Generator-HP-38,Generator Yard - HP-38,355,Electrician,PRT-HP38-0937,Cummins
938,Camera Module,145.85,Security,false,CAM-KSK-HP38,Replacement facial recognition camera,147.18,Visitor-Kiosk-HP-38,Reception - HP-38,26,Security Officer,PRT-HP38-0938,ZKTeco
939,Mounting Bracket,52.22,Security,false,MBR-CAM-HP38,Outdoor mounting bracket,53.32,Loading-Bay-Camera-HP-38,Loading Bay - HP-38,13,Security Officer,PRT-HP38-0939,Hikvision
940,Radio Mount Kit,106.84,Network,false,MKT-IP20-HP38,Microwave radio mounting kit,107.57,Microwave-Radio-HP-38,Roof - HP-38,12,Field Technician,PRT-HP38-0940,Ceragon
941,LC Connector Pack,18.47,Cabling,true,LC-CONN-HP38,Single-mode LC connector pack,18.05,Fiber-Patch-Panel-HP-38,IDF Room 1 - HP-38,111,Cabling Technician,PRT-HP38-0941,Corning
942,Power Supply Module,355.14,Network,false,PSU-C93-HP38,Replacement switch power supply,357.84,Edge-Switch-HP-38,IDF Room 2 - HP-38,17,Network Engineer,PRT-HP38-0942,Cisco
943,RF Jumper Cable,81.02,Cellular,true,RFC-AIR-HP38,Low-loss RF jumper cable,79.35,5G-Antenna-HP-38,Telecom Mast - HP-38,361,Field Technician,PRT-HP38-0943,Ericsson
944,Timing Module,732.07,Cellular,false,TIM-BBU-HP38,Synchronization module for BBU,732.51,Baseband-Unit-HP-38,Base Station - HP-38,4,Field Technician,PRT-HP38-0944,Nokia
945,Surge Protector,67.7,Cellular,true,SPD-RRU-HP38,Outdoor RF surge protector,70.72,Radio-Unit-HP-38,Antenna Array - HP-38,111,Field Technician,PRT-HP38-0945,Ericsson
946,Antenna Kit,49.16,Facilities,false,ANT-IOT-HP38,LTE antenna kit for gateway,50.3,Sensor-Gateway-HP-38,Storage Room - HP-38,10,Facilities Supervisor,PRT-HP38-0946,Advantech
947,Controller SSD,292.98,Network,false,SSD-WLC-HP38,SSD for wireless controller,300.2,WiFi-Controller-HP-38,Office Floor 1 - HP-38,21,Network Engineer,PRT-HP38-0947,Cisco
948,PoE Injector,68.06,Network,false,POE-AP-HP38,802.3at PoE injector,66.75,Access-Point-HP-38,Office Floor 2 - HP-38,42,Network Engineer,PRT-HP38-0948,Aruba
949,GPU Accelerator,12943.15,Server,false,GPU-A100-HP38,NVIDIA A100 Tensor Core GPU,13424.27,AI-Analytics-Server-HP-38,Lab A - HP-38,2,AI Specialist,PRT-HP38-0949,NVIDIA
950,Capture SSD,536.4,Network,false,SSD-NMA-HP38,High-write SSD for packet capture,553.62,Monitoring-Appliance-HP-38,Workshop - HP-38,8,Network Engineer,PRT-HP38-0950,Fluke
951,SSD Module,437.52,Network,false,SSD-OBS-CT39,Enterprise SSD for monitoring appliance,437.23,Monitoring-System-CT-39,Infrastructure Site - CT-39,10,Network Engineer,PRT-CT39-0951,SolarWinds
952,Cisco Line Card,9085.05,Network,false,LC-ASR-CT39,100G line card for ASR series router,9119.55,Core-Router-CT-39,Network Operations Center (NOC) - CT-39,27,Network Engineer,PRT-CT39-0952,Cisco
953,RAID Drive,393.31,Security,false,DRV-VMS-CT39,12TB surveillance-rated HDD,411.84,Security-VMS-Server-CT-39,Security Operations Center (SOC) - CT-39,14,Security Officer,PRT-CT39-0953,Milestone
954,Server Memory Kit,634.89,Server,false,RAM-R750-CT39,64GB DDR4 RDIMM memory kit,661.61,Virtualization-Host-CT-39,Server Room A - CT-39,11,System Administrator,PRT-CT39-0954,Dell
955,NVMe SSD,1127.94,Server,false,SSD-AFF-CT39,Enterprise NVMe SSD for storage array,1149.7,Storage-Array-CT-39,Server Room B - CT-39,7,Storage Administrator,PRT-CT39-0955,NetApp
956,Juniper Transceiver,235.04,Network,false,SFP-EX-CT39,10G SFP+ transceiver,239.09,Access-Switch-CT-39,Network Closet - CT-39,53,Network Engineer,PRT-CT39-0956,Juniper
957,Access Card,11.87,Security,true,CARD-N2-CT39,Proximity access card,11.62,Access-Control-Panel-CT-39,Access Control Room - CT-39,294,Security Officer,PRT-CT39-0957,Paxton
958,Surveillance HDD,279.61,Security,false,HDD-NVR-CT39,8TB surveillance hard drive,292.32,NVR-CT-39,Video Surveillance Room - CT-39,16,Security Officer,PRT-CT39-0958,Hikvision
959,UPS Battery Module,416.49,Power,false,BATT-SRT-CT39,Replacement battery cartridge,408.93,UPS-CT-39,UPS Room - CT-39,1,Electrician,PRT-CT39-0959,APC
960,Contactor Kit,603.6,Power,false,CTK-ATS-CT39,Replacement contactor set for ATS panel,619.91,ATS-Panel-CT-39,Electrical Room - CT-39,11,Electrician,PRT-CT39-0960,Schneider Electric
961,Air Filter Kit,89.14,Cooling,true,FLT-PDX-CT39,Precision cooling filter pack,87.86,CRAC-Unit-CT-39,HVAC Plant - CT-39,18,HVAC Technician,PRT-CT39-0961,Vertiv
962,Generator Service Kit,182.77,Power,true,SVK-GEN-CT39,"Oil, air and fuel filter service kit",184.54,Generator-CT-39,Generator Yard - CT-39,114,Electrician,PRT-CT39-0962,Cummins
963,Camera Module,147.58,Security,false,CAM-KSK-CT39,Replacement facial recognition camera,153.65,Visitor-Kiosk-CT-39,Reception - CT-39,14,Security Officer,PRT-CT39-0963,ZKTeco
964,Mounting Bracket,54.15,Security,false,MBR-CAM-CT39,Outdoor mounting bracket,54.37,Loading-Bay-Camera-CT-39,Loading Bay - CT-39,10,Security Officer,PRT-CT39-0964,Hikvision
965,Radio Mount Kit,112.93,Network,false,MKT-IP20-CT39,Microwave radio mounting kit,110.67,Microwave-Radio-CT-39,Roof - CT-39,9,Field Technician,PRT-CT39-0965,Ceragon
966,LC Connector Pack,18.21,Cabling,true,LC-CONN-CT39,Single-mode LC connector pack,18.13,Fiber-Patch-Panel-CT-39,IDF Room 1 - CT-39,351,Cabling Technician,PRT-CT39-0966,Corning
967,Power Supply Module,333.38,Network,false,PSU-C93-CT39,Replacement switch power supply,339.11,Edge-Switch-CT-39,IDF Room 2 - CT-39,45,Network Engineer,PRT-CT39-0967,Cisco
968,RF Jumper Cable,80.9,Cellular,true,RFC-AIR-CT39,Low-loss RF jumper cable,82.3,5G-Antenna-CT-39,Telecom Mast - CT-39,360,Field Technician,PRT-CT39-0968,Ericsson
969,Timing Module,736.13,Cellular,false,TIM-BBU-CT39,Synchronization module for BBU,742.6,Baseband-Unit-CT-39,Base Station - CT-39,2,Field Technician,PRT-CT39-0969,Nokia
970,Surge Protector,66.77,Cellular,true,SPD-RRU-CT39,Outdoor RF surge protector,67.94,Radio-Unit-CT-39,Antenna Array - CT-39,308,Field Technician,PRT-CT39-0970,Ericsson
971,Antenna Kit,45.23,Facilities,false,ANT-IOT-CT39,LTE antenna kit for gateway,44.65,Sensor-Gateway-CT-39,Storage Room - CT-39,2,Facilities Supervisor,PRT-CT39-0971,Advantech
972,Controller SSD,287.2,Network,false,SSD-WLC-CT39,SSD for wireless controller,293.73,WiFi-Controller-CT-39,Office Floor 1 - CT-39,21,Network Engineer,PRT-CT39-0972,Cisco
973,PoE Injector,74.31,Network,false,POE-AP-CT39,802.3at PoE injector,76.72,Access-Point-CT-39,Office Floor 2 - CT-39,32,Network Engineer,PRT-CT39-0973,Aruba
974,GPU Accelerator,13355.61,Server,false,GPU-A100-CT39,NVIDIA A100 Tensor Core GPU,13497.94,AI-Analytics-Server-CT-39,Lab A - CT-39,2,AI Specialist,PRT-CT39-0974,NVIDIA
975,Capture SSD,511.79,Network,false,SSD-NMA-CT39,High-write SSD for packet capture,526.63,Monitoring-Appliance-CT-39,Workshop - CT-39,8,Network Engineer,PRT-CT39-0975,Fluke
976,SSD Module,432.68,Network,false,SSD-OBS-BD40,Enterprise SSD for monitoring appliance,421.32,Monitoring-System-BD-40,Infrastructure Site - BD-40,16,Network Engineer,PRT-BD40-0976,SolarWinds
977,Cisco Line Card,8586.26,Network,false,LC-ASR-BD40,100G line card for ASR series router,8534.44,Core-Router-BD-40,Network Operations Center (NOC) - BD-40,29,Network Engineer,PRT-BD40-0977,Cisco
978,RAID Drive,390.36,Security,false,DRV-VMS-BD40,12TB surveillance-rated HDD,396.13,Security-VMS-Server-BD-40,Security Operations Center (SOC) - BD-40,17,Security Officer,PRT-BD40-0978,Milestone
979,Server Memory Kit,641.17,Server,false,RAM-R750-BD40,64GB DDR4 RDIMM memory kit,635.2,Virtualization-Host-BD-40,Server Room A - BD-40,26,System Administrator,PRT-BD40-0979,Dell
980,NVMe SSD,1137.99,Server,false,SSD-AFF-BD40,Enterprise NVMe SSD for storage array,1129.72,Storage-Array-BD-40,Server Room B - BD-40,12,Storage Administrator,PRT-BD40-0980,NetApp
981,Juniper Transceiver,250.71,Network,false,SFP-EX-BD40,10G SFP+ transceiver,252.42,Access-Switch-BD-40,Network Closet - BD-40,55,Network Engineer,PRT-BD40-0981,Juniper
982,Access Card,12.09,Security,true,CARD-N2-BD40,Proximity access card,12.42,Access-Control-Panel-BD-40,Access Control Room - BD-40,323,Security Officer,PRT-BD40-0982,Paxton
983,Surveillance HDD,273.4,Security,false,HDD-NVR-BD40,8TB surveillance hard drive,286.66,NVR-BD-40,Video Surveillance Room - BD-40,12,Security Officer,PRT-BD40-0983,Hikvision
984,UPS Battery Module,404.27,Power,false,BATT-SRT-BD40,Replacement battery cartridge,405.08,UPS-BD-40,UPS Room - BD-40,23,Electrician,PRT-BD40-0984,APC
985,Contactor Kit,639.1,Power,false,CTK-ATS-BD40,Replacement contactor set for ATS panel,627.66,ATS-Panel-BD-40,Electrical Room - BD-40,25,Electrician,PRT-BD40-0985,Schneider Electric
986,Air Filter Kit,90.66,Cooling,true,FLT-PDX-BD40,Precision cooling filter pack,93.96,CRAC-Unit-BD-40,HVAC Plant - BD-40,310,HVAC Technician,PRT-BD40-0986,Vertiv
987,Generator Service Kit,191.36,Power,true,SVK-GEN-BD40,"Oil, air and fuel filter service kit",190.85,Generator-BD-40,Generator Yard - BD-40,137,Electrician,PRT-BD40-0987,Cummins
988,Camera Module,136.87,Security,false,CAM-KSK-BD40,Replacement facial recognition camera,143.23,Visitor-Kiosk-BD-40,Reception - BD-40,25,Security Officer,PRT-BD40-0988,ZKTeco
989,Mounting Bracket,58.28,Security,false,MBR-CAM-BD40,Outdoor mounting bracket,59.78,Loading-Bay-Camera-BD-40,Loading Bay - BD-40,9,Security Officer,PRT-BD40-0989,Hikvision
990,Radio Mount Kit,103.43,Network,false,MKT-IP20-BD40,Microwave radio mounting kit,102.47,Microwave-Radio-BD-40,Roof - BD-40,18,Field Technician,PRT-BD40-0990,Ceragon
991,LC Connector Pack,16.79,Cabling,true,LC-CONN-BD40,Single-mode LC connector pack,16.65,Fiber-Patch-Panel-BD-40,IDF Room 1 - BD-40,274,Cabling Technician,PRT-BD40-0991,Corning
992,Power Supply Module,377.55,Network,false,PSU-C93-BD40,Replacement switch power supply,373.75,Edge-Switch-BD-40,IDF Room 2 - BD-40,41,Network Engineer,PRT-BD40-0992,Cisco
993,RF Jumper Cable,86.2,Cellular,true,RFC-AIR-BD40,Low-loss RF jumper cable,90.37,5G-Antenna-BD-40,Telecom Mast - BD-40,347,Field Technician,PRT-BD40-0993,Ericsson
994,Timing Module,828.57,Cellular,false,TIM-BBU-BD40,Synchronization module for BBU,806.66,Baseband-Unit-BD-40,Base Station - BD-40,4,Field Technician,PRT-BD40-0994,Nokia
995,Surge Protector,67.63,Cellular,true,SPD-RRU-BD40,Outdoor RF surge protector,68.6,Radio-Unit-BD-40,Antenna Array - BD-40,212,Field Technician,PRT-BD40-0995,Ericsson
996,Antenna Kit,46.16,Facilities,false,ANT-IOT-BD40,LTE antenna kit for gateway,46.15,Sensor-Gateway-BD-40,Storage Room - BD-40,2,Facilities Supervisor,PRT-BD40-0996,Advantech
997,Controller SSD,281.36,Network,false,SSD-WLC-BD40,SSD for wireless controller,285.98,WiFi-Controller-BD-40,Office Floor 1 - BD-40,6,Network Engineer,PRT-BD40-0997,Cisco
998,PoE Injector,74.05,Network,false,POE-AP-BD40,802.3at PoE injector,75.46,Access-Point-BD-40,Office Floor 2 - BD-40,31,Network Engineer,PRT-BD40-0998,Aruba
999,GPU Accelerator,11528.71,Server,false,GPU-A100-BD40,NVIDIA A100 Tensor Core GPU,11911.93,AI-Analytics-Server-BD-40,Lab A - BD-40,5,AI Specialist,PRT-BD40-0999,NVIDIA
1000,Capture SSD,515.81,Network,false,SSD-NMA-BD40,High-write SSD for packet capture,532.63,Monitoring-Appliance-BD-40,Workshop - BD-40,10,Network Engineer,PRT-BD40-1000,Fluke
