title,status,priority,description,due_date,estimated_duration,asset_id,total_cost,created_at,updated_at,requires_signature,category,location_name,team_name,primary_user,assigned_to,asset_name,completed_by,completed_on,archived,feedback,contractors,date_created
Calibrate monitoring thresholds - Monitoring-System-HN-01,DONE,HIGH,"Calibrate monitoring thresholds for SolarWinds Hybrid Cloud Observability Appliance installed at Infrastructure Site - HN-01. Assigned owner: Network Engineer. Include functional checks, log review, and required remedial actions if deviations are found.",2025-06-11,2.0,1,150.0,2025-05-27 16:20:00,2025-05-30 18:20:00,true,Calibration,Infrastructure Site - HN-01,Network Operations,Network Engineer,,Monitoring-System-HN-01,Minh Tran,2025-05-30 18:20:00,false,Task completed successfully. Asset is operating within expected thresholds.,,2025-05-27 16:20:00
Quarterly preventive maintenance on core router - Core-Router-HN-01,DONE,HIGH,"Quarterly preventive maintenance on core router for Cisco ASR 9904 Core Router installed at Network Operations Center (NOC) - HN-01. Assigned owner: Network Engineer. Include functional checks, log review, and required remedial actions if deviations are found.",2025-12-17,4.0,2,350.0,2025-12-10 14:19:00,2025-12-11 16:19:00,false,Network Maintenance,Network Operations Center (NOC) - HN-01,Network Operations,Network Engineer,,Core-Router-HN-01,Quoc Pham,2025-12-11 16:19:00,false,Maintenance completed successfully. Router performance and routing tables are stable.,,2025-12-10 14:19:00
Review VMS storage health and recording retention - Security-VMS-Server-HN-01,IN_PROGRESS,MEDIUM,"Review vms storage health and recording retention for Milestone Husky IVO 350R Video Management Server installed at Security Operations Center (SOC) - HN-01. Assigned owner: Security Officer. Include functional checks, log review, and required remedial actions if deviations are found.",2025-09-02,6.0,3,600.0,2025-06-26 07:39:00,2025-06-26 11:39:00,false,Security Maintenance,Security Operations Center (SOC) - HN-01,Security Operations,Security Officer,,Security-VMS-Server-HN-01,,,false,,,2025-06-26 07:39:00
Patch hypervisor host and validate cluster health - Virtualization-Host-HN-01,OPEN,LOW,"Patch hypervisor host and validate cluster health for Dell PowerEdge R750 Virtualization Host installed at Server Room A - HN-01. Assigned owner: System Administrator. Include functional checks, log review, and required remedial actions if deviations are found.",2025-04-06,1.0,4,112.5,2025-02-03 08:34:00,2025-02-03 13:34:00,false,Server Maintenance,Server Room A - HN-01,Server Operations,System Administrator,,Virtualization-Host-HN-01,,,false,,,2025-02-03 08:34:00
Inspect storage array alerts and firmware status - Storage-Array-HN-01,DONE,HIGH,"Inspect storage array alerts and firmware status for NetApp AFF A250 Storage Array installed at Server Room B - HN-01. Assigned owner: Storage Administrator. Include functional checks, log review, and required remedial actions if deviations are found.",2025-04-06,3.0,5,375.0,2025-03-17 06:57:00,2025-03-23 12:57:00,false,Server Maintenance,Server Room B - HN-01,Server Operations,Storage Administrator,,Storage-Array-HN-01,Nhat Le,2025-03-23 12:57:00,true,Inspection completed and no critical issues were found.,,2025-03-17 06:57:00
Validate switch port configuration and error counters - Access-Switch-HN-01,DONE,LOW,"Validate switch port configuration and error counters for Juniper EX4300 Access Switch installed at Network Closet - HN-01. Assigned owner: Network Engineer. Include functional checks, log review, and required remedial actions if deviations are found.",2025-10-19,3.0,6,412.5,2025-10-01 21:32:00,2025-10-19 21:32:00,false,Network Maintenance,Network Closet - HN-01,Network Operations,Network Engineer,,Access-Switch-HN-01,Anh Hoang,2025-10-19 21:32:00,false,Task completed successfully. Asset is operating within expected thresholds.,,2025-10-01 21:32:00
Update access control firmware and credential sync - Access-Control-Panel-HN-01,OPEN,URGENT,"Update access control firmware and credential sync for Paxton Net2 Plus Access Control Panel installed at Access Control Room - HN-01. Assigned owner: Security Officer. Include functional checks, log review, and required remedial actions if deviations are found.",2025-08-20,1.0,7,150.0,2025-05-30 02:42:00,2025-05-30 10:42:00,true,Security Maintenance,Access Control Room - HN-01,Security Operations,Security Officer,,Access-Control-Panel-HN-01,,,false,,,2025-05-30 02:42:00
Inspect NVR recording capacity and camera retention - NVR-HN-01,DONE,MEDIUM,"Inspect nvr recording capacity and camera retention for Hikvision DS-9632NI-M8 Network Video Recorder installed at Video Surveillance Room - HN-01. Assigned owner: Security Officer. Include functional checks, log review, and required remedial actions if deviations are found.",2025-06-22,2.0,8,325.0,2025-05-25 02:59:00,2025-06-06 09:59:00,false,Security Maintenance,Video Surveillance Room - HN-01,Security Operations,Security Officer,,NVR-HN-01,Ha Tran,2025-06-06 09:59:00,true,Corrective action implemented and follow-up checks were satisfactory.,,2025-05-25 02:59:00
Perform UPS battery health check and load test - UPS-HN-01,DONE,MEDIUM,"Perform ups battery health check and load test for APC Smart-UPS SRT 3000VA installed at UPS Room - HN-01. Assigned owner: Electrician. Include functional checks, log review, and required remedial actions if deviations are found.",2025-05-03,8.0,9,600.0,2025-04-07 08:21:00,2025-04-19 13:21:00,false,Power Maintenance,UPS Room - HN-01,Facilities,Electrician,,UPS-HN-01,Phong Pham,2025-04-19 13:21:00,false,UPS battery strings passed the load test and runtime remained within target.,,2025-04-07 08:21:00
Test ATS failover sequence - ATS-Panel-HN-01,DONE,MEDIUM,"Test ats failover sequence for Schneider EasyPact Automatic Transfer Switch installed at Electrical Room - HN-01. Assigned owner: Electrician. Include functional checks, log review, and required remedial actions if deviations are found.",2025-08-18,8.0,10,700.0,2025-08-09 14:54:00,2025-08-18 14:54:00,false,Power Maintenance,Electrical Room - HN-01,Facilities,Electrician,,ATS-Panel-HN-01,Khanh Truong,2025-08-18 14:54:00,true,Task completed successfully. Asset is operating within expected thresholds.,,2025-08-09 14:54:00
Replace filters and inspect cooling performance - CRAC-Unit-HN-01,IN_PROGRESS,HIGH,"Replace filters and inspect cooling performance for Vertiv Liebert PDX Precision Cooling Unit installed at HVAC Plant - HN-01. Assigned owner: HVAC Technician. Include functional checks, log review, and required remedial actions if deviations are found.",2026-01-23,2.0,11,200.0,2026-01-18 04:59:00,2026-01-18 16:59:00,true,Preventive Maintenance,HVAC Plant - HN-01,Facilities,HVAC Technician,,CRAC-Unit-HN-01,,,false,,,2026-01-18 04:59:00
Monthly backup generator test run - Generator-HN-01,IN_PROGRESS,MEDIUM,"Monthly backup generator test run for Cummins C275D5 Backup Generator installed at Generator Yard - HN-01. Assigned owner: Electrician. Include functional checks, log review, and required remedial actions if deviations are found.",2025-06-02,3.0,12,337.5,2025-02-20 14:17:00,2025-02-21 03:17:00,false,Power Maintenance,Generator Yard - HN-01,Facilities,Electrician,,Generator-HN-01,,,false,,,2025-02-20 14:17:00
Clean and validate visitor kiosk peripherals - Visitor-Kiosk-HN-01,DONE,HIGH,"Clean and validate visitor kiosk peripherals for ZKTeco SpeedFace-V5L Visitor Kiosk installed at Reception - HN-01. Assigned owner: Security Officer. Include functional checks, log review, and required remedial actions if deviations are found.",2025-08-31,4.0,13,500.0,2025-08-05 15:57:00,2025-08-18 21:57:00,false,Preventive Maintenance,Reception - HN-01,Security Operations,Security Officer,,Visitor-Kiosk-HN-01,Long Pham,2025-08-18 21:57:00,true,Corrective action implemented and follow-up checks were satisfactory.,,2025-08-05 15:57:00
Clean camera lens and verify image quality - Loading-Bay-Camera-HN-01,IN_PROGRESS,LOW,"Clean camera lens and verify image quality for Hikvision DS-2CD2686G2 Bullet Camera installed at Loading Bay - HN-01. Assigned owner: Security Officer. Include functional checks, log review, and required remedial actions if deviations are found.",2026-02-14,8.0,14,1100.0,2025-12-20 11:00:00,2025-12-21 02:00:00,false,Security Maintenance,Loading Bay - HN-01,Security Operations,Security Officer,,Loading-Bay-Camera-HN-01,,,false,,,2025-12-20 11:00:00
Inspect backhaul alignment and RSSI stability - Microwave-Radio-HN-01,DONE,HIGH,"Inspect backhaul alignment and rssi stability for Ceragon IP-20C Microwave Radio installed at Roof - HN-01. Assigned owner: Field Technician. Include functional checks, log review, and required remedial actions if deviations are found.",2026-02-13,6.0,15,900.0,2026-01-23 05:54:00,2026-01-28 10:54:00,false,Network Maintenance,Roof - HN-01,Cellular Maintenance,Field Technician,,Microwave-Radio-HN-01,Duc Nguyen,2026-01-28 10:54:00,false,Corrective action implemented and follow-up checks were satisfactory.,,2026-01-23 05:54:00
Inspect and clean fiber terminations - Fiber-Patch-Panel-HN-01,IN_PROGRESS,HIGH,"Inspect and clean fiber terminations for Corning EDGE Fiber Patch Panel installed at IDF Room 1 - HN-01. Assigned owner: Cabling Technician. Include functional checks, log review, and required remedial actions if deviations are found.",2026-02-04,8.0,16,1300.0,2026-01-18 15:02:00,2026-01-19 08:02:00,false,Preventive Maintenance,IDF Room 1 - HN-01,Infrastructure,Cabling Technician,,Fiber-Patch-Panel-HN-01,,,false,,,2026-01-18 15:02:00
Verify edge switch firmware and uplink stability - Edge-Switch-HN-01,OPEN,URGENT,"Verify edge switch firmware and uplink stability for Cisco Catalyst 9300 Edge Switch installed at IDF Room 2 - HN-01. Assigned owner: Network Engineer. Include functional checks, log review, and required remedial actions if deviations are found.",2025-03-31,6.0,17,450.0,2025-01-15 01:23:00,2025-01-15 19:23:00,true,Network Maintenance,IDF Room 2 - HN-01,Network Operations,Network Engineer,,Edge-Switch-HN-01,,,false,,,2025-01-15 01:23:00
Optimize antenna alignment and sector KPIs - 5G-Antenna-HN-01,DONE,HIGH,"Optimize antenna alignment and sector kpis for Ericsson AIR 6488 Massive MIMO Antenna installed at Telecom Mast - HN-01. Assigned owner: Field Technician. Include functional checks, log review, and required remedial actions if deviations are found.",2026-03-26,2.0,18,175.0,2026-03-09 17:00:00,2026-03-20 00:00:00,true,Cellular Maintenance,Telecom Mast - HN-01,Cellular Maintenance,Field Technician,,5G-Antenna-HN-01,Hieu Do,2026-03-20 00:00:00,false,Sector alignment improved signal quality and throughput remained stable after tuning.,,2026-03-09 17:00:00
Review baseband alarms and software health - Baseband-Unit-HN-01,IN_PROGRESS,HIGH,"Review baseband alarms and software health for Nokia AirScale Baseband Unit installed at Base Station - HN-01. Assigned owner: Field Technician. Include functional checks, log review, and required remedial actions if deviations are found.",2026-03-17,6.0,19,600.0,2026-03-07 11:16:00,2026-03-08 07:16:00,true,Cellular Maintenance,Base Station - HN-01,Cellular Maintenance,Field Technician,,Baseband-Unit-HN-01,,,false,,,2026-03-07 11:16:00
Inspect RRU connectors and weather sealing - Radio-Unit-HN-01,DONE,LOW,"Inspect rru connectors and weather sealing for Ericsson Radio 4422 Remote Radio Unit installed at Antenna Array - HN-01. Assigned owner: Field Technician. Include functional checks, log review, and required remedial actions if deviations are found.",2025-10-05,2.0,20,225.0,2025-09-07 06:13:00,2025-09-19 12:13:00,false,Cellular Maintenance,Antenna Array - HN-01,Cellular Maintenance,Field Technician,,Radio-Unit-HN-01,Hieu Do,2025-09-19 12:13:00,false,Corrective action implemented and follow-up checks were satisfactory.,,2025-09-07 06:13:00
Validate gateway sensor polling and packet delivery - Sensor-Gateway-HN-01,IN_PROGRESS,HIGH,"Validate gateway sensor polling and packet delivery for Advantech WISE-6610 IoT Gateway installed at Storage Room - HN-01. Assigned owner: Facilities Supervisor. Include functional checks, log review, and required remedial actions if deviations are found.",2025-07-09,3.0,21,375.0,2025-03-17 22:44:00,2025-03-18 20:44:00,false,Preventive Maintenance,Storage Room - HN-01,Facilities,Facilities Supervisor,,Sensor-Gateway-HN-01,,,false,,,2025-03-17 22:44:00
Tune wireless controller profiles and client balancing - WiFi-Controller-HN-01,OPEN,MEDIUM,"Tune wireless controller profiles and client balancing for Cisco Catalyst 9800-L Wireless Controller installed at Office Floor 1 - HN-01. Assigned owner: Network Engineer. Include functional checks, log review, and required remedial actions if deviations are found.",2025-06-30,4.0,22,550.0,2025-03-31 05:53:00,2025-04-01 04:53:00,false,Network Maintenance,Office Floor 1 - HN-01,Network Operations,Network Engineer,,WiFi-Controller-HN-01,,,false,,,2025-03-31 05:53:00
Validate AP channel plan and client coverage - Access-Point-HN-01,ON_HOLD,LOW,"Validate ap channel plan and client coverage for Aruba AP-515 Wireless Access Point installed at Office Floor 2 - HN-01. Assigned owner: Network Engineer. Include functional checks, log review, and required remedial actions if deviations are found.",2025-10-25,1.0,23,150.0,2025-07-27 10:08:00,2025-07-28 10:08:00,false,Network Maintenance,Office Floor 2 - HN-01,Network Operations,Network Engineer,,Access-Point-HN-01,,,false,,,2025-07-27 10:08:00
Review GPU thermals and update AI server firmware - AI-Analytics-Server-HN-01,IN_PROGRESS,HIGH,"Review gpu thermals and update ai server firmware for NVIDIA DGX A100 AI Analytics Server installed at Lab A - HN-01. Assigned owner: AI Specialist. Include functional checks, log review, and required remedial actions if deviations are found.",2025-07-31,8.0,24,1300.0,2025-03-20 01:11:00,2025-03-21 02:11:00,false,Server Maintenance,Lab A - HN-01,AI Operations,AI Specialist,,AI-Analytics-Server-HN-01,,,false,,,2025-03-20 01:11:00
Verify monitoring appliance calibration and alerting - Monitoring-Appliance-HN-01,DONE,MEDIUM,"Verify monitoring appliance calibration and alerting for Fluke OptiView XG Network Monitoring Appliance installed at Workshop - HN-01. Assigned owner: Network Engineer. Include functional checks, log review, and required remedial actions if deviations are found.",2025-07-05,2.0,25,150.0,2025-06-07 01:03:00,2025-06-25 05:03:00,false,Calibration,Workshop - HN-01,Network Operations,Network Engineer,,Monitoring-Appliance-HN-01,Nam Le,2025-06-25 05:03:00,true,Task completed successfully. Asset is operating within expected thresholds.,,2025-06-07 01:03:00
Calibrate monitoring thresholds - Monitoring-System-HN-02,DONE,HIGH,"Calibrate monitoring thresholds for SolarWinds Hybrid Cloud Observability Appliance installed at Infrastructure Site - HN-02. Assigned owner: Network Engineer. Include functional checks, log review, and required remedial actions if deviations are found.",2025-03-23,4.0,26,350.0,2025-03-13 18:13:00,2025-03-23 18:13:00,true,Calibration,Infrastructure Site - HN-02,Network Operations,Network Engineer,,Monitoring-System-HN-02,Nam Le,2025-03-23 18:13:00,true,Maintenance completed successfully. Performance is stable after service.,,2025-03-13 18:13:00
Quarterly preventive maintenance on core router - Core-Router-HN-02,DONE,MEDIUM,"Quarterly preventive maintenance on core router for Cisco ASR 9904 Core Router installed at Network Operations Center (NOC) - HN-02. Assigned owner: Network Engineer. Include functional checks, log review, and required remedial actions if deviations are found.",2025-09-06,3.0,27,300.0,2025-08-22 06:42:00,2025-09-04 11:42:00,false,Network Maintenance,Network Operations Center (NOC) - HN-02,Network Operations,Network Engineer,,Core-Router-HN-02,Minh Tran,2025-09-04 11:42:00,false,Maintenance completed successfully. Router performance and routing tables are stable.,,2025-08-22 06:42:00
Review VMS storage health and recording retention - Security-VMS-Server-HN-02,DONE,HIGH,"Review vms storage health and recording retention for Milestone Husky IVO 350R Video Management Server installed at Security Operations Center (SOC) - HN-02. Assigned owner: Security Officer. Include functional checks, log review, and required remedial actions if deviations are found.",2025-06-10,2.0,28,225.0,2025-05-21 14:38:00,2025-06-05 19:38:00,true,Security Maintenance,Security Operations Center (SOC) - HN-02,Security Operations,Security Officer,,Security-VMS-Server-HN-02,Ha Tran,2025-06-05 19:38:00,false,Corrective action implemented and follow-up checks were satisfactory.,,2025-05-21 14:38:00
Patch hypervisor host and validate cluster health - Virtualization-Host-HN-02,OPEN,HIGH,"Patch hypervisor host and validate cluster health for Dell PowerEdge R750 Virtualization Host installed at Server Room A - HN-02. Assigned owner: System Administrator. Include functional checks, log review, and required remedial actions if deviations are found.",2026-03-30,3.0,29,375.0,2026-03-17 01:10:00,2026-03-18 07:10:00,true,Server Maintenance,Server Room A - HN-02,Server Operations,System Administrator,,Virtualization-Host-HN-02,,,false,,,2026-03-17 01:10:00
Inspect storage array alerts and firmware status - Storage-Array-HN-02,DONE,MEDIUM,"Inspect storage array alerts and firmware status for NetApp AFF A250 Storage Array installed at Server Room B - HN-02. Assigned owner: Storage Administrator. Include functional checks, log review, and required remedial actions if deviations are found.",2025-12-27,2.0,30,275.0,2025-12-05 12:14:00,2025-12-12 19:14:00,false,Server Maintenance,Server Room B - HN-02,Server Operations,Storage Administrator,,Storage-Array-HN-02,Trang Pham,2025-12-12 19:14:00,false,Maintenance completed successfully. Performance is stable after service.,,2025-12-05 12:14:00
Validate switch port configuration and error counters - Access-Switch-HN-02,OPEN,MEDIUM,"Validate switch port configuration and error counters for Juniper EX4300 Access Switch installed at Network Closet - HN-02. Assigned owner: Network Engineer. Include functional checks, log review, and required remedial actions if deviations are found.",2025-09-04,3.0,31,450.0,2025-07-03 17:46:00,2025-07-05 01:46:00,false,Network Maintenance,Network Closet - HN-02,Network Operations,Network Engineer,,Access-Switch-HN-02,,,false,,,2025-07-03 17:46:00
Update access control firmware and credential sync - Access-Control-Panel-HN-02,IN_PROGRESS,HIGH,"Update access control firmware and credential sync for Paxton Net2 Plus Access Control Panel installed at Access Control Room - HN-02. Assigned owner: Security Officer. Include functional checks, log review, and required remedial actions if deviations are found.",2026-04-15,4.0,32,650.0,2025-11-25 03:00:00,2025-11-26 12:00:00,false,Security Maintenance,Access Control Room - HN-02,Security Operations,Security Officer,,Access-Control-Panel-HN-02,,,false,,,2025-11-25 03:00:00
Inspect NVR recording capacity and camera retention - NVR-HN-02,OPEN,HIGH,"Inspect nvr recording capacity and camera retention for Hikvision DS-9632NI-M8 Network Video Recorder installed at Video Surveillance Room - HN-02. Assigned owner: Security Officer. Include functional checks, log review, and required remedial actions if deviations are found.",2026-01-25,2.0,33,150.0,2026-01-13 16:45:00,2026-01-15 02:45:00,false,Security Maintenance,Video Surveillance Room - HN-02,Security Operations,Security Officer,,NVR-HN-02,,,false,,,2026-01-13 16:45:00
Perform UPS battery health check and load test - UPS-HN-02,DONE,MEDIUM,"Perform ups battery health check and load test for APC Smart-UPS SRT 3000VA installed at UPS Room - HN-02. Assigned owner: Electrician. Include functional checks, log review, and required remedial actions if deviations are found.",2025-03-21,2.0,34,175.0,2025-03-12 11:25:00,2025-03-16 21:25:00,false,Power Maintenance,UPS Room - HN-02,Facilities,Electrician,,UPS-HN-02,Khanh Truong,2025-03-16 21:25:00,false,UPS battery strings passed the load test and runtime remained within target.,,2025-03-12 11:25:00
Test ATS failover sequence - ATS-Panel-HN-02,IN_PROGRESS,URGENT,"Test ats failover sequence for Schneider EasyPact Automatic Transfer Switch installed at Electrical Room - HN-02. Assigned owner: Electrician. Include functional checks, log review, and required remedial actions if deviations are found.",2026-03-13,4.0,35,400.0,2026-02-13 07:33:00,2026-02-14 19:33:00,false,Power Maintenance,Electrical Room - HN-02,Facilities,Electrician,,ATS-Panel-HN-02,,,false,,,2026-02-13 07:33:00
Replace filters and inspect cooling performance - CRAC-Unit-HN-02,IN_PROGRESS,LOW,"Replace filters and inspect cooling performance for Vertiv Liebert PDX Precision Cooling Unit installed at HVAC Plant - HN-02. Assigned owner: HVAC Technician. Include functional checks, log review, and required remedial actions if deviations are found.",2025-07-03,6.0,36,675.0,2025-05-17 09:06:00,2025-05-18 22:06:00,false,Preventive Maintenance,HVAC Plant - HN-02,Facilities,HVAC Technician,,CRAC-Unit-HN-02,,,false,,,2025-05-17 09:06:00
Monthly backup generator test run - Generator-HN-02,ON_HOLD,MEDIUM,"Monthly backup generator test run for Cummins C275D5 Backup Generator installed at Generator Yard - HN-02. Assigned owner: Electrician. Include functional checks, log review, and required remedial actions if deviations are found.",2025-11-01,3.0,37,375.0,2025-09-04 03:48:00,2025-09-05 17:48:00,false,Power Maintenance,Generator Yard - HN-02,Facilities,Electrician,,Generator-HN-02,,,false,,,2025-09-04 03:48:00
Clean and validate visitor kiosk peripherals - Visitor-Kiosk-HN-02,DONE,HIGH,"Clean and validate visitor kiosk peripherals for ZKTeco SpeedFace-V5L Visitor Kiosk installed at Reception - HN-02. Assigned owner: Security Officer. Include functional checks, log review, and required remedial actions if deviations are found.",2025-02-14,1.0,38,137.5,2025-01-17 16:51:00,2025-01-19 20:51:00,false,Preventive Maintenance,Reception - HN-02,Security Operations,Security Officer,,Visitor-Kiosk-HN-02,Vy Do,2025-01-19 20:51:00,true,Work order closed after verification by the site operations team.,,2025-01-17 16:51:00
Clean camera lens and verify image quality - Loading-Bay-Camera-HN-02,IN_PROGRESS,MEDIUM,"Clean camera lens and verify image quality for Hikvision DS-2CD2686G2 Bullet Camera installed at Loading Bay - HN-02. Assigned owner: Security Officer. Include functional checks, log review, and required remedial actions if deviations are found.",2025-06-21,8.0,39,1200.0,2025-04-06 03:14:00,2025-04-07 19:14:00,false,Security Maintenance,Loading Bay - HN-02,Security Operations,Security Officer,,Loading-Bay-Camera-HN-02,,,false,,Mekong Telecom Services,2025-04-06 03:14:00
Inspect backhaul alignment and RSSI stability - Microwave-Radio-HN-02,DONE,LOW,"Inspect backhaul alignment and rssi stability for Ceragon IP-20C Microwave Radio installed at Roof - HN-02. Assigned owner: Field Technician. Include functional checks, log review, and required remedial actions if deviations are found.",2025-09-16,4.0,40,650.0,2025-08-20 08:21:00,2025-09-03 09:21:00,false,Network Maintenance,Roof - HN-02,Cellular Maintenance,Field Technician,,Microwave-Radio-HN-02,Son Pham,2025-09-03 09:21:00,false,Maintenance completed successfully. Performance is stable after service.,,2025-08-20 08:21:00
Inspect and clean fiber terminations - Fiber-Patch-Panel-HN-02,IN_PROGRESS,URGENT,"Inspect and clean fiber terminations for Corning EDGE Fiber Patch Panel installed at IDF Room 1 - HN-02. Assigned owner: Cabling Technician. Include functional checks, log review, and required remedial actions if deviations are found.",2026-02-04,6.0,41,450.0,2025-11-18 02:09:00,2025-11-19 20:09:00,true,Preventive Maintenance,IDF Room 1 - HN-02,Infrastructure,Cabling Technician,,Fiber-Patch-Panel-HN-02,,,false,,,2025-11-18 02:09:00
Verify edge switch firmware and uplink stability - Edge-Switch-HN-02,ON_HOLD,HIGH,"Verify edge switch firmware and uplink stability for Cisco Catalyst 9300 Edge Switch installed at IDF Room 2 - HN-02. Assigned owner: Network Engineer. Include functional checks, log review, and required remedial actions if deviations are found.",2026-03-28,1.0,42,87.5,2026-03-02 18:23:00,2026-03-04 13:23:00,true,Network Maintenance,IDF Room 2 - HN-02,Network Operations,Network Engineer,,Edge-Switch-HN-02,,,false,,,2026-03-02 18:23:00
Optimize antenna alignment and sector KPIs - 5G-Antenna-HN-02,DONE,MEDIUM,"Optimize antenna alignment and sector kpis for Ericsson AIR 6488 Massive MIMO Antenna installed at Telecom Mast - HN-02. Assigned owner: Field Technician. Include functional checks, log review, and required remedial actions if deviations are found.",2025-01-23,4.0,43,400.0,2025-01-03 17:20:00,2025-01-06 19:20:00,false,Cellular Maintenance,Telecom Mast - HN-02,Cellular Maintenance,Field Technician,,5G-Antenna-HN-02,Khoa Le,2025-01-06 19:20:00,true,Sector alignment improved signal quality and throughput remained stable after tuning.,,2025-01-03 17:20:00
Review baseband alarms and software health - Baseband-Unit-HN-02,DONE,HIGH,"Review baseband alarms and software health for Nokia AirScale Baseband Unit installed at Base Station - HN-02. Assigned owner: Field Technician. Include functional checks, log review, and required remedial actions if deviations are found.",2025-04-28,4.0,44,450.0,2025-04-12 09:06:00,2025-04-17 14:06:00,true,Cellular Maintenance,Base Station - HN-02,Cellular Maintenance,Field Technician,,Baseband-Unit-HN-02,Tien Bui,2025-04-17 14:06:00,true,Corrective action implemented and follow-up checks were satisfactory.,,2025-04-12 09:06:00
Inspect RRU connectors and weather sealing - Radio-Unit-HN-02,DONE,LOW,"Inspect rru connectors and weather sealing for Ericsson Radio 4422 Remote Radio Unit installed at Antenna Array - HN-02. Assigned owner: Field Technician. Include functional checks, log review, and required remedial actions if deviations are found.",2025-10-15,3.0,45,375.0,2025-10-13 20:33:00,2025-10-15 05:33:00,false,Cellular Maintenance,Antenna Array - HN-02,Cellular Maintenance,Field Technician,,Radio-Unit-HN-02,Son Pham,2025-10-15 05:33:00,false,Corrective action implemented and follow-up checks were satisfactory.,,2025-10-13 20:33:00
Validate gateway sensor polling and packet delivery - Sensor-Gateway-HN-02,DONE,MEDIUM,"Validate gateway sensor polling and packet delivery for Advantech WISE-6610 IoT Gateway installed at Storage Room - HN-02. Assigned owner: Facilities Supervisor. Include functional checks, log review, and required remedial actions if deviations are found.",2025-06-18,1.0,46,137.5,2025-06-04 07:56:00,2025-06-18 07:56:00,false,Preventive Maintenance,Storage Room - HN-02,Facilities,Facilities Supervisor,,Sensor-Gateway-HN-02,Diem Nguyen,2025-06-18 07:56:00,false,Inspection completed and no critical issues were found.,,2025-06-04 07:56:00
Tune wireless controller profiles and client balancing - WiFi-Controller-HN-02,DONE,LOW,"Tune wireless controller profiles and client balancing for Cisco Catalyst 9800-L Wireless Controller installed at Office Floor 1 - HN-02. Assigned owner: Network Engineer. Include functional checks, log review, and required remedial actions if deviations are found.",2025-04-30,8.0,47,1200.0,2025-04-02 11:34:00,2025-04-18 13:34:00,false,Network Maintenance,Office Floor 1 - HN-02,Network Operations,Network Engineer,,WiFi-Controller-HN-02,Minh Tran,2025-04-18 13:34:00,true,Inspection completed and no critical issues were found.,,2025-04-02 11:34:00
Validate AP channel plan and client coverage - Access-Point-HN-02,IN_PROGRESS,HIGH,"Validate ap channel plan and client coverage for Aruba AP-515 Wireless Access Point installed at Office Floor 2 - HN-02. Assigned owner: Network Engineer. Include functional checks, log review, and required remedial actions if deviations are found.",2025-10-26,6.0,48,975.0,2025-08-13 00:00:00,2025-08-15 01:00:00,false,Network Maintenance,Office Floor 2 - HN-02,Network Operations,Network Engineer,,Access-Point-HN-02,,,false,,,2025-08-13 00:00:00
Review GPU thermals and update AI server firmware - AI-Analytics-Server-HN-02,IN_PROGRESS,MEDIUM,"Review gpu thermals and update ai server firmware for NVIDIA DGX A100 AI Analytics Server installed at Lab A - HN-02. Assigned owner: AI Specialist. Include functional checks, log review, and required remedial actions if deviations are found.",2025-04-19,8.0,49,600.0,2025-01-23 16:22:00,2025-01-25 18:22:00,false,Server Maintenance,Lab A - HN-02,AI Operations,AI Specialist,,AI-Analytics-Server-HN-02,,,false,,,2025-01-23 16:22:00
Verify monitoring appliance calibration and alerting - Monitoring-Appliance-HN-02,IN_PROGRESS,LOW,"Verify monitoring appliance calibration and alerting for Fluke OptiView XG Network Monitoring Appliance installed at Workshop - HN-02. Assigned owner: Network Engineer. Include functional checks, log review, and required remedial actions if deviations are found.",2026-01-23,6.0,50,525.0,2025-12-31 12:35:00,2026-01-02 15:35:00,false,Calibration,Workshop - HN-02,Network Operations,Network Engineer,,Monitoring-Appliance-HN-02,,,false,,,2025-12-31 12:35:00
Calibrate monitoring thresholds - Monitoring-System-HCM-03,DONE,LOW,"Calibrate monitoring thresholds for SolarWinds Hybrid Cloud Observability Appliance installed at Infrastructure Site - HCM-03. Assigned owner: Network Engineer. Include functional checks, log review, and required remedial actions if deviations are found.",2025-07-31,1.0,51,100.0,2025-07-19 08:23:00,2025-07-27 16:23:00,false,Calibration,Infrastructure Site - HCM-03,Network Operations,Network Engineer,,Monitoring-System-HCM-03,Bao Nguyen,2025-07-27 16:23:00,false,Corrective action implemented and follow-up checks were satisfactory.,,2025-07-19 08:23:00
Quarterly preventive maintenance on core router - Core-Router-HCM-03,DONE,LOW,"Quarterly preventive maintenance on core router for Cisco ASR 9904 Core Router installed at Network Operations Center (NOC) - HCM-03. Assigned owner: Network Engineer. Include functional checks, log review, and required remedial actions if deviations are found.",2025-02-16,6.0,52,675.0,2025-02-05 16:24:00,2025-02-16 16:24:00,false,Network Maintenance,Network Operations Center (NOC) - HCM-03,Network Operations,Network Engineer,,Core-Router-HCM-03,Anh Hoang,2025-02-16 16:24:00,true,Maintenance completed successfully. Router performance and routing tables are stable.,,2025-02-05 16:24:00
Review VMS storage health and recording retention - Security-VMS-Server-HCM-03,IN_PROGRESS,MEDIUM,"Review vms storage health and recording retention for Milestone Husky IVO 350R Video Management Server installed at Security Operations Center (SOC) - HCM-03. Assigned owner: Security Officer. Include functional checks, log review, and required remedial actions if deviations are found.",2026-02-02,8.0,53,1000.0,2026-01-27 14:31:00,2026-01-29 20:31:00,false,Security Maintenance,Security Operations Center (SOC) - HCM-03,Security Operations,Security Officer,,Security-VMS-Server-HCM-03,,,false,,,2026-01-27 14:31:00
Patch hypervisor host and validate cluster health - Virtualization-Host-HCM-03,OPEN,LOW,"Patch hypervisor host and validate cluster health for Dell PowerEdge R750 Virtualization Host installed at Server Room A - HCM-03. Assigned owner: System Administrator. Include functional checks, log review, and required remedial actions if deviations are found.",2025-10-12,2.0,54,275.0,2025-07-22 14:19:00,2025-07-24 21:19:00,false,Server Maintenance,Server Room A - HCM-03,Server Operations,System Administrator,,Virtualization-Host-HCM-03,,,false,,,2025-07-22 14:19:00
Inspect storage array alerts and firmware status - Storage-Array-HCM-03,ON_HOLD,MEDIUM,"Inspect storage array alerts and firmware status for NetApp AFF A250 Storage Array installed at Server Room B - HCM-03. Assigned owner: Storage Administrator. Include functional checks, log review, and required remedial actions if deviations are found.",2025-11-06,2.0,55,300.0,2025-07-25 04:48:00,2025-07-27 12:48:00,false,Server Maintenance,Server Room B - HCM-03,Server Operations,Storage Administrator,,Storage-Array-HCM-03,,,false,,,2025-07-25 04:48:00
Validate switch port configuration and error counters - Access-Switch-HCM-03,OPEN,LOW,"Validate switch port configuration and error counters for Juniper EX4300 Access Switch installed at Network Closet - HCM-03. Assigned owner: Network Engineer. Include functional checks, log review, and required remedial actions if deviations are found.",2026-01-19,3.0,56,487.5,2025-12-09 02:00:00,2025-12-11 11:00:00,false,Network Maintenance,Network Closet - HCM-03,Network Operations,Network Engineer,,Access-Switch-HCM-03,,,false,,,2025-12-09 02:00:00
Update access control firmware and credential sync - Access-Control-Panel-HCM-03,DONE,URGENT,"Update access control firmware and credential sync for Paxton Net2 Plus Access Control Panel installed at Access Control Room - HCM-03. Assigned owner: Security Officer. Include functional checks, log review, and required remedial actions if deviations are found.",2025-04-17,1.0,57,75.0,2025-04-01 10:50:00,2025-04-17 10:50:00,true,Security Maintenance,Access Control Room - HCM-03,Security Operations,Security Officer,,Access-Control-Panel-HCM-03,An Nguyen,2025-04-17 10:50:00,true,Task completed successfully. Asset is operating within expected thresholds.,,2025-04-01 10:50:00
Inspect NVR recording capacity and camera retention - NVR-HCM-03,OPEN,HIGH,"Inspect nvr recording capacity and camera retention for Hikvision DS-9632NI-M8 Network Video Recorder installed at Video Surveillance Room - HCM-03. Assigned owner: Security Officer. Include functional checks, log review, and required remedial actions if deviations are found.",2025-10-20,1.0,58,87.5,2025-08-10 00:18:00,2025-08-12 11:18:00,false,Security Maintenance,Video Surveillance Room - HCM-03,Security Operations,Security Officer,,NVR-HCM-03,,,false,,,2025-08-10 00:18:00
Perform UPS battery health check and load test - UPS-HCM-03,OPEN,HIGH,"Perform ups battery health check and load test for APC Smart-UPS SRT 3000VA installed at UPS Room - HCM-03. Assigned owner: Electrician. Include functional checks, log review, and required remedial actions if deviations are found.",2025-05-11,2.0,59,200.0,2025-03-15 13:58:00,2025-03-18 01:58:00,true,Power Maintenance,UPS Room - HCM-03,Facilities,Electrician,,UPS-HCM-03,,,false,,,2025-03-15 13:58:00
Test ATS failover sequence - ATS-Panel-HCM-03,DONE,MEDIUM,"Test ats failover sequence for Schneider EasyPact Automatic Transfer Switch installed at Electrical Room - HCM-03. Assigned owner: Electrician. Include functional checks, log review, and required remedial actions if deviations are found.",2026-01-21,1.0,60,112.5,2026-01-09 01:08:00,2026-01-21 01:08:00,false,Power Maintenance,Electrical Room - HCM-03,Facilities,Electrician,,ATS-Panel-HCM-03,Dat Le,2026-01-21 01:08:00,false,Maintenance completed successfully. Performance is stable after service.,,2026-01-09 01:08:00
Replace filters and inspect cooling performance - CRAC-Unit-HCM-03,ON_HOLD,URGENT,"Replace filters and inspect cooling performance for Vertiv Liebert PDX Precision Cooling Unit installed at HVAC Plant - HCM-03. Assigned owner: HVAC Technician. Include functional checks, log review, and required remedial actions if deviations are found.",2025-10-03,2.0,61,250.0,2025-08-09 02:38:00,2025-08-11 16:38:00,true,Preventive Maintenance,HVAC Plant - HCM-03,Facilities,HVAC Technician,,CRAC-Unit-HCM-03,,,false,,Mekong Telecom Services,2025-08-09 02:38:00
Monthly backup generator test run - Generator-HCM-03,DONE,HIGH,"Monthly backup generator test run for Cummins C275D5 Backup Generator installed at Generator Yard - HCM-03. Assigned owner: Electrician. Include functional checks, log review, and required remedial actions if deviations are found.",2025-08-15,2.0,62,275.0,2025-08-10 15:35:00,2025-08-15 15:35:00,true,Power Maintenance,Generator Yard - HCM-03,Facilities,Electrician,,Generator-HCM-03,Khanh Truong,2025-08-15 15:35:00,true,Task completed successfully. Asset is operating within expected thresholds.,,2025-08-10 15:35:00
Clean and validate visitor kiosk peripherals - Visitor-Kiosk-HCM-03,DONE,MEDIUM,"Clean and validate visitor kiosk peripherals for ZKTeco SpeedFace-V5L Visitor Kiosk installed at Reception - HCM-03. Assigned owner: Security Officer. Include functional checks, log review, and required remedial actions if deviations are found.",2025-11-02,6.0,63,900.0,2025-10-29 18:30:00,2025-11-02 18:30:00,false,Preventive Maintenance,Reception - HCM-03,Security Operations,Security Officer,,Visitor-Kiosk-HCM-03,Vy Do,2025-11-02 18:30:00,false,Corrective action implemented and follow-up checks were satisfactory.,,2025-10-29 18:30:00
Clean camera lens and verify image quality - Loading-Bay-Camera-HCM-03,ON_HOLD,MEDIUM,"Clean camera lens and verify image quality for Hikvision DS-2CD2686G2 Bullet Camera installed at Loading Bay - HCM-03. Assigned owner: Security Officer. Include functional checks, log review, and required remedial actions if deviations are found.",2026-02-26,3.0,64,487.5,2026-02-04 01:22:00,2026-02-06 18:22:00,false,Security Maintenance,Loading Bay - HCM-03,Security Operations,Security Officer,,Loading-Bay-Camera-HCM-03,,,false,,,2026-02-04 01:22:00
Inspect backhaul alignment and RSSI stability - Microwave-Radio-HCM-03,ON_HOLD,LOW,"Inspect backhaul alignment and rssi stability for Ceragon IP-20C Microwave Radio installed at Roof - HCM-03. Assigned owner: Field Technician. Include functional checks, log review, and required remedial actions if deviations are found.",2026-03-11,2.0,65,150.0,2026-02-12 20:42:00,2026-02-15 14:42:00,false,Network Maintenance,Roof - HCM-03,Cellular Maintenance,Field Technician,,Microwave-Radio-HCM-03,,,false,,,2026-02-12 20:42:00
Inspect and clean fiber terminations - Fiber-Patch-Panel-HCM-03,IN_PROGRESS,HIGH,"Inspect and clean fiber terminations for Corning EDGE Fiber Patch Panel installed at IDF Room 1 - HCM-03. Assigned owner: Cabling Technician. Include functional checks, log review, and required remedial actions if deviations are found.",2025-12-02,1.0,66,87.5,2025-08-22 16:01:00,2025-08-25 11:01:00,true,Preventive Maintenance,IDF Room 1 - HCM-03,Infrastructure,Cabling Technician,,Fiber-Patch-Panel-HCM-03,,,false,,,2025-08-22 16:01:00
Verify edge switch firmware and uplink stability - Edge-Switch-HCM-03,DONE,MEDIUM,"Verify edge switch firmware and uplink stability for Cisco Catalyst 9300 Edge Switch installed at IDF Room 2 - HCM-03. Assigned owner: Network Engineer. Include functional checks, log review, and required remedial actions if deviations are found.",2025-07-22,1.0,67,100.0,2025-07-17 03:21:00,2025-07-22 03:21:00,false,Network Maintenance,IDF Room 2 - HCM-03,Network Operations,Network Engineer,,Edge-Switch-HCM-03,Quoc Pham,2025-07-22 03:21:00,false,Work order closed after verification by the site operations team.,,2025-07-17 03:21:00
Optimize antenna alignment and sector KPIs - 5G-Antenna-HCM-03,ON_HOLD,MEDIUM,"Optimize antenna alignment and sector kpis for Ericsson AIR 6488 Massive MIMO Antenna installed at Telecom Mast - HCM-03. Assigned owner: Field Technician. Include functional checks, log review, and required remedial actions if deviations are found.",2025-11-06,4.0,68,450.0,2025-09-02 04:23:00,2025-09-05 01:23:00,false,Cellular Maintenance,Telecom Mast - HCM-03,Cellular Maintenance,Field Technician,,5G-Antenna-HCM-03,,,false,,,2025-09-02 04:23:00
Review baseband alarms and software health - Baseband-Unit-HCM-03,OPEN,HIGH,"Review baseband alarms and software health for Nokia AirScale Baseband Unit installed at Base Station - HCM-03. Assigned owner: Field Technician. Include functional checks, log review, and required remedial actions if deviations are found.",2025-08-23,1.0,69,125.0,2025-07-21 18:01:00,2025-07-24 16:01:00,true,Cellular Maintenance,Base Station - HCM-03,Cellular Maintenance,Field Technician,,Baseband-Unit-HCM-03,,,false,,,2025-07-21 18:01:00
Inspect RRU connectors and weather sealing - Radio-Unit-HCM-03,DONE,MEDIUM,"Inspect rru connectors and weather sealing for Ericsson Radio 4422 Remote Radio Unit installed at Antenna Array - HCM-03. Assigned owner: Field Technician. Include functional checks, log review, and required remedial actions if deviations are found.",2026-02-07,4.0,70,550.0,2026-01-14 09:09:00,2026-01-27 14:09:00,false,Cellular Maintenance,Antenna Array - HCM-03,Cellular Maintenance,Field Technician,,Radio-Unit-HCM-03,Khoa Le,2026-01-27 14:09:00,false,Task completed successfully. Asset is operating within expected thresholds.,,2026-01-14 09:09:00
Validate gateway sensor polling and packet delivery - Sensor-Gateway-HCM-03,IN_PROGRESS,HIGH,"Validate gateway sensor polling and packet delivery for Advantech WISE-6610 IoT Gateway installed at Storage Room - HCM-03. Assigned owner: Facilities Supervisor. Include functional checks, log review, and required remedial actions if deviations are found.",2025-03-10,1.0,71,150.0,2025-01-13 16:07:00,2025-01-16 16:07:00,true,Preventive Maintenance,Storage Room - HCM-03,Facilities,Facilities Supervisor,,Sensor-Gateway-HCM-03,,,false,,,2025-01-13 16:07:00
Tune wireless controller profiles and client balancing - WiFi-Controller-HCM-03,IN_PROGRESS,LOW,"Tune wireless controller profiles and client balancing for Cisco Catalyst 9800-L Wireless Controller installed at Office Floor 1 - HCM-03. Assigned owner: Network Engineer. Include functional checks, log review, and required remedial actions if deviations are found.",2026-03-01,8.0,72,1300.0,2026-02-23 15:54:00,2026-02-26 16:54:00,false,Network Maintenance,Office Floor 1 - HCM-03,Network Operations,Network Engineer,,WiFi-Controller-HCM-03,,,false,,,2026-02-23 15:54:00
Validate AP channel plan and client coverage - Access-Point-HCM-03,ON_HOLD,URGENT,"Validate ap channel plan and client coverage for Aruba AP-515 Wireless Access Point installed at Office Floor 2 - HCM-03. Assigned owner: Network Engineer. Include functional checks, log review, and required remedial actions if deviations are found.",2026-01-02,8.0,73,600.0,2025-12-13 04:21:00,2025-12-13 06:21:00,true,Network Maintenance,Office Floor 2 - HCM-03,Network Operations,Network Engineer,,Access-Point-HCM-03,,,false,,,2025-12-13 04:21:00
Review GPU thermals and update AI server firmware - AI-Analytics-Server-HCM-03,DONE,LOW,"Review gpu thermals and update ai server firmware for NVIDIA DGX A100 AI Analytics Server installed at Lab A - HCM-03. Assigned owner: AI Specialist. Include functional checks, log review, and required remedial actions if deviations are found.",2025-10-04,6.0,74,525.0,2025-09-17 15:24:00,2025-10-04 15:24:00,false,Server Maintenance,Lab A - HCM-03,AI Operations,AI Specialist,,AI-Analytics-Server-HCM-03,Nhi Tran,2025-10-04 15:24:00,false,GPU temperatures normalized after maintenance and all accelerators passed diagnostics.,,2025-09-17 15:24:00
Verify monitoring appliance calibration and alerting - Monitoring-Appliance-HCM-03,DONE,MEDIUM,"Verify monitoring appliance calibration and alerting for Fluke OptiView XG Network Monitoring Appliance installed at Workshop - HCM-03. Assigned owner: Network Engineer. Include functional checks, log review, and required remedial actions if deviations are found.",2025-11-16,8.0,75,800.0,2025-11-07 18:34:00,2025-11-10 03:34:00,false,Calibration,Workshop - HCM-03,Network Operations,Network Engineer,,Monitoring-Appliance-HCM-03,Anh Hoang,2025-11-10 03:34:00,false,Task completed successfully. Asset is operating within expected thresholds.,,2025-11-07 18:34:00
Calibrate monitoring thresholds - Monitoring-System-HCM-04,OPEN,HIGH,"Calibrate monitoring thresholds for SolarWinds Hybrid Cloud Observability Appliance installed at Infrastructure Site - HCM-04. Assigned owner: Network Engineer. Include functional checks, log review, and required remedial actions if deviations are found.",2026-01-08,4.0,76,450.0,2025-11-21 08:00:00,2025-11-21 13:00:00,false,Calibration,Infrastructure Site - HCM-04,Network Operations,Network Engineer,,Monitoring-System-HCM-04,,,false,,,2025-11-21 08:00:00
Quarterly preventive maintenance on core router - Core-Router-HCM-04,IN_PROGRESS,MEDIUM,"Quarterly preventive maintenance on core router for Cisco ASR 9904 Core Router installed at Network Operations Center (NOC) - HCM-04. Assigned owner: Network Engineer. Include functional checks, log review, and required remedial actions if deviations are found.",2026-04-21,4.0,77,500.0,2025-12-07 14:58:00,2025-12-07 20:58:00,false,Network Maintenance,Network Operations Center (NOC) - HCM-04,Network Operations,Network Engineer,,Core-Router-HCM-04,,,false,,,2025-12-07 14:58:00
Review VMS storage health and recording retention - Security-VMS-Server-HCM-04,DONE,URGENT,"Review vms storage health and recording retention for Milestone Husky IVO 350R Video Management Server installed at Security Operations Center (SOC) - HCM-04. Assigned owner: Security Officer. Include functional checks, log review, and required remedial actions if deviations are found.",2025-11-27,4.0,78,550.0,2025-10-31 13:02:00,2025-11-06 23:02:00,true,Security Maintenance,Security Operations Center (SOC) - HCM-04,Security Operations,Security Officer,,Security-VMS-Server-HCM-04,An Nguyen,2025-11-06 23:02:00,false,Inspection completed and no critical issues were found.,,2025-10-31 13:02:00
Patch hypervisor host and validate cluster health - Virtualization-Host-HCM-04,OPEN,LOW,"Patch hypervisor host and validate cluster health for Dell PowerEdge R750 Virtualization Host installed at Server Room A - HCM-04. Assigned owner: System Administrator. Include functional checks, log review, and required remedial actions if deviations are found.",2025-07-08,8.0,79,1200.0,2025-04-11 14:32:00,2025-04-11 22:32:00,false,Server Maintenance,Server Room A - HCM-04,Server Operations,System Administrator,,Virtualization-Host-HCM-04,,,false,,,2025-04-11 14:32:00
Inspect storage array alerts and firmware status - Storage-Array-HCM-04,IN_PROGRESS,MEDIUM,"Inspect storage array alerts and firmware status for NetApp AFF A250 Storage Array installed at Server Room B - HCM-04. Assigned owner: Storage Administrator. Include functional checks, log review, and required remedial actions if deviations are found.",2025-04-26,2.0,80,325.0,2025-01-15 09:58:00,2025-01-15 18:58:00,false,Server Maintenance,Server Room B - HCM-04,Server Operations,Storage Administrator,,Storage-Array-HCM-04,,,false,,,2025-01-15 09:58:00
Validate switch port configuration and error counters - Access-Switch-HCM-04,IN_PROGRESS,LOW,"Validate switch port configuration and error counters for Juniper EX4300 Access Switch installed at Network Closet - HCM-04. Assigned owner: Network Engineer. Include functional checks, log review, and required remedial actions if deviations are found.",2025-09-21,4.0,81,300.0,2025-06-26 09:48:00,2025-06-26 19:48:00,false,Network Maintenance,Network Closet - HCM-04,Network Operations,Network Engineer,,Access-Switch-HCM-04,,,false,,,2025-06-26 09:48:00
Update access control firmware and credential sync - Access-Control-Panel-HCM-04,OPEN,MEDIUM,"Update access control firmware and credential sync for Paxton Net2 Plus Access Control Panel installed at Access Control Room - HCM-04. Assigned owner: Security Officer. Include functional checks, log review, and required remedial actions if deviations are found.",2026-02-21,1.0,82,87.5,2026-02-05 15:31:00,2026-02-06 02:31:00,false,Security Maintenance,Access Control Room - HCM-04,Security Operations,Security Officer,,Access-Control-Panel-HCM-04,,,false,,,2026-02-05 15:31:00
Inspect NVR recording capacity and camera retention - NVR-HCM-04,OPEN,HIGH,"Inspect nvr recording capacity and camera retention for Hikvision DS-9632NI-M8 Network Video Recorder installed at Video Surveillance Room - HCM-04. Assigned owner: Security Officer. Include functional checks, log review, and required remedial actions if deviations are found.",2025-05-23,2.0,83,200.0,2025-03-21 10:57:00,2025-03-21 22:57:00,false,Security Maintenance,Video Surveillance Room - HCM-04,Security Operations,Security Officer,,NVR-HCM-04,,,false,,,2025-03-21 10:57:00
Perform UPS battery health check and load test - UPS-HCM-04,OPEN,URGENT,"Perform ups battery health check and load test for APC Smart-UPS SRT 3000VA installed at UPS Room - HCM-04. Assigned owner: Electrician. Include functional checks, log review, and required remedial actions if deviations are found.",2026-02-03,2.0,84,225.0,2026-01-29 06:35:00,2026-01-29 19:35:00,false,Power Maintenance,UPS Room - HCM-04,Facilities,Electrician,,UPS-HCM-04,,,false,,,2026-01-29 06:35:00
Test ATS failover sequence - ATS-Panel-HCM-04,ON_HOLD,HIGH,"Test ats failover sequence for Schneider EasyPact Automatic Transfer Switch installed at Electrical Room - HCM-04. Assigned owner: Electrician. Include functional checks, log review, and required remedial actions if deviations are found.",2025-10-12,4.0,85,500.0,2025-07-10 21:01:00,2025-07-11 11:01:00,true,Power Maintenance,Electrical Room - HCM-04,Facilities,Electrician,,ATS-Panel-HCM-04,,,false,,Mekong Telecom Services,2025-07-10 21:01:00
Replace filters and inspect cooling performance - CRAC-Unit-HCM-04,ON_HOLD,LOW,"Replace filters and inspect cooling performance for Vertiv Liebert PDX Precision Cooling Unit installed at HVAC Plant - HCM-04. Assigned owner: HVAC Technician. Include functional checks, log review, and required remedial actions if deviations are found.",2025-10-17,6.0,86,825.0,2025-06-27 13:37:00,2025-06-28 04:37:00,false,Preventive Maintenance,HVAC Plant - HCM-04,Facilities,HVAC Technician,,CRAC-Unit-HCM-04,,,false,,,2025-06-27 13:37:00
Monthly backup generator test run - Generator-HCM-04,OPEN,URGENT,"Monthly backup generator test run for Cummins C275D5 Backup Generator installed at Generator Yard - HCM-04. Assigned owner: Electrician. Include functional checks, log review, and required remedial actions if deviations are found.",2026-02-21,4.0,87,600.0,2026-02-07 04:04:00,2026-02-07 20:04:00,false,Power Maintenance,Generator Yard - HCM-04,Facilities,Electrician,,Generator-HCM-04,,,false,,VN Facilities Services,2026-02-07 04:04:00
Clean and validate visitor kiosk peripherals - Visitor-Kiosk-HCM-04,OPEN,HIGH,"Clean and validate visitor kiosk peripherals for ZKTeco SpeedFace-V5L Visitor Kiosk installed at Reception - HCM-04. Assigned owner: Security Officer. Include functional checks, log review, and required remedial actions if deviations are found.",2025-09-07,4.0,88,650.0,2025-04-28 13:57:00,2025-04-29 06:57:00,true,Preventive Maintenance,Reception - HCM-04,Security Operations,Security Officer,,Visitor-Kiosk-HCM-04,,,false,,,2025-04-28 13:57:00
Clean camera lens and verify image quality - Loading-Bay-Camera-HCM-04,IN_PROGRESS,LOW,"Clean camera lens and verify image quality for Hikvision DS-2CD2686G2 Bullet Camera installed at Loading Bay - HCM-04. Assigned owner: Security Officer. Include functional checks, log review, and required remedial actions if deviations are found.",2026-02-08,2.0,89,150.0,2025-09-25 15:33:00,2025-09-26 09:33:00,false,Security Maintenance,Loading Bay - HCM-04,Security Operations,Security Officer,,Loading-Bay-Camera-HCM-04,,,false,,,2025-09-25 15:33:00
Inspect backhaul alignment and RSSI stability - Microwave-Radio-HCM-04,DONE,HIGH,"Inspect backhaul alignment and rssi stability for Ceragon IP-20C Microwave Radio installed at Roof - HCM-04. Assigned owner: Field Technician. Include functional checks, log review, and required remedial actions if deviations are found.",2026-01-05,6.0,90,525.0,2025-12-10 18:09:00,2025-12-20 20:09:00,true,Network Maintenance,Roof - HCM-04,Cellular Maintenance,Field Technician,,Microwave-Radio-HCM-04,Khoa Le,2025-12-20 20:09:00,false,Task completed successfully. Asset is operating within expected thresholds.,,2025-12-10 18:09:00
Inspect and clean fiber terminations - Fiber-Patch-Panel-HCM-04,IN_PROGRESS,URGENT,"Inspect and clean fiber terminations for Corning EDGE Fiber Patch Panel installed at IDF Room 1 - HCM-04. Assigned owner: Cabling Technician. Include functional checks, log review, and required remedial actions if deviations are found.",2026-02-27,2.0,91,200.0,2026-02-09 14:15:00,2026-02-10 10:15:00,false,Preventive Maintenance,IDF Room 1 - HCM-04,Infrastructure,Cabling Technician,,Fiber-Patch-Panel-HCM-04,,,false,,,2026-02-09 14:15:00
Verify edge switch firmware and uplink stability - Edge-Switch-HCM-04,DONE,HIGH,"Verify edge switch firmware and uplink stability for Cisco Catalyst 9300 Edge Switch installed at IDF Room 2 - HCM-04. Assigned owner: Network Engineer. Include functional checks, log review, and required remedial actions if deviations are found.",2025-01-31,4.0,92,450.0,2025-01-22 23:55:00,2025-01-31 23:55:00,false,Network Maintenance,IDF Room 2 - HCM-04,Network Operations,Network Engineer,,Edge-Switch-HCM-04,Tuan Vo,2025-01-31 23:55:00,false,Task completed successfully. Asset is operating within expected thresholds.,,2025-01-22 23:55:00
Optimize antenna alignment and sector KPIs - 5G-Antenna-HCM-04,DONE,LOW,"Optimize antenna alignment and sector kpis for Ericsson AIR 6488 Massive MIMO Antenna installed at Telecom Mast - HCM-04. Assigned owner: Field Technician. Include functional checks, log review, and required remedial actions if deviations are found.",2025-10-19,2.0,93,250.0,2025-10-03 15:51:00,2025-10-14 01:51:00,false,Cellular Maintenance,Telecom Mast - HCM-04,Cellular Maintenance,Field Technician,,5G-Antenna-HCM-04,Duc Nguyen,2025-10-14 01:51:00,false,Sector alignment improved signal quality and throughput remained stable after tuning.,,2025-10-03 15:51:00
Review baseband alarms and software health - Baseband-Unit-HCM-04,DONE,MEDIUM,"Review baseband alarms and software health for Nokia AirScale Baseband Unit installed at Base Station - HCM-04. Assigned owner: Field Technician. Include functional checks, log review, and required remedial actions if deviations are found.",2026-04-11,3.0,94,412.5,2026-03-29 01:41:00,2026-04-08 06:41:00,false,Cellular Maintenance,Base Station - HCM-04,Cellular Maintenance,Field Technician,,Baseband-Unit-HCM-04,Duc Nguyen,2026-04-08 06:41:00,false,Corrective action implemented and follow-up checks were satisfactory.,,2026-03-29 01:41:00
Inspect RRU connectors and weather sealing - Radio-Unit-HCM-04,DONE,MEDIUM,"Inspect rru connectors and weather sealing for Ericsson Radio 4422 Remote Radio Unit installed at Antenna Array - HCM-04. Assigned owner: Field Technician. Include functional checks, log review, and required remedial actions if deviations are found.",2025-04-09,4.0,95,600.0,2025-03-24 01:34:00,2025-03-28 04:34:00,false,Cellular Maintenance,Antenna Array - HCM-04,Cellular Maintenance,Field Technician,,Radio-Unit-HCM-04,Khoa Le,2025-03-28 04:34:00,false,Work order closed after verification by the site operations team.,,2025-03-24 01:34:00
Validate gateway sensor polling and packet delivery - Sensor-Gateway-HCM-04,OPEN,LOW,"Validate gateway sensor polling and packet delivery for Advantech WISE-6610 IoT Gateway installed at Storage Room - HCM-04. Assigned owner: Facilities Supervisor. Include functional checks, log review, and required remedial actions if deviations are found.",2026-01-26,6.0,96,975.0,2026-01-06 06:00:00,2026-01-07 07:00:00,false,Preventive Maintenance,Storage Room - HCM-04,Facilities,Facilities Supervisor,,Sensor-Gateway-HCM-04,,,false,,,2026-01-06 06:00:00
Tune wireless controller profiles and client balancing - WiFi-Controller-HCM-04,ON_HOLD,MEDIUM,"Tune wireless controller profiles and client balancing for Cisco Catalyst 9800-L Wireless Controller installed at Office Floor 1 - HCM-04. Assigned owner: Network Engineer. Include functional checks, log review, and required remedial actions if deviations are found.",2026-04-24,8.0,97,600.0,2026-03-31 04:12:00,2026-04-01 06:12:00,false,Network Maintenance,Office Floor 1 - HCM-04,Network Operations,Network Engineer,,WiFi-Controller-HCM-04,,,false,,,2026-03-31 04:12:00
Validate AP channel plan and client coverage - Access-Point-HCM-04,ON_HOLD,HIGH,"Validate ap channel plan and client coverage for Aruba AP-515 Wireless Access Point installed at Office Floor 2 - HCM-04. Assigned owner: Network Engineer. Include functional checks, log review, and required remedial actions if deviations are found.",2025-06-28,3.0,98,262.5,2025-04-23 10:48:00,2025-04-24 13:48:00,true,Network Maintenance,Office Floor 2 - HCM-04,Network Operations,Network Engineer,,Access-Point-HCM-04,,,false,,,2025-04-23 10:48:00
Review GPU thermals and update AI server firmware - AI-Analytics-Server-HCM-04,IN_PROGRESS,HIGH,"Review gpu thermals and update ai server firmware for NVIDIA DGX A100 AI Analytics Server installed at Lab A - HCM-04. Assigned owner: AI Specialist. Include functional checks, log review, and required remedial actions if deviations are found.",2025-06-15,4.0,99,400.0,2025-03-28 00:48:00,2025-03-29 04:48:00,false,Server Maintenance,Lab A - HCM-04,AI Operations,AI Specialist,,AI-Analytics-Server-HCM-04,,,false,,,2025-03-28 00:48:00
Verify monitoring appliance calibration and alerting - Monitoring-Appliance-HCM-04,DONE,LOW,"Verify monitoring appliance calibration and alerting for Fluke OptiView XG Network Monitoring Appliance installed at Workshop - HCM-04. Assigned owner: Network Engineer. Include functional checks, log review, and required remedial actions if deviations are found.",2025-12-01,3.0,100,337.5,2025-11-24 22:07:00,2025-12-01 22:07:00,false,Calibration,Workshop - HCM-04,Network Operations,Network Engineer,,Monitoring-Appliance-HCM-04,Nam Le,2025-12-01 22:07:00,false,Task completed successfully. Asset is operating within expected thresholds.,,2025-11-24 22:07:00
Calibrate monitoring thresholds - Monitoring-System-DN-05,DONE,MEDIUM,"Calibrate monitoring thresholds for SolarWinds Hybrid Cloud Observability Appliance installed at Infrastructure Site - DN-05. Assigned owner: Network Engineer. Include functional checks, log review, and required remedial actions if deviations are found.",2026-01-27,6.0,101,750.0,2026-01-10 01:46:00,2026-01-27 01:46:00,false,Calibration,Infrastructure Site - DN-05,Network Operations,Network Engineer,,Monitoring-System-DN-05,Tuan Vo,2026-01-27 01:46:00,false,Inspection completed and no critical issues were found.,,2026-01-10 01:46:00
Quarterly preventive maintenance on core router - Core-Router-DN-05,ON_HOLD,URGENT,"Quarterly preventive maintenance on core router for Cisco ASR 9904 Core Router installed at Network Operations Center (NOC) - DN-05. Assigned owner: Network Engineer. Include functional checks, log review, and required remedial actions if deviations are found.",2026-03-08,6.0,102,825.0,2025-12-16 03:21:00,2025-12-17 10:21:00,false,Network Maintenance,Network Operations Center (NOC) - DN-05,Network Operations,Network Engineer,,Core-Router-DN-05,,,false,,,2025-12-16 03:21:00
Review VMS storage health and recording retention - Security-VMS-Server-DN-05,DONE,HIGH,"Review vms storage health and recording retention for Milestone Husky IVO 350R Video Management Server installed at Security Operations Center (SOC) - DN-05. Assigned owner: Security Officer. Include functional checks, log review, and required remedial actions if deviations are found.",2025-08-24,1.0,103,150.0,2025-08-04 18:38:00,2025-08-15 03:38:00,false,Security Maintenance,Security Operations Center (SOC) - DN-05,Security Operations,Security Officer,,Security-VMS-Server-DN-05,Ha Tran,2025-08-15 03:38:00,false,Corrective action implemented and follow-up checks were satisfactory.,,2025-08-04 18:38:00
Patch hypervisor host and validate cluster health - Virtualization-Host-DN-05,DONE,URGENT,"Patch hypervisor host and validate cluster health for Dell PowerEdge R750 Virtualization Host installed at Server Room A - DN-05. Assigned owner: System Administrator. Include functional checks, log review, and required remedial actions if deviations are found.",2025-03-01,8.0,104,1300.0,2025-02-11 09:38:00,2025-02-15 18:38:00,false,Server Maintenance,Server Room A - DN-05,Server Operations,System Administrator,,Virtualization-Host-DN-05,Huy Truong,2025-02-15 18:38:00,true,Task completed successfully. Asset is operating within expected thresholds.,,2025-02-11 09:38:00
Inspect storage array alerts and firmware status - Storage-Array-DN-05,DONE,MEDIUM,"Inspect storage array alerts and firmware status for NetApp AFF A250 Storage Array installed at Server Room B - DN-05. Assigned owner: Storage Administrator. Include functional checks, log review, and required remedial actions if deviations are found.",2026-04-16,6.0,105,450.0,2026-03-27 11:38:00,2026-03-29 19:38:00,false,Server Maintenance,Server Room B - DN-05,Server Operations,Storage Administrator,,Storage-Array-DN-05,Nhat Le,2026-03-29 19:38:00,false,Task completed successfully. Asset is operating within expected thresholds.,,2026-03-27 11:38:00
Validate switch port configuration and error counters - Access-Switch-DN-05,IN_PROGRESS,MEDIUM,"Validate switch port configuration and error counters for Juniper EX4300 Access Switch installed at Network Closet - DN-05. Assigned owner: Network Engineer. Include functional checks, log review, and required remedial actions if deviations are found.",2026-02-20,2.0,106,175.0,2026-02-15 08:48:00,2026-02-16 19:48:00,false,Network Maintenance,Network Closet - DN-05,Network Operations,Network Engineer,,Access-Switch-DN-05,,,false,,,2026-02-15 08:48:00
Update access control firmware and credential sync - Access-Control-Panel-DN-05,DONE,LOW,"Update access control firmware and credential sync for Paxton Net2 Plus Access Control Panel installed at Access Control Room - DN-05. Assigned owner: Security Officer. Include functional checks, log review, and required remedial actions if deviations are found.",2025-03-14,2.0,107,200.0,2025-03-11 22:47:00,2025-03-14 22:47:00,false,Security Maintenance,Access Control Room - DN-05,Security Operations,Security Officer,,Access-Control-Panel-DN-05,Ha Tran,2025-03-14 22:47:00,true,Task completed successfully. Asset is operating within expected thresholds.,,2025-03-11 22:47:00
Inspect NVR recording capacity and camera retention - NVR-DN-05,DONE,MEDIUM,"Inspect nvr recording capacity and camera retention for Hikvision DS-9632NI-M8 Network Video Recorder installed at Video Surveillance Room - DN-05. Assigned owner: Security Officer. Include functional checks, log review, and required remedial actions if deviations are found.",2025-09-18,1.0,108,112.5,2025-09-10 03:51:00,2025-09-18 03:51:00,false,Security Maintenance,Video Surveillance Room - DN-05,Security Operations,Security Officer,,NVR-DN-05,Vy Do,2025-09-18 03:51:00,false,Corrective action implemented and follow-up checks were satisfactory.,,2025-09-10 03:51:00
Perform UPS battery health check and load test - UPS-DN-05,IN_PROGRESS,MEDIUM,"Perform ups battery health check and load test for APC Smart-UPS SRT 3000VA installed at UPS Room - DN-05. Assigned owner: Electrician. Include functional checks, log review, and required remedial actions if deviations are found.",2025-07-04,6.0,109,750.0,2025-03-31 17:16:00,2025-04-02 07:16:00,false,Power Maintenance,UPS Room - DN-05,Facilities,Electrician,,UPS-DN-05,,,false,,,2025-03-31 17:16:00
Test ATS failover sequence - ATS-Panel-DN-05,DONE,MEDIUM,"Test ats failover sequence for Schneider EasyPact Automatic Transfer Switch installed at Electrical Room - DN-05. Assigned owner: Electrician. Include functional checks, log review, and required remedial actions if deviations are found.",2025-02-10,3.0,110,412.5,2025-01-15 19:09:00,2025-01-21 00:09:00,false,Power Maintenance,Electrical Room - DN-05,Facilities,Electrician,,ATS-Panel-DN-05,Khanh Truong,2025-01-21 00:09:00,false,Work order closed after verification by the site operations team.,,2025-01-15 19:09:00
Replace filters and inspect cooling performance - CRAC-Unit-DN-05,OPEN,MEDIUM,"Replace filters and inspect cooling performance for Vertiv Liebert PDX Precision Cooling Unit installed at HVAC Plant - DN-05. Assigned owner: HVAC Technician. Include functional checks, log review, and required remedial actions if deviations are found.",2026-02-15,3.0,111,450.0,2025-10-18 06:54:00,2025-10-19 22:54:00,false,Preventive Maintenance,HVAC Plant - DN-05,Facilities,HVAC Technician,,CRAC-Unit-DN-05,,,false,,,2025-10-18 06:54:00
Monthly backup generator test run - Generator-DN-05,OPEN,HIGH,"Monthly backup generator test run for Cummins C275D5 Backup Generator installed at Generator Yard - DN-05. Assigned owner: Electrician. Include functional checks, log review, and required remedial actions if deviations are found.",2025-11-13,1.0,112,162.5,2025-08-14 00:00:00,2025-08-15 17:00:00,true,Power Maintenance,Generator Yard - DN-05,Facilities,Electrician,,Generator-DN-05,,,false,,Mekong Telecom Services,2025-08-14 00:00:00
Clean and validate visitor kiosk peripherals - Visitor-Kiosk-DN-05,DONE,HIGH,"Clean and validate visitor kiosk peripherals for ZKTeco SpeedFace-V5L Visitor Kiosk installed at Reception - DN-05. Assigned owner: Security Officer. Include functional checks, log review, and required remedial actions if deviations are found.",2025-05-10,4.0,113,300.0,2025-05-06 17:01:00,2025-05-10 17:01:00,true,Preventive Maintenance,Reception - DN-05,Security Operations,Security Officer,,Visitor-Kiosk-DN-05,Tuan Hoang,2025-05-10 17:01:00,false,Maintenance completed successfully. Performance is stable after service.,,2025-05-06 17:01:00
Clean camera lens and verify image quality - Loading-Bay-Camera-DN-05,DONE,HIGH,"Clean camera lens and verify image quality for Hikvision DS-2CD2686G2 Bullet Camera installed at Loading Bay - DN-05. Assigned owner: Security Officer. Include functional checks, log review, and required remedial actions if deviations are found.",2025-10-01,4.0,114,350.0,2025-09-05 13:36:00,2025-09-16 17:36:00,false,Security Maintenance,Loading Bay - DN-05,Security Operations,Security Officer,,Loading-Bay-Camera-DN-05,An Nguyen,2025-09-16 17:36:00,false,Work order closed after verification by the site operations team.,Red River Power Co.,2025-09-05 13:36:00
Inspect backhaul alignment and RSSI stability - Microwave-Radio-DN-05,OPEN,MEDIUM,"Inspect backhaul alignment and rssi stability for Ceragon IP-20C Microwave Radio installed at Roof - DN-05. Assigned owner: Field Technician. Include functional checks, log review, and required remedial actions if deviations are found.",2025-03-18,1.0,115,100.0,2025-01-02 22:10:00,2025-01-04 18:10:00,false,Network Maintenance,Roof - DN-05,Cellular Maintenance,Field Technician,,Microwave-Radio-DN-05,,,false,,,2025-01-02 22:10:00
Inspect and clean fiber terminations - Fiber-Patch-Panel-DN-05,DONE,MEDIUM,"Inspect and clean fiber terminations for Corning EDGE Fiber Patch Panel installed at IDF Room 1 - DN-05. Assigned owner: Cabling Technician. Include functional checks, log review, and required remedial actions if deviations are found.",2025-11-21,2.0,116,225.0,2025-11-02 10:09:00,2025-11-03 18:09:00,false,Preventive Maintenance,IDF Room 1 - DN-05,Infrastructure,Cabling Technician,,Fiber-Patch-Panel-DN-05,Phong Le,2025-11-03 18:09:00,false,Task completed successfully. Asset is operating within expected thresholds.,,2025-11-02 10:09:00
Verify edge switch firmware and uplink stability - Edge-Switch-DN-05,DONE,MEDIUM,"Verify edge switch firmware and uplink stability for Cisco Catalyst 9300 Edge Switch installed at IDF Room 2 - DN-05. Assigned owner: Network Engineer. Include functional checks, log review, and required remedial actions if deviations are found.",2025-10-11,1.0,117,125.0,2025-10-06 08:57:00,2025-10-11 08:57:00,false,Network Maintenance,IDF Room 2 - DN-05,Network Operations,Network Engineer,,Edge-Switch-DN-05,Nam Le,2025-10-11 08:57:00,false,Inspection completed and no critical issues were found.,,2025-10-06 08:57:00
Optimize antenna alignment and sector KPIs - 5G-Antenna-DN-05,DONE,HIGH,"Optimize antenna alignment and sector kpis for Ericsson AIR 6488 Massive MIMO Antenna installed at Telecom Mast - DN-05. Assigned owner: Field Technician. Include functional checks, log review, and required remedial actions if deviations are found.",2025-08-11,3.0,118,412.5,2025-08-07 16:43:00,2025-08-11 16:43:00,false,Cellular Maintenance,Telecom Mast - DN-05,Cellular Maintenance,Field Technician,,5G-Antenna-DN-05,Hieu Do,2025-08-11 16:43:00,true,Sector alignment improved signal quality and throughput remained stable after tuning.,,2025-08-07 16:43:00
Review baseband alarms and software health - Baseband-Unit-DN-05,DONE,LOW,"Review baseband alarms and software health for Nokia AirScale Baseband Unit installed at Base Station - DN-05. Assigned owner: Field Technician. Include functional checks, log review, and required remedial actions if deviations are found.",2025-06-17,6.0,119,900.0,2025-06-12 17:39:00,2025-06-17 17:39:00,false,Cellular Maintenance,Base Station - DN-05,Cellular Maintenance,Field Technician,,Baseband-Unit-DN-05,Hieu Do,2025-06-17 17:39:00,true,Inspection completed and no critical issues were found.,,2025-06-12 17:39:00
Inspect RRU connectors and weather sealing - Radio-Unit-DN-05,DONE,LOW,"Inspect rru connectors and weather sealing for Ericsson Radio 4422 Remote Radio Unit installed at Antenna Array - DN-05. Assigned owner: Field Technician. Include functional checks, log review, and required remedial actions if deviations are found.",2026-03-22,2.0,120,325.0,2026-03-16 06:58:00,2026-03-22 06:58:00,false,Cellular Maintenance,Antenna Array - DN-05,Cellular Maintenance,Field Technician,,Radio-Unit-DN-05,Tien Bui,2026-03-22 06:58:00,false,Inspection completed and no critical issues were found.,,2026-03-16 06:58:00
Validate gateway sensor polling and packet delivery - Sensor-Gateway-DN-05,DONE,URGENT,"Validate gateway sensor polling and packet delivery for Advantech WISE-6610 IoT Gateway installed at Storage Room - DN-05. Assigned owner: Facilities Supervisor. Include functional checks, log review, and required remedial actions if deviations are found.",2025-02-11,4.0,121,300.0,2025-01-19 06:56:00,2025-02-03 07:56:00,false,Preventive Maintenance,Storage Room - DN-05,Facilities,Facilities Supervisor,,Sensor-Gateway-DN-05,Diem Nguyen,2025-02-03 07:56:00,false,Task completed successfully. Asset is operating within expected thresholds.,,2025-01-19 06:56:00
Tune wireless controller profiles and client balancing - WiFi-Controller-DN-05,ON_HOLD,HIGH,"Tune wireless controller profiles and client balancing for Cisco Catalyst 9800-L Wireless Controller installed at Office Floor 1 - DN-05. Assigned owner: Network Engineer. Include functional checks, log review, and required remedial actions if deviations are found.",2025-06-20,4.0,122,350.0,2025-04-05 20:58:00,2025-04-07 23:58:00,false,Network Maintenance,Office Floor 1 - DN-05,Network Operations,Network Engineer,,WiFi-Controller-DN-05,,,false,,,2025-04-05 20:58:00
Validate AP channel plan and client coverage - Access-Point-DN-05,IN_PROGRESS,LOW,"Validate ap channel plan and client coverage for Aruba AP-515 Wireless Access Point installed at Office Floor 2 - DN-05. Assigned owner: Network Engineer. Include functional checks, log review, and required remedial actions if deviations are found.",2025-10-26,2.0,123,200.0,2025-09-03 23:10:00,2025-09-06 03:10:00,false,Network Maintenance,Office Floor 2 - DN-05,Network Operations,Network Engineer,,Access-Point-DN-05,,,false,,,2025-09-03 23:10:00
Review GPU thermals and update AI server firmware - AI-Analytics-Server-DN-05,IN_PROGRESS,LOW,"Review gpu thermals and update ai server firmware for NVIDIA DGX A100 AI Analytics Server installed at Lab A - DN-05. Assigned owner: AI Specialist. Include functional checks, log review, and required remedial actions if deviations are found.",2025-11-23,2.0,124,225.0,2025-07-14 12:02:00,2025-07-16 17:02:00,false,Server Maintenance,Lab A - DN-05,AI Operations,AI Specialist,,AI-Analytics-Server-DN-05,,,false,,,2025-07-14 12:02:00
Verify monitoring appliance calibration and alerting - Monitoring-Appliance-DN-05,IN_PROGRESS,HIGH,"Verify monitoring appliance calibration and alerting for Fluke OptiView XG Network Monitoring Appliance installed at Workshop - DN-05. Assigned owner: Network Engineer. Include functional checks, log review, and required remedial actions if deviations are found.",2025-11-01,8.0,125,1000.0,2025-09-17 23:51:00,2025-09-20 05:51:00,false,Calibration,Workshop - DN-05,Network Operations,Network Engineer,,Monitoring-Appliance-DN-05,,,false,,,2025-09-17 23:51:00
Calibrate monitoring thresholds - Monitoring-System-HP-06,DONE,HIGH,"Calibrate monitoring thresholds for SolarWinds Hybrid Cloud Observability Appliance installed at Infrastructure Site - HP-06. Assigned owner: Network Engineer. Include functional checks, log review, and required remedial actions if deviations are found.",2025-12-11,2.0,126,275.0,2025-12-07 22:46:00,2025-12-10 05:46:00,false,Calibration,Infrastructure Site - HP-06,Network Operations,Network Engineer,,Monitoring-System-HP-06,Nam Le,2025-12-10 05:46:00,false,Maintenance completed successfully. Performance is stable after service.,,2025-12-07 22:46:00
Quarterly preventive maintenance on core router - Core-Router-HP-06,IN_PROGRESS,HIGH,"Quarterly preventive maintenance on core router for Cisco ASR 9904 Core Router installed at Network Operations Center (NOC) - HP-06. Assigned owner: Network Engineer. Include functional checks, log review, and required remedial actions if deviations are found.",2026-03-12,1.0,127,150.0,2025-12-10 13:57:00,2025-12-12 21:57:00,false,Network Maintenance,Network Operations Center (NOC) - HP-06,Network Operations,Network Engineer,,Core-Router-HP-06,,,false,,,2025-12-10 13:57:00
Review VMS storage health and recording retention - Security-VMS-Server-HP-06,ON_HOLD,MEDIUM,"Review vms storage health and recording retention for Milestone Husky IVO 350R Video Management Server installed at Security Operations Center (SOC) - HP-06. Assigned owner: Security Officer. Include functional checks, log review, and required remedial actions if deviations are found.",2025-05-19,6.0,128,975.0,2025-01-09 13:43:00,2025-01-11 22:43:00,false,Security Maintenance,Security Operations Center (SOC) - HP-06,Security Operations,Security Officer,,Security-VMS-Server-HP-06,,,false,,,2025-01-09 13:43:00
Patch hypervisor host and validate cluster health - Virtualization-Host-HP-06,IN_PROGRESS,MEDIUM,"Patch hypervisor host and validate cluster health for Dell PowerEdge R750 Virtualization Host installed at Server Room A - HP-06. Assigned owner: System Administrator. Include functional checks, log review, and required remedial actions if deviations are found.",2025-03-10,3.0,129,225.0,2025-01-21 12:09:00,2025-01-23 22:09:00,false,Server Maintenance,Server Room A - HP-06,Server Operations,System Administrator,,Virtualization-Host-HP-06,,,false,,,2025-01-21 12:09:00
Inspect storage array alerts and firmware status - Storage-Array-HP-06,OPEN,URGENT,"Inspect storage array alerts and firmware status for NetApp AFF A250 Storage Array installed at Server Room B - HP-06. Assigned owner: Storage Administrator. Include functional checks, log review, and required remedial actions if deviations are found.",2026-03-31,2.0,130,175.0,2026-03-22 13:26:00,2026-03-25 00:26:00,true,Server Maintenance,Server Room B - HP-06,Server Operations,Storage Administrator,,Storage-Array-HP-06,,,false,,,2026-03-22 13:26:00
Validate switch port configuration and error counters - Access-Switch-HP-06,DONE,URGENT,"Validate switch port configuration and error counters for Juniper EX4300 Access Switch installed at Network Closet - HP-06. Assigned owner: Network Engineer. Include functional checks, log review, and required remedial actions if deviations are found.",2026-02-23,4.0,131,400.0,2026-02-03 21:21:00,2026-02-09 00:21:00,false,Network Maintenance,Network Closet - HP-06,Network Operations,Network Engineer,,Access-Switch-HP-06,Minh Tran,2026-02-09 00:21:00,false,Work order closed after verification by the site operations team.,,2026-02-03 21:21:00
Update access control firmware and credential sync - Access-Control-Panel-HP-06,DONE,MEDIUM,"Update access control firmware and credential sync for Paxton Net2 Plus Access Control Panel installed at Access Control Room - HP-06. Assigned owner: Security Officer. Include functional checks, log review, and required remedial actions if deviations are found.",2026-02-16,1.0,132,112.5,2026-02-07 10:15:00,2026-02-16 10:15:00,false,Security Maintenance,Access Control Room - HP-06,Security Operations,Security Officer,,Access-Control-Panel-HP-06,Vy Do,2026-02-16 10:15:00,false,Task completed successfully. Asset is operating within expected thresholds.,,2026-02-07 10:15:00
Inspect NVR recording capacity and camera retention - NVR-HP-06,IN_PROGRESS,HIGH,"Inspect nvr recording capacity and camera retention for Hikvision DS-9632NI-M8 Network Video Recorder installed at Video Surveillance Room - HP-06. Assigned owner: Security Officer. Include functional checks, log review, and required remedial actions if deviations are found.",2025-09-27,8.0,133,1000.0,2025-06-06 15:46:00,2025-06-09 05:46:00,false,Security Maintenance,Video Surveillance Room - HP-06,Security Operations,Security Officer,,NVR-HP-06,,,false,,,2025-06-06 15:46:00
Perform UPS battery health check and load test - UPS-HP-06,OPEN,MEDIUM,"Perform ups battery health check and load test for APC Smart-UPS SRT 3000VA installed at UPS Room - HP-06. Assigned owner: Electrician. Include functional checks, log review, and required remedial actions if deviations are found.",2025-10-23,8.0,134,1100.0,2025-08-22 01:32:00,2025-08-24 16:32:00,false,Power Maintenance,UPS Room - HP-06,Facilities,Electrician,,UPS-HP-06,,,false,,,2025-08-22 01:32:00
Test ATS failover sequence - ATS-Panel-HP-06,IN_PROGRESS,MEDIUM,"Test ats failover sequence for Schneider EasyPact Automatic Transfer Switch installed at Electrical Room - HP-06. Assigned owner: Electrician. Include functional checks, log review, and required remedial actions if deviations are found.",2025-10-04,8.0,135,1200.0,2025-06-29 04:37:00,2025-07-01 20:37:00,false,Power Maintenance,Electrical Room - HP-06,Facilities,Electrician,,ATS-Panel-HP-06,,,false,,,2025-06-29 04:37:00
Replace filters and inspect cooling performance - CRAC-Unit-HP-06,IN_PROGRESS,LOW,"Replace filters and inspect cooling performance for Vertiv Liebert PDX Precision Cooling Unit installed at HVAC Plant - HP-06. Assigned owner: HVAC Technician. Include functional checks, log review, and required remedial actions if deviations are found.",2026-02-03,2.0,136,325.0,2025-10-10 03:24:00,2025-10-12 20:24:00,false,Preventive Maintenance,HVAC Plant - HP-06,Facilities,HVAC Technician,,CRAC-Unit-HP-06,,,false,,Alpha Secure Systems,2025-10-10 03:24:00
Monthly backup generator test run - Generator-HP-06,DONE,LOW,"Monthly backup generator test run for Cummins C275D5 Backup Generator installed at Generator Yard - HP-06. Assigned owner: Electrician. Include functional checks, log review, and required remedial actions if deviations are found.",2025-08-22,2.0,137,150.0,2025-08-10 00:01:00,2025-08-18 03:01:00,false,Power Maintenance,Generator Yard - HP-06,Facilities,Electrician,,Generator-HP-06,Dat Le,2025-08-18 03:01:00,true,Inspection completed and no critical issues were found.,,2025-08-10 00:01:00
Clean and validate visitor kiosk peripherals - Visitor-Kiosk-HP-06,DONE,MEDIUM,"Clean and validate visitor kiosk peripherals for ZKTeco SpeedFace-V5L Visitor Kiosk installed at Reception - HP-06. Assigned owner: Security Officer. Include functional checks, log review, and required remedial actions if deviations are found.",2025-04-29,2.0,138,175.0,2025-04-17 22:24:00,2025-04-25 03:24:00,false,Preventive Maintenance,Reception - HP-06,Security Operations,Security Officer,,Visitor-Kiosk-HP-06,Vy Do,2025-04-25 03:24:00,true,Maintenance completed successfully. Performance is stable after service.,,2025-04-17 22:24:00
Clean camera lens and verify image quality - Loading-Bay-Camera-HP-06,OPEN,HIGH,"Clean camera lens and verify image quality for Hikvision DS-2CD2686G2 Bullet Camera installed at Loading Bay - HP-06. Assigned owner: Security Officer. Include functional checks, log review, and required remedial actions if deviations are found.",2026-04-07,2.0,139,200.0,2025-12-04 05:05:00,2025-12-07 01:05:00,false,Security Maintenance,Loading Bay - HP-06,Security Operations,Security Officer,,Loading-Bay-Camera-HP-06,,,false,,Mekong Telecom Services,2025-12-04 05:05:00
Inspect backhaul alignment and RSSI stability - Microwave-Radio-HP-06,OPEN,URGENT,"Inspect backhaul alignment and rssi stability for Ceragon IP-20C Microwave Radio installed at Roof - HP-06. Assigned owner: Field Technician. Include functional checks, log review, and required remedial actions if deviations are found.",2025-10-06,4.0,140,450.0,2025-07-10 06:44:00,2025-07-13 03:44:00,true,Network Maintenance,Roof - HP-06,Cellular Maintenance,Field Technician,,Microwave-Radio-HP-06,,,false,,,2025-07-10 06:44:00
Inspect and clean fiber terminations - Fiber-Patch-Panel-HP-06,DONE,URGENT,"Inspect and clean fiber terminations for Corning EDGE Fiber Patch Panel installed at IDF Room 1 - HP-06. Assigned owner: Cabling Technician. Include functional checks, log review, and required remedial actions if deviations are found.",2026-02-25,3.0,141,375.0,2026-01-31 02:49:00,2026-02-16 12:49:00,true,Preventive Maintenance,IDF Room 1 - HP-06,Infrastructure,Cabling Technician,,Fiber-Patch-Panel-HP-06,Kiet Tran,2026-02-16 12:49:00,false,Task completed successfully. Asset is operating within expected thresholds.,,2026-01-31 02:49:00
Verify edge switch firmware and uplink stability - Edge-Switch-HP-06,DONE,MEDIUM,"Verify edge switch firmware and uplink stability for Cisco Catalyst 9300 Edge Switch installed at IDF Room 2 - HP-06. Assigned owner: Network Engineer. Include functional checks, log review, and required remedial actions if deviations are found.",2026-02-12,2.0,142,275.0,2026-01-31 19:24:00,2026-02-12 19:24:00,false,Network Maintenance,IDF Room 2 - HP-06,Network Operations,Network Engineer,,Edge-Switch-HP-06,Bao Nguyen,2026-02-12 19:24:00,false,Work order closed after verification by the site operations team.,,2026-01-31 19:24:00
Optimize antenna alignment and sector KPIs - 5G-Antenna-HP-06,IN_PROGRESS,HIGH,"Optimize antenna alignment and sector kpis for Ericsson AIR 6488 Massive MIMO Antenna installed at Telecom Mast - HP-06. Assigned owner: Field Technician. Include functional checks, log review, and required remedial actions if deviations are found.",2026-04-15,3.0,143,450.0,2026-03-30 22:13:00,2026-04-02 22:13:00,false,Cellular Maintenance,Telecom Mast - HP-06,Cellular Maintenance,Field Technician,,5G-Antenna-HP-06,,,false,,,2026-03-30 22:13:00
Review baseband alarms and software health - Baseband-Unit-HP-06,ON_HOLD,LOW,"Review baseband alarms and software health for Nokia AirScale Baseband Unit installed at Base Station - HP-06. Assigned owner: Field Technician. Include functional checks, log review, and required remedial actions if deviations are found.",2026-03-27,2.0,144,325.0,2026-03-21 03:06:00,2026-03-24 04:06:00,false,Cellular Maintenance,Base Station - HP-06,Cellular Maintenance,Field Technician,,Baseband-Unit-HP-06,,,false,,,2026-03-21 03:06:00
Inspect RRU connectors and weather sealing - Radio-Unit-HP-06,DONE,LOW,"Inspect rru connectors and weather sealing for Ericsson Radio 4422 Remote Radio Unit installed at Antenna Array - HP-06. Assigned owner: Field Technician. Include functional checks, log review, and required remedial actions if deviations are found.",2026-04-14,4.0,145,300.0,2026-03-30 21:50:00,2026-04-14 21:50:00,false,Cellular Maintenance,Antenna Array - HP-06,Cellular Maintenance,Field Technician,,Radio-Unit-HP-06,Duc Nguyen,2026-04-14 21:50:00,false,Work order closed after verification by the site operations team.,,2026-03-30 21:50:00
Validate gateway sensor polling and packet delivery - Sensor-Gateway-HP-06,ON_HOLD,LOW,"Validate gateway sensor polling and packet delivery for Advantech WISE-6610 IoT Gateway installed at Storage Room - HP-06. Assigned owner: Facilities Supervisor. Include functional checks, log review, and required remedial actions if deviations are found.",2025-12-25,4.0,146,350.0,2025-10-25 07:54:00,2025-10-25 10:54:00,false,Preventive Maintenance,Storage Room - HP-06,Facilities,Facilities Supervisor,,Sensor-Gateway-HP-06,,,false,,,2025-10-25 07:54:00
Tune wireless controller profiles and client balancing - WiFi-Controller-HP-06,IN_PROGRESS,HIGH,"Tune wireless controller profiles and client balancing for Cisco Catalyst 9800-L Wireless Controller installed at Office Floor 1 - HP-06. Assigned owner: Network Engineer. Include functional checks, log review, and required remedial actions if deviations are found.",2026-02-07,2.0,147,200.0,2026-02-03 15:07:00,2026-02-03 19:07:00,true,Network Maintenance,Office Floor 1 - HP-06,Network Operations,Network Engineer,,WiFi-Controller-HP-06,,,false,,,2026-02-03 15:07:00
Validate AP channel plan and client coverage - Access-Point-HP-06,DONE,MEDIUM,"Validate ap channel plan and client coverage for Aruba AP-515 Wireless Access Point installed at Office Floor 2 - HP-06. Assigned owner: Network Engineer. Include functional checks, log review, and required remedial actions if deviations are found.",2025-07-22,4.0,148,450.0,2025-07-14 12:46:00,2025-07-22 12:46:00,false,Network Maintenance,Office Floor 2 - HP-06,Network Operations,Network Engineer,,Access-Point-HP-06,Tuan Vo,2025-07-22 12:46:00,false,Corrective action implemented and follow-up checks were satisfactory.,,2025-07-14 12:46:00
Review GPU thermals and update AI server firmware - AI-Analytics-Server-HP-06,DONE,URGENT,"Review gpu thermals and update ai server firmware for NVIDIA DGX A100 AI Analytics Server installed at Lab A - HP-06. Assigned owner: AI Specialist. Include functional checks, log review, and required remedial actions if deviations are found.",2025-11-27,1.0,149,125.0,2025-11-10 23:35:00,2025-11-16 06:35:00,false,Server Maintenance,Lab A - HP-06,AI Operations,AI Specialist,,AI-Analytics-Server-HP-06,Nhi Tran,2025-11-16 06:35:00,false,GPU temperatures normalized after maintenance and all accelerators passed diagnostics.,,2025-11-10 23:35:00
Verify monitoring appliance calibration and alerting - Monitoring-Appliance-HP-06,DONE,MEDIUM,"Verify monitoring appliance calibration and alerting for Fluke OptiView XG Network Monitoring Appliance installed at Workshop - HP-06. Assigned owner: Network Engineer. Include functional checks, log review, and required remedial actions if deviations are found.",2025-07-26,8.0,150,1100.0,2025-07-01 20:54:00,2025-07-17 02:54:00,false,Calibration,Workshop - HP-06,Network Operations,Network Engineer,,Monitoring-Appliance-HP-06,Bao Nguyen,2025-07-17 02:54:00,false,Maintenance completed successfully. Performance is stable after service.,,2025-07-01 20:54:00
Calibrate monitoring thresholds - Monitoring-System-CT-07,DONE,MEDIUM,"Calibrate monitoring thresholds for SolarWinds Hybrid Cloud Observability Appliance installed at Infrastructure Site - CT-07. Assigned owner: Network Engineer. Include functional checks, log review, and required remedial actions if deviations are found.",2025-06-26,1.0,151,150.0,2025-06-13 02:56:00,2025-06-18 12:56:00,false,Calibration,Infrastructure Site - CT-07,Network Operations,Network Engineer,,Monitoring-System-CT-07,Bao Nguyen,2025-06-18 12:56:00,false,Maintenance completed successfully. Performance is stable after service.,,2025-06-13 02:56:00
Quarterly preventive maintenance on core router - Core-Router-CT-07,IN_PROGRESS,MEDIUM,"Quarterly preventive maintenance on core router for Cisco ASR 9904 Core Router installed at Network Operations Center (NOC) - CT-07. Assigned owner: Network Engineer. Include functional checks, log review, and required remedial actions if deviations are found.",2026-02-24,6.0,152,975.0,2025-10-03 19:23:00,2025-10-04 04:23:00,false,Network Maintenance,Network Operations Center (NOC) - CT-07,Network Operations,Network Engineer,,Core-Router-CT-07,,,false,,,2025-10-03 19:23:00
Review VMS storage health and recording retention - Security-VMS-Server-CT-07,OPEN,URGENT,"Review vms storage health and recording retention for Milestone Husky IVO 350R Video Management Server installed at Security Operations Center (SOC) - CT-07. Assigned owner: Security Officer. Include functional checks, log review, and required remedial actions if deviations are found.",2025-06-02,4.0,153,300.0,2025-01-26 08:25:00,2025-01-26 18:25:00,false,Security Maintenance,Security Operations Center (SOC) - CT-07,Security Operations,Security Officer,,Security-VMS-Server-CT-07,,,false,,,2025-01-26 08:25:00
Patch hypervisor host and validate cluster health - Virtualization-Host-CT-07,OPEN,URGENT,"Patch hypervisor host and validate cluster health for Dell PowerEdge R750 Virtualization Host installed at Server Room A - CT-07. Assigned owner: System Administrator. Include functional checks, log review, and required remedial actions if deviations are found.",2025-08-27,6.0,154,525.0,2025-06-08 22:38:00,2025-06-09 09:38:00,true,Server Maintenance,Server Room A - CT-07,Server Operations,System Administrator,,Virtualization-Host-CT-07,,,false,,,2025-06-08 22:38:00
Inspect storage array alerts and firmware status - Storage-Array-CT-07,OPEN,HIGH,"Inspect storage array alerts and firmware status for NetApp AFF A250 Storage Array installed at Server Room B - CT-07. Assigned owner: Storage Administrator. Include functional checks, log review, and required remedial actions if deviations are found.",2025-05-02,8.0,155,800.0,2025-03-23 08:32:00,2025-03-23 20:32:00,true,Server Maintenance,Server Room B - CT-07,Server Operations,Storage Administrator,,Storage-Array-CT-07,,,false,,,2025-03-23 08:32:00
Validate switch port configuration and error counters - Access-Switch-CT-07,OPEN,LOW,"Validate switch port configuration and error counters for Juniper EX4300 Access Switch installed at Network Closet - CT-07. Assigned owner: Network Engineer. Include functional checks, log review, and required remedial actions if deviations are found.",2026-02-24,2.0,156,225.0,2026-02-12 15:26:00,2026-02-13 04:26:00,false,Network Maintenance,Network Closet - CT-07,Network Operations,Network Engineer,,Access-Switch-CT-07,,,false,,,2026-02-12 15:26:00
Update access control firmware and credential sync - Access-Control-Panel-CT-07,DONE,MEDIUM,"Update access control firmware and credential sync for Paxton Net2 Plus Access Control Panel installed at Access Control Room - CT-07. Assigned owner: Security Officer. Include functional checks, log review, and required remedial actions if deviations are found.",2026-03-02,6.0,157,750.0,2026-02-22 00:12:00,2026-02-27 04:12:00,false,Security Maintenance,Access Control Room - CT-07,Security Operations,Security Officer,,Access-Control-Panel-CT-07,An Nguyen,2026-02-27 04:12:00,false,Maintenance completed successfully. Performance is stable after service.,,2026-02-22 00:12:00
Inspect NVR recording capacity and camera retention - NVR-CT-07,DONE,URGENT,"Inspect nvr recording capacity and camera retention for Hikvision DS-9632NI-M8 Network Video Recorder installed at Video Surveillance Room - CT-07. Assigned owner: Security Officer. Include functional checks, log review, and required remedial actions if deviations are found.",2026-04-03,8.0,158,1100.0,2026-03-24 00:28:00,2026-03-29 08:28:00,true,Security Maintenance,Video Surveillance Room - CT-07,Security Operations,Security Officer,,NVR-CT-07,An Nguyen,2026-03-29 08:28:00,false,Task completed successfully. Asset is operating within expected thresholds.,,2026-03-24 00:28:00
Perform UPS battery health check and load test - UPS-CT-07,ON_HOLD,HIGH,"Perform ups battery health check and load test for APC Smart-UPS SRT 3000VA installed at UPS Room - CT-07. Assigned owner: Electrician. Include functional checks, log review, and required remedial actions if deviations are found.",2026-04-13,1.0,159,150.0,2026-03-19 11:11:00,2026-03-20 03:11:00,true,Power Maintenance,UPS Room - CT-07,Facilities,Electrician,,UPS-CT-07,,,false,,,2026-03-19 11:11:00
Test ATS failover sequence - ATS-Panel-CT-07,DONE,MEDIUM,"Test ats failover sequence for Schneider EasyPact Automatic Transfer Switch installed at Electrical Room - CT-07. Assigned owner: Electrician. Include functional checks, log review, and required remedial actions if deviations are found.",2025-09-04,2.0,160,325.0,2025-08-20 08:50:00,2025-09-04 08:50:00,false,Power Maintenance,Electrical Room - CT-07,Facilities,Electrician,,ATS-Panel-CT-07,Tien Nguyen,2025-09-04 08:50:00,false,Inspection completed and no critical issues were found.,Mekong Telecom Services,2025-08-20 08:50:00
Replace filters and inspect cooling performance - CRAC-Unit-CT-07,DONE,MEDIUM,"Replace filters and inspect cooling performance for Vertiv Liebert PDX Precision Cooling Unit installed at HVAC Plant - CT-07. Assigned owner: HVAC Technician. Include functional checks, log review, and required remedial actions if deviations are found.",2025-05-27,4.0,161,300.0,2025-05-04 00:04:00,2025-05-11 08:04:00,false,Preventive Maintenance,HVAC Plant - CT-07,Facilities,HVAC Technician,,CRAC-Unit-CT-07,Son Nguyen,2025-05-11 08:04:00,true,Corrective action implemented and follow-up checks were satisfactory.,,2025-05-04 00:04:00
Monthly backup generator test run - Generator-CT-07,OPEN,HIGH,"Monthly backup generator test run for Cummins C275D5 Backup Generator installed at Generator Yard - CT-07. Assigned owner: Electrician. Include functional checks, log review, and required remedial actions if deviations are found.",2026-02-13,1.0,162,87.5,2026-01-28 02:36:00,2026-01-28 21:36:00,true,Power Maintenance,Generator Yard - CT-07,Facilities,Electrician,,Generator-CT-07,,,false,,,2026-01-28 02:36:00
Clean and validate visitor kiosk peripherals - Visitor-Kiosk-CT-07,OPEN,MEDIUM,"Clean and validate visitor kiosk peripherals for ZKTeco SpeedFace-V5L Visitor Kiosk installed at Reception - CT-07. Assigned owner: Security Officer. Include functional checks, log review, and required remedial actions if deviations are found.",2025-08-11,2.0,163,200.0,2025-06-01 07:56:00,2025-06-02 03:56:00,false,Preventive Maintenance,Reception - CT-07,Security Operations,Security Officer,,Visitor-Kiosk-CT-07,,,false,,,2025-06-01 07:56:00
Clean camera lens and verify image quality - Loading-Bay-Camera-CT-07,DONE,LOW,"Clean camera lens and verify image quality for Hikvision DS-2CD2686G2 Bullet Camera installed at Loading Bay - CT-07. Assigned owner: Security Officer. Include functional checks, log review, and required remedial actions if deviations are found.",2025-03-01,8.0,164,900.0,2025-02-23 08:01:00,2025-03-01 08:01:00,false,Security Maintenance,Loading Bay - CT-07,Security Operations,Security Officer,,Loading-Bay-Camera-CT-07,Vy Do,2025-03-01 08:01:00,true,Task completed successfully. Asset is operating within expected thresholds.,,2025-02-23 08:01:00
Inspect backhaul alignment and RSSI stability - Microwave-Radio-CT-07,DONE,LOW,"Inspect backhaul alignment and rssi stability for Ceragon IP-20C Microwave Radio installed at Roof - CT-07. Assigned owner: Field Technician. Include functional checks, log review, and required remedial actions if deviations are found.",2025-11-23,1.0,165,125.0,2025-10-31 21:57:00,2025-11-10 00:57:00,false,Network Maintenance,Roof - CT-07,Cellular Maintenance,Field Technician,,Microwave-Radio-CT-07,Tien Bui,2025-11-10 00:57:00,false,Work order closed after verification by the site operations team.,,2025-10-31 21:57:00
Inspect and clean fiber terminations - Fiber-Patch-Panel-CT-07,DONE,LOW,"Inspect and clean fiber terminations for Corning EDGE Fiber Patch Panel installed at IDF Room 1 - CT-07. Assigned owner: Cabling Technician. Include functional checks, log review, and required remedial actions if deviations are found.",2026-03-04,2.0,166,275.0,2026-02-18 18:46:00,2026-03-01 02:46:00,false,Preventive Maintenance,IDF Room 1 - CT-07,Infrastructure,Cabling Technician,,Fiber-Patch-Panel-CT-07,Loc Nguyen,2026-03-01 02:46:00,false,Task completed successfully. Asset is operating within expected thresholds.,,2026-02-18 18:46:00
Verify edge switch firmware and uplink stability - Edge-Switch-CT-07,IN_PROGRESS,URGENT,"Verify edge switch firmware and uplink stability for Cisco Catalyst 9300 Edge Switch installed at IDF Room 2 - CT-07. Assigned owner: Network Engineer. Include functional checks, log review, and required remedial actions if deviations are found.",2025-09-06,3.0,167,450.0,2025-06-07 00:40:00,2025-06-08 00:40:00,true,Network Maintenance,IDF Room 2 - CT-07,Network Operations,Network Engineer,,Edge-Switch-CT-07,,,false,,,2025-06-07 00:40:00
Optimize antenna alignment and sector KPIs - 5G-Antenna-CT-07,DONE,MEDIUM,"Optimize antenna alignment and sector kpis for Ericsson AIR 6488 Massive MIMO Antenna installed at Telecom Mast - CT-07. Assigned owner: Field Technician. Include functional checks, log review, and required remedial actions if deviations are found.",2025-03-16,2.0,168,325.0,2025-02-19 09:36:00,2025-02-25 10:36:00,false,Cellular Maintenance,Telecom Mast - CT-07,Cellular Maintenance,Field Technician,,5G-Antenna-CT-07,Duc Nguyen,2025-02-25 10:36:00,true,Sector alignment improved signal quality and throughput remained stable after tuning.,,2025-02-19 09:36:00
Review baseband alarms and software health - Baseband-Unit-CT-07,DONE,MEDIUM,"Review baseband alarms and software health for Nokia AirScale Baseband Unit installed at Base Station - CT-07. Assigned owner: Field Technician. Include functional checks, log review, and required remedial actions if deviations are found.",2025-06-12,6.0,169,450.0,2025-05-28 13:25:00,2025-06-01 17:25:00,false,Cellular Maintenance,Base Station - CT-07,Cellular Maintenance,Field Technician,,Baseband-Unit-CT-07,Duc Nguyen,2025-06-01 17:25:00,true,Maintenance completed successfully. Performance is stable after service.,,2025-05-28 13:25:00
Inspect RRU connectors and weather sealing - Radio-Unit-CT-07,ON_HOLD,MEDIUM,"Inspect rru connectors and weather sealing for Ericsson Radio 4422 Remote Radio Unit installed at Antenna Array - CT-07. Assigned owner: Field Technician. Include functional checks, log review, and required remedial actions if deviations are found.",2025-04-08,2.0,170,175.0,2025-01-10 15:20:00,2025-01-11 18:20:00,false,Cellular Maintenance,Antenna Array - CT-07,Cellular Maintenance,Field Technician,,Radio-Unit-CT-07,,,false,,,2025-01-10 15:20:00
Validate gateway sensor polling and packet delivery - Sensor-Gateway-CT-07,DONE,MEDIUM,"Validate gateway sensor polling and packet delivery for Advantech WISE-6610 IoT Gateway installed at Storage Room - CT-07. Assigned owner: Facilities Supervisor. Include functional checks, log review, and required remedial actions if deviations are found.",2025-06-25,8.0,171,800.0,2025-06-20 02:16:00,2025-06-25 02:16:00,false,Preventive Maintenance,Storage Room - CT-07,Facilities,Facilities Supervisor,,Sensor-Gateway-CT-07,Diem Nguyen,2025-06-25 02:16:00,true,Task completed successfully. Asset is operating within expected thresholds.,,2025-06-20 02:16:00
Tune wireless controller profiles and client balancing - WiFi-Controller-CT-07,DONE,MEDIUM,"Tune wireless controller profiles and client balancing for Cisco Catalyst 9800-L Wireless Controller installed at Office Floor 1 - CT-07. Assigned owner: Network Engineer. Include functional checks, log review, and required remedial actions if deviations are found.",2025-05-07,4.0,172,450.0,2025-04-14 14:01:00,2025-04-30 16:01:00,false,Network Maintenance,Office Floor 1 - CT-07,Network Operations,Network Engineer,,WiFi-Controller-CT-07,Tuan Vo,2025-04-30 16:01:00,true,Corrective action implemented and follow-up checks were satisfactory.,,2025-04-14 14:01:00
Validate AP channel plan and client coverage - Access-Point-CT-07,DONE,MEDIUM,"Validate ap channel plan and client coverage for Aruba AP-515 Wireless Access Point installed at Office Floor 2 - CT-07. Assigned owner: Network Engineer. Include functional checks, log review, and required remedial actions if deviations are found.",2025-07-09,1.0,173,125.0,2025-06-30 20:43:00,2025-07-02 06:43:00,false,Network Maintenance,Office Floor 2 - CT-07,Network Operations,Network Engineer,,Access-Point-CT-07,Tuan Vo,2025-07-02 06:43:00,false,Task completed successfully. Asset is operating within expected thresholds.,,2025-06-30 20:43:00
Review GPU thermals and update AI server firmware - AI-Analytics-Server-CT-07,IN_PROGRESS,LOW,"Review gpu thermals and update ai server firmware for NVIDIA DGX A100 AI Analytics Server installed at Lab A - CT-07. Assigned owner: AI Specialist. Include functional checks, log review, and required remedial actions if deviations are found.",2025-04-29,4.0,174,550.0,2025-03-03 23:55:00,2025-03-05 06:55:00,false,Server Maintenance,Lab A - CT-07,AI Operations,AI Specialist,,AI-Analytics-Server-CT-07,,,false,,,2025-03-03 23:55:00
Verify monitoring appliance calibration and alerting - Monitoring-Appliance-CT-07,ON_HOLD,HIGH,"Verify monitoring appliance calibration and alerting for Fluke OptiView XG Network Monitoring Appliance installed at Workshop - CT-07. Assigned owner: Network Engineer. Include functional checks, log review, and required remedial actions if deviations are found.",2026-01-02,6.0,175,900.0,2025-12-11 23:39:00,2025-12-13 07:39:00,false,Calibration,Workshop - CT-07,Network Operations,Network Engineer,,Monitoring-Appliance-CT-07,,,false,,,2025-12-11 23:39:00
Calibrate monitoring thresholds - Monitoring-System-BD-08,OPEN,LOW,"Calibrate monitoring thresholds for SolarWinds Hybrid Cloud Observability Appliance installed at Infrastructure Site - BD-08. Assigned owner: Network Engineer. Include functional checks, log review, and required remedial actions if deviations are found.",2025-11-29,3.0,176,487.5,2025-07-08 11:50:00,2025-07-09 20:50:00,false,Calibration,Infrastructure Site - BD-08,Network Operations,Network Engineer,,Monitoring-System-BD-08,,,false,,,2025-07-08 11:50:00
Quarterly preventive maintenance on core router - Core-Router-BD-08,ON_HOLD,MEDIUM,"Quarterly preventive maintenance on core router for Cisco ASR 9904 Core Router installed at Network Operations Center (NOC) - BD-08. Assigned owner: Network Engineer. Include functional checks, log review, and required remedial actions if deviations are found.",2026-02-14,1.0,177,75.0,2026-02-10 08:56:00,2026-02-11 18:56:00,false,Network Maintenance,Network Operations Center (NOC) - BD-08,Network Operations,Network Engineer,,Core-Router-BD-08,,,false,,,2026-02-10 08:56:00
Review VMS storage health and recording retention - Security-VMS-Server-BD-08,OPEN,URGENT,"Review vms storage health and recording retention for Milestone Husky IVO 350R Video Management Server installed at Security Operations Center (SOC) - BD-08. Assigned owner: Security Officer. Include functional checks, log review, and required remedial actions if deviations are found.",2025-07-06,2.0,178,175.0,2025-04-21 06:20:00,2025-04-22 17:20:00,false,Security Maintenance,Security Operations Center (SOC) - BD-08,Security Operations,Security Officer,,Security-VMS-Server-BD-08,,,false,,,2025-04-21 06:20:00
Patch hypervisor host and validate cluster health - Virtualization-Host-BD-08,IN_PROGRESS,LOW,"Patch hypervisor host and validate cluster health for Dell PowerEdge R750 Virtualization Host installed at Server Room A - BD-08. Assigned owner: System Administrator. Include functional checks, log review, and required remedial actions if deviations are found.",2025-12-23,6.0,179,600.0,2025-08-31 06:05:00,2025-09-01 18:05:00,false,Server Maintenance,Server Room A - BD-08,Server Operations,System Administrator,,Virtualization-Host-BD-08,,,false,,,2025-08-31 06:05:00
Inspect storage array alerts and firmware status - Storage-Array-BD-08,DONE,MEDIUM,"Inspect storage array alerts and firmware status for NetApp AFF A250 Storage Array installed at Server Room B - BD-08. Assigned owner: Storage Administrator. Include functional checks, log review, and required remedial actions if deviations are found.",2025-06-19,2.0,180,225.0,2025-06-06 18:23:00,2025-06-19 18:23:00,false,Server Maintenance,Server Room B - BD-08,Server Operations,Storage Administrator,,Storage-Array-BD-08,Trang Pham,2025-06-19 18:23:00,true,Work order closed after verification by the site operations team.,,2025-06-06 18:23:00
Validate switch port configuration and error counters - Access-Switch-BD-08,DONE,HIGH,"Validate switch port configuration and error counters for Juniper EX4300 Access Switch installed at Network Closet - BD-08. Assigned owner: Network Engineer. Include functional checks, log review, and required remedial actions if deviations are found.",2025-05-28,1.0,181,125.0,2025-05-02 09:47:00,2025-05-05 14:47:00,true,Network Maintenance,Network Closet - BD-08,Network Operations,Network Engineer,,Access-Switch-BD-08,Quoc Pham,2025-05-05 14:47:00,false,Inspection completed and no critical issues were found.,,2025-05-02 09:47:00
Update access control firmware and credential sync - Access-Control-Panel-BD-08,IN_PROGRESS,MEDIUM,"Update access control firmware and credential sync for Paxton Net2 Plus Access Control Panel installed at Access Control Room - BD-08. Assigned owner: Security Officer. Include functional checks, log review, and required remedial actions if deviations are found.",2025-11-10,8.0,182,1100.0,2025-08-26 21:24:00,2025-08-28 12:24:00,false,Security Maintenance,Access Control Room - BD-08,Security Operations,Security Officer,,Access-Control-Panel-BD-08,,,false,,,2025-08-26 21:24:00
Inspect NVR recording capacity and camera retention - NVR-BD-08,DONE,LOW,"Inspect nvr recording capacity and camera retention for Hikvision DS-9632NI-M8 Network Video Recorder installed at Video Surveillance Room - BD-08. Assigned owner: Security Officer. Include functional checks, log review, and required remedial actions if deviations are found.",2025-06-14,4.0,183,600.0,2025-05-28 14:52:00,2025-06-10 21:52:00,false,Security Maintenance,Video Surveillance Room - BD-08,Security Operations,Security Officer,,NVR-BD-08,Tuan Hoang,2025-06-10 21:52:00,false,Maintenance completed successfully. Performance is stable after service.,,2025-05-28 14:52:00
Perform UPS battery health check and load test - UPS-BD-08,OPEN,MEDIUM,"Perform ups battery health check and load test for APC Smart-UPS SRT 3000VA installed at UPS Room - BD-08. Assigned owner: Electrician. Include functional checks, log review, and required remedial actions if deviations are found.",2025-06-21,2.0,184,325.0,2025-02-25 15:54:00,2025-02-27 08:54:00,false,Power Maintenance,UPS Room - BD-08,Facilities,Electrician,,UPS-BD-08,,,false,,,2025-02-25 15:54:00
Test ATS failover sequence - ATS-Panel-BD-08,ON_HOLD,MEDIUM,"Test ats failover sequence for Schneider EasyPact Automatic Transfer Switch installed at Electrical Room - BD-08. Assigned owner: Electrician. Include functional checks, log review, and required remedial actions if deviations are found.",2026-01-15,4.0,185,300.0,2025-09-29 01:58:00,2025-09-30 19:58:00,false,Power Maintenance,Electrical Room - BD-08,Facilities,Electrician,,ATS-Panel-BD-08,,,false,,Mekong Telecom Services,2025-09-29 01:58:00
Replace filters and inspect cooling performance - CRAC-Unit-BD-08,DONE,HIGH,"Replace filters and inspect cooling performance for Vertiv Liebert PDX Precision Cooling Unit installed at HVAC Plant - BD-08. Assigned owner: HVAC Technician. Include functional checks, log review, and required remedial actions if deviations are found.",2025-02-13,4.0,186,350.0,2025-01-23 06:43:00,2025-02-01 10:43:00,true,Preventive Maintenance,HVAC Plant - BD-08,Facilities,HVAC Technician,,CRAC-Unit-BD-08,Lam Ho,2025-02-01 10:43:00,false,Inspection completed and no critical issues were found.,,2025-01-23 06:43:00
Monthly backup generator test run - Generator-BD-08,DONE,MEDIUM,"Monthly backup generator test run for Cummins C275D5 Backup Generator installed at Generator Yard - BD-08. Assigned owner: Electrician. Include functional checks, log review, and required remedial actions if deviations are found.",2025-11-13,2.0,187,200.0,2025-10-26 20:45:00,2025-11-09 23:45:00,false,Power Maintenance,Generator Yard - BD-08,Facilities,Electrician,,Generator-BD-08,Khanh Truong,2025-11-09 23:45:00,false,Work order closed after verification by the site operations team.,,2025-10-26 20:45:00
Clean and validate visitor kiosk peripherals - Visitor-Kiosk-BD-08,DONE,MEDIUM,"Clean and validate visitor kiosk peripherals for ZKTeco SpeedFace-V5L Visitor Kiosk installed at Reception - BD-08. Assigned owner: Security Officer. Include functional checks, log review, and required remedial actions if deviations are found.",2025-10-30,2.0,188,225.0,2025-10-25 15:41:00,2025-10-30 15:41:00,false,Preventive Maintenance,Reception - BD-08,Security Operations,Security Officer,,Visitor-Kiosk-BD-08,Vy Do,2025-10-30 15:41:00,false,Inspection completed and no critical issues were found.,,2025-10-25 15:41:00
Clean camera lens and verify image quality - Loading-Bay-Camera-BD-08,OPEN,LOW,"Clean camera lens and verify image quality for Hikvision DS-2CD2686G2 Bullet Camera installed at Loading Bay - BD-08. Assigned owner: Security Officer. Include functional checks, log review, and required remedial actions if deviations are found.",2025-12-05,8.0,189,1000.0,2025-08-28 15:24:00,2025-08-30 13:24:00,false,Security Maintenance,Loading Bay - BD-08,Security Operations,Security Officer,,Loading-Bay-Camera-BD-08,,,false,,Mekong Telecom Services,2025-08-28 15:24:00
Inspect backhaul alignment and RSSI stability - Microwave-Radio-BD-08,DONE,MEDIUM,"Inspect backhaul alignment and rssi stability for Ceragon IP-20C Microwave Radio installed at Roof - BD-08. Assigned owner: Field Technician. Include functional checks, log review, and required remedial actions if deviations are found.",2025-06-04,3.0,190,412.5,2025-05-18 08:21:00,2025-05-24 17:21:00,false,Network Maintenance,Roof - BD-08,Cellular Maintenance,Field Technician,,Microwave-Radio-BD-08,Hieu Do,2025-05-24 17:21:00,false,Work order closed after verification by the site operations team.,,2025-05-18 08:21:00
Inspect and clean fiber terminations - Fiber-Patch-Panel-BD-08,DONE,MEDIUM,"Inspect and clean fiber terminations for Corning EDGE Fiber Patch Panel installed at IDF Room 1 - BD-08. Assigned owner: Cabling Technician. Include functional checks, log review, and required remedial actions if deviations are found.",2025-06-15,6.0,191,900.0,2025-05-30 08:59:00,2025-06-15 08:59:00,false,Preventive Maintenance,IDF Room 1 - BD-08,Infrastructure,Cabling Technician,,Fiber-Patch-Panel-BD-08,Quang Bui,2025-06-15 08:59:00,false,Inspection completed and no critical issues were found.,,2025-05-30 08:59:00
Verify edge switch firmware and uplink stability - Edge-Switch-BD-08,DONE,MEDIUM,"Verify edge switch firmware and uplink stability for Cisco Catalyst 9300 Edge Switch installed at IDF Room 2 - BD-08. Assigned owner: Network Engineer. Include functional checks, log review, and required remedial actions if deviations are found.",2025-03-09,8.0,192,1300.0,2025-02-20 05:56:00,2025-02-24 06:56:00,false,Network Maintenance,IDF Room 2 - BD-08,Network Operations,Network Engineer,,Edge-Switch-BD-08,Minh Tran,2025-02-24 06:56:00,true,Task completed successfully. Asset is operating within expected thresholds.,,2025-02-20 05:56:00
Optimize antenna alignment and sector KPIs - 5G-Antenna-BD-08,ON_HOLD,HIGH,"Optimize antenna alignment and sector kpis for Ericsson AIR 6488 Massive MIMO Antenna installed at Telecom Mast - BD-08. Assigned owner: Field Technician. Include functional checks, log review, and required remedial actions if deviations are found.",2026-02-28,8.0,193,600.0,2026-02-11 01:01:00,2026-02-13 03:01:00,false,Cellular Maintenance,Telecom Mast - BD-08,Cellular Maintenance,Field Technician,,5G-Antenna-BD-08,,,false,,,2026-02-11 01:01:00
Review baseband alarms and software health - Baseband-Unit-BD-08,DONE,URGENT,"Review baseband alarms and software health for Nokia AirScale Baseband Unit installed at Base Station - BD-08. Assigned owner: Field Technician. Include functional checks, log review, and required remedial actions if deviations are found.",2025-10-17,4.0,194,350.0,2025-09-24 19:25:00,2025-10-14 20:25:00,true,Cellular Maintenance,Base Station - BD-08,Cellular Maintenance,Field Technician,,Baseband-Unit-BD-08,Tien Bui,2025-10-14 20:25:00,false,Maintenance completed successfully. Performance is stable after service.,,2025-09-24 19:25:00
Inspect RRU connectors and weather sealing - Radio-Unit-BD-08,ON_HOLD,HIGH,"Inspect rru connectors and weather sealing for Ericsson Radio 4422 Remote Radio Unit installed at Antenna Array - BD-08. Assigned owner: Field Technician. Include functional checks, log review, and required remedial actions if deviations are found.",2026-02-02,4.0,195,400.0,2025-11-09 10:15:00,2025-11-11 14:15:00,false,Cellular Maintenance,Antenna Array - BD-08,Cellular Maintenance,Field Technician,,Radio-Unit-BD-08,,,false,,,2025-11-09 10:15:00
Validate gateway sensor polling and packet delivery - Sensor-Gateway-BD-08,OPEN,MEDIUM,"Validate gateway sensor polling and packet delivery for Advantech WISE-6610 IoT Gateway installed at Storage Room - BD-08. Assigned owner: Facilities Supervisor. Include functional checks, log review, and required remedial actions if deviations are found.",2026-01-07,4.0,196,450.0,2026-01-05 10:21:00,2026-01-07 15:21:00,false,Preventive Maintenance,Storage Room - BD-08,Facilities,Facilities Supervisor,,Sensor-Gateway-BD-08,,,false,,,2026-01-05 10:21:00
Tune wireless controller profiles and client balancing - WiFi-Controller-BD-08,ON_HOLD,HIGH,"Tune wireless controller profiles and client balancing for Cisco Catalyst 9800-L Wireless Controller installed at Office Floor 1 - BD-08. Assigned owner: Network Engineer. Include functional checks, log review, and required remedial actions if deviations are found.",2025-12-25,4.0,197,500.0,2025-09-11 04:13:00,2025-09-13 10:13:00,false,Network Maintenance,Office Floor 1 - BD-08,Network Operations,Network Engineer,,WiFi-Controller-BD-08,,,false,,,2025-09-11 04:13:00
Validate AP channel plan and client coverage - Access-Point-BD-08,IN_PROGRESS,MEDIUM,"Validate ap channel plan and client coverage for Aruba AP-515 Wireless Access Point installed at Office Floor 2 - BD-08. Assigned owner: Network Engineer. Include functional checks, log review, and required remedial actions if deviations are found.",2026-02-25,2.0,198,275.0,2025-10-27 06:16:00,2025-10-29 13:16:00,false,Network Maintenance,Office Floor 2 - BD-08,Network Operations,Network Engineer,,Access-Point-BD-08,,,false,,,2025-10-27 06:16:00
Review GPU thermals and update AI server firmware - AI-Analytics-Server-BD-08,ON_HOLD,URGENT,"Review gpu thermals and update ai server firmware for NVIDIA DGX A100 AI Analytics Server installed at Lab A - BD-08. Assigned owner: AI Specialist. Include functional checks, log review, and required remedial actions if deviations are found.",2026-03-20,2.0,199,300.0,2026-03-03 13:22:00,2026-03-05 21:22:00,false,Server Maintenance,Lab A - BD-08,AI Operations,AI Specialist,,AI-Analytics-Server-BD-08,,,false,,,2026-03-03 13:22:00
Verify monitoring appliance calibration and alerting - Monitoring-Appliance-BD-08,OPEN,URGENT,"Verify monitoring appliance calibration and alerting for Fluke OptiView XG Network Monitoring Appliance installed at Workshop - BD-08. Assigned owner: Network Engineer. Include functional checks, log review, and required remedial actions if deviations are found.",2025-07-13,4.0,200,650.0,2025-03-11 19:07:00,2025-03-14 04:07:00,false,Calibration,Workshop - BD-08,Network Operations,Network Engineer,,Monitoring-Appliance-BD-08,,,false,,,2025-03-11 19:07:00
Calibrate monitoring thresholds - Monitoring-System-HN-09,DONE,URGENT,"Calibrate monitoring thresholds for SolarWinds Hybrid Cloud Observability Appliance installed at Infrastructure Site - HN-09. Assigned owner: Network Engineer. Include functional checks, log review, and required remedial actions if deviations are found.",2025-04-20,8.0,201,600.0,2025-04-16 18:40:00,2025-04-20 18:40:00,false,Calibration,Infrastructure Site - HN-09,Network Operations,Network Engineer,,Monitoring-System-HN-09,Quoc Pham,2025-04-20 18:40:00,false,Corrective action implemented and follow-up checks were satisfactory.,,2025-04-16 18:40:00
Quarterly preventive maintenance on core router - Core-Router-HN-09,DONE,HIGH,"Quarterly preventive maintenance on core router for Cisco ASR 9904 Core Router installed at Network Operations Center (NOC) - HN-09. Assigned owner: Network Engineer. Include functional checks, log review, and required remedial actions if deviations are found.",2025-11-20,6.0,202,525.0,2025-10-24 18:28:00,2025-11-02 20:28:00,true,Network Maintenance,Network Operations Center (NOC) - HN-09,Network Operations,Network Engineer,,Core-Router-HN-09,Minh Tran,2025-11-02 20:28:00,false,Maintenance completed successfully. Router performance and routing tables are stable.,,2025-10-24 18:28:00
Review VMS storage health and recording retention - Security-VMS-Server-HN-09,OPEN,HIGH,"Review vms storage health and recording retention for Milestone Husky IVO 350R Video Management Server installed at Security Operations Center (SOC) - HN-09. Assigned owner: Security Officer. Include functional checks, log review, and required remedial actions if deviations are found.",2025-08-19,4.0,203,400.0,2025-05-27 11:29:00,2025-05-29 23:29:00,false,Security Maintenance,Security Operations Center (SOC) - HN-09,Security Operations,Security Officer,,Security-VMS-Server-HN-09,,,false,,,2025-05-27 11:29:00
Patch hypervisor host and validate cluster health - Virtualization-Host-HN-09,IN_PROGRESS,LOW,"Patch hypervisor host and validate cluster health for Dell PowerEdge R750 Virtualization Host installed at Server Room A - HN-09. Assigned owner: System Administrator. Include functional checks, log review, and required remedial actions if deviations are found.",2026-03-05,6.0,204,675.0,2026-02-21 08:21:00,2026-02-23 21:21:00,false,Server Maintenance,Server Room A - HN-09,Server Operations,System Administrator,,Virtualization-Host-HN-09,,,false,,,2026-02-21 08:21:00
Inspect storage array alerts and firmware status - Storage-Array-HN-09,DONE,HIGH,"Inspect storage array alerts and firmware status for NetApp AFF A250 Storage Array installed at Server Room B - HN-09. Assigned owner: Storage Administrator. Include functional checks, log review, and required remedial actions if deviations are found.",2026-02-23,2.0,205,250.0,2026-02-09 00:52:00,2026-02-23 00:52:00,true,Server Maintenance,Server Room B - HN-09,Server Operations,Storage Administrator,,Storage-Array-HN-09,Nhat Le,2026-02-23 00:52:00,false,Inspection completed and no critical issues were found.,,2026-02-09 00:52:00
Validate switch port configuration and error counters - Access-Switch-HN-09,OPEN,MEDIUM,"Validate switch port configuration and error counters for Juniper EX4300 Access Switch installed at Network Closet - HN-09. Assigned owner: Network Engineer. Include functional checks, log review, and required remedial actions if deviations are found.",2025-07-25,1.0,206,137.5,2025-04-25 20:12:00,2025-04-28 11:12:00,false,Network Maintenance,Network Closet - HN-09,Network Operations,Network Engineer,,Access-Switch-HN-09,,,false,,,2025-04-25 20:12:00
Update access control firmware and credential sync - Access-Control-Panel-HN-09,ON_HOLD,URGENT,"Update access control firmware and credential sync for Paxton Net2 Plus Access Control Panel installed at Access Control Room - HN-09. Assigned owner: Security Officer. Include functional checks, log review, and required remedial actions if deviations are found.",2026-04-19,1.0,207,150.0,2026-03-23 03:36:00,2026-03-25 19:36:00,true,Security Maintenance,Access Control Room - HN-09,Security Operations,Security Officer,,Access-Control-Panel-HN-09,,,false,,,2026-03-23 03:36:00
Inspect NVR recording capacity and camera retention - NVR-HN-09,DONE,URGENT,"Inspect nvr recording capacity and camera retention for Hikvision DS-9632NI-M8 Network Video Recorder installed at Video Surveillance Room - HN-09. Assigned owner: Security Officer. Include functional checks, log review, and required remedial actions if deviations are found.",2025-03-08,8.0,208,1300.0,2025-02-11 03:54:00,2025-02-17 04:54:00,true,Security Maintenance,Video Surveillance Room - HN-09,Security Operations,Security Officer,,NVR-HN-09,Tuan Hoang,2025-02-17 04:54:00,true,Maintenance completed successfully. Performance is stable after service.,,2025-02-11 03:54:00
Perform UPS battery health check and load test - UPS-HN-09,DONE,MEDIUM,"Perform ups battery health check and load test for APC Smart-UPS SRT 3000VA installed at UPS Room - HN-09. Assigned owner: Electrician. Include functional checks, log review, and required remedial actions if deviations are found.",2025-11-12,4.0,209,300.0,2025-11-01 07:31:00,2025-11-08 16:31:00,false,Power Maintenance,UPS Room - HN-09,Facilities,Electrician,,UPS-HN-09,Tien Nguyen,2025-11-08 16:31:00,false,UPS battery strings passed the load test and runtime remained within target.,,2025-11-01 07:31:00
Test ATS failover sequence - ATS-Panel-HN-09,OPEN,HIGH,"Test ats failover sequence for Schneider EasyPact Automatic Transfer Switch installed at Electrical Room - HN-09. Assigned owner: Electrician. Include functional checks, log review, and required remedial actions if deviations are found.",2026-04-13,4.0,210,350.0,2026-03-28 03:08:00,2026-03-30 22:08:00,false,Power Maintenance,Electrical Room - HN-09,Facilities,Electrician,,ATS-Panel-HN-09,,,false,,,2026-03-28 03:08:00
Replace filters and inspect cooling performance - CRAC-Unit-HN-09,DONE,LOW,"Replace filters and inspect cooling performance for Vertiv Liebert PDX Precision Cooling Unit installed at HVAC Plant - HN-09. Assigned owner: HVAC Technician. Include functional checks, log review, and required remedial actions if deviations are found.",2025-06-26,1.0,211,100.0,2025-06-13 06:19:00,2025-06-26 06:19:00,false,Preventive Maintenance,HVAC Plant - HN-09,Facilities,HVAC Technician,,CRAC-Unit-HN-09,Hung Bui,2025-06-26 06:19:00,false,Inspection completed and no critical issues were found.,,2025-06-13 06:19:00
Monthly backup generator test run - Generator-HN-09,DONE,LOW,"Monthly backup generator test run for Cummins C275D5 Backup Generator installed at Generator Yard - HN-09. Assigned owner: Electrician. Include functional checks, log review, and required remedial actions if deviations are found.",2025-02-17,2.0,212,225.0,2025-02-14 02:05:00,2025-02-17 02:05:00,false,Power Maintenance,Generator Yard - HN-09,Facilities,Electrician,,Generator-HN-09,Tien Nguyen,2025-02-17 02:05:00,false,Work order closed after verification by the site operations team.,Red River Power Co.,2025-02-14 02:05:00
Clean and validate visitor kiosk peripherals - Visitor-Kiosk-HN-09,DONE,HIGH,"Clean and validate visitor kiosk peripherals for ZKTeco SpeedFace-V5L Visitor Kiosk installed at Reception - HN-09. Assigned owner: Security Officer. Include functional checks, log review, and required remedial actions if deviations are found.",2025-09-19,6.0,213,750.0,2025-08-24 10:32:00,2025-08-27 18:32:00,false,Preventive Maintenance,Reception - HN-09,Security Operations,Security Officer,,Visitor-Kiosk-HN-09,Tuan Hoang,2025-08-27 18:32:00,false,Work order closed after verification by the site operations team.,,2025-08-24 10:32:00
Clean camera lens and verify image quality - Loading-Bay-Camera-HN-09,OPEN,LOW,"Clean camera lens and verify image quality for Hikvision DS-2CD2686G2 Bullet Camera installed at Loading Bay - HN-09. Assigned owner: Security Officer. Include functional checks, log review, and required remedial actions if deviations are found.",2025-07-18,3.0,214,412.5,2025-04-04 12:58:00,2025-04-07 11:58:00,false,Security Maintenance,Loading Bay - HN-09,Security Operations,Security Officer,,Loading-Bay-Camera-HN-09,,,false,,,2025-04-04 12:58:00
Inspect backhaul alignment and RSSI stability - Microwave-Radio-HN-09,DONE,MEDIUM,"Inspect backhaul alignment and rssi stability for Ceragon IP-20C Microwave Radio installed at Roof - HN-09. Assigned owner: Field Technician. Include functional checks, log review, and required remedial actions if deviations are found.",2025-06-01,6.0,215,900.0,2025-05-21 23:53:00,2025-06-01 23:53:00,false,Network Maintenance,Roof - HN-09,Cellular Maintenance,Field Technician,,Microwave-Radio-HN-09,Hieu Do,2025-06-01 23:53:00,true,Task completed successfully. Asset is operating within expected thresholds.,,2025-05-21 23:53:00
Inspect and clean fiber terminations - Fiber-Patch-Panel-HN-09,ON_HOLD,HIGH,"Inspect and clean fiber terminations for Corning EDGE Fiber Patch Panel installed at IDF Room 1 - HN-09. Assigned owner: Cabling Technician. Include functional checks, log review, and required remedial actions if deviations are found.",2026-03-27,2.0,216,325.0,2026-03-09 05:42:00,2026-03-12 06:42:00,false,Preventive Maintenance,IDF Room 1 - HN-09,Infrastructure,Cabling Technician,,Fiber-Patch-Panel-HN-09,,,false,,,2026-03-09 05:42:00
Verify edge switch firmware and uplink stability - Edge-Switch-HN-09,DONE,URGENT,"Verify edge switch firmware and uplink stability for Cisco Catalyst 9300 Edge Switch installed at IDF Room 2 - HN-09. Assigned owner: Network Engineer. Include functional checks, log review, and required remedial actions if deviations are found.",2025-07-02,2.0,217,150.0,2025-06-11 11:24:00,2025-06-12 20:24:00,false,Network Maintenance,IDF Room 2 - HN-09,Network Operations,Network Engineer,,Edge-Switch-HN-09,Tuan Vo,2025-06-12 20:24:00,true,Maintenance completed successfully. Performance is stable after service.,,2025-06-11 11:24:00
Optimize antenna alignment and sector KPIs - 5G-Antenna-HN-09,IN_PROGRESS,LOW,"Optimize antenna alignment and sector kpis for Ericsson AIR 6488 Massive MIMO Antenna installed at Telecom Mast - HN-09. Assigned owner: Field Technician. Include functional checks, log review, and required remedial actions if deviations are found.",2025-06-24,1.0,218,87.5,2025-05-06 13:10:00,2025-05-06 16:10:00,false,Cellular Maintenance,Telecom Mast - HN-09,Cellular Maintenance,Field Technician,,5G-Antenna-HN-09,,,false,,,2025-05-06 13:10:00
Review baseband alarms and software health - Baseband-Unit-HN-09,DONE,URGENT,"Review baseband alarms and software health for Nokia AirScale Baseband Unit installed at Base Station - HN-09. Assigned owner: Field Technician. Include functional checks, log review, and required remedial actions if deviations are found.",2025-12-06,3.0,219,300.0,2025-11-25 22:14:00,2025-12-06 22:14:00,true,Cellular Maintenance,Base Station - HN-09,Cellular Maintenance,Field Technician,,Baseband-Unit-HN-09,Tien Bui,2025-12-06 22:14:00,false,Corrective action implemented and follow-up checks were satisfactory.,,2025-11-25 22:14:00
Inspect RRU connectors and weather sealing - Radio-Unit-HN-09,DONE,HIGH,"Inspect rru connectors and weather sealing for Ericsson Radio 4422 Remote Radio Unit installed at Antenna Array - HN-09. Assigned owner: Field Technician. Include functional checks, log review, and required remedial actions if deviations are found.",2026-03-07,3.0,220,337.5,2026-02-11 07:12:00,2026-02-13 11:12:00,true,Cellular Maintenance,Antenna Array - HN-09,Cellular Maintenance,Field Technician,,Radio-Unit-HN-09,Hieu Do,2026-02-13 11:12:00,false,Task completed successfully. Asset is operating within expected thresholds.,,2026-02-11 07:12:00
Validate gateway sensor polling and packet delivery - Sensor-Gateway-HN-09,IN_PROGRESS,URGENT,"Validate gateway sensor polling and packet delivery for Advantech WISE-6610 IoT Gateway installed at Storage Room - HN-09. Assigned owner: Facilities Supervisor. Include functional checks, log review, and required remedial actions if deviations are found.",2025-07-21,2.0,221,250.0,2025-04-15 13:49:00,2025-04-15 19:49:00,true,Preventive Maintenance,Storage Room - HN-09,Facilities,Facilities Supervisor,,Sensor-Gateway-HN-09,,,false,,,2025-04-15 13:49:00
Tune wireless controller profiles and client balancing - WiFi-Controller-HN-09,OPEN,HIGH,"Tune wireless controller profiles and client balancing for Cisco Catalyst 9800-L Wireless Controller installed at Office Floor 1 - HN-09. Assigned owner: Network Engineer. Include functional checks, log review, and required remedial actions if deviations are found.",2025-09-23,3.0,222,412.5,2025-07-17 18:14:00,2025-07-18 01:14:00,false,Network Maintenance,Office Floor 1 - HN-09,Network Operations,Network Engineer,,WiFi-Controller-HN-09,,,false,,,2025-07-17 18:14:00
Validate AP channel plan and client coverage - Access-Point-HN-09,DONE,HIGH,"Validate ap channel plan and client coverage for Aruba AP-515 Wireless Access Point installed at Office Floor 2 - HN-09. Assigned owner: Network Engineer. Include functional checks, log review, and required remedial actions if deviations are found.",2026-03-30,2.0,223,300.0,2026-03-15 03:03:00,2026-03-26 10:03:00,false,Network Maintenance,Office Floor 2 - HN-09,Network Operations,Network Engineer,,Access-Point-HN-09,Anh Hoang,2026-03-26 10:03:00,false,Work order closed after verification by the site operations team.,,2026-03-15 03:03:00
Review GPU thermals and update AI server firmware - AI-Analytics-Server-HN-09,DONE,MEDIUM,"Review gpu thermals and update ai server firmware for NVIDIA DGX A100 AI Analytics Server installed at Lab A - HN-09. Assigned owner: AI Specialist. Include functional checks, log review, and required remedial actions if deviations are found.",2025-04-12,6.0,224,975.0,2025-04-08 03:06:00,2025-04-12 03:06:00,false,Server Maintenance,Lab A - HN-09,AI Operations,AI Specialist,,AI-Analytics-Server-HN-09,Quang Pham,2025-04-12 03:06:00,true,GPU temperatures normalized after maintenance and all accelerators passed diagnostics.,,2025-04-08 03:06:00
Verify monitoring appliance calibration and alerting - Monitoring-Appliance-HN-09,OPEN,MEDIUM,"Verify monitoring appliance calibration and alerting for Fluke OptiView XG Network Monitoring Appliance installed at Workshop - HN-09. Assigned owner: Network Engineer. Include functional checks, log review, and required remedial actions if deviations are found.",2025-08-21,3.0,225,225.0,2025-06-25 16:34:00,2025-06-26 02:34:00,false,Calibration,Workshop - HN-09,Network Operations,Network Engineer,,Monitoring-Appliance-HN-09,,,false,,,2025-06-25 16:34:00
Calibrate monitoring thresholds - Monitoring-System-HN-10,IN_PROGRESS,LOW,"Calibrate monitoring thresholds for SolarWinds Hybrid Cloud Observability Appliance installed at Infrastructure Site - HN-10. Assigned owner: Network Engineer. Include functional checks, log review, and required remedial actions if deviations are found.",2026-02-04,4.0,226,350.0,2026-01-16 15:09:00,2026-01-17 02:09:00,false,Calibration,Infrastructure Site - HN-10,Network Operations,Network Engineer,,Monitoring-System-HN-10,,,false,,,2026-01-16 15:09:00
Quarterly preventive maintenance on core router - Core-Router-HN-10,IN_PROGRESS,URGENT,"Quarterly preventive maintenance on core router for Cisco ASR 9904 Core Router installed at Network Operations Center (NOC) - HN-10. Assigned owner: Network Engineer. Include functional checks, log review, and required remedial actions if deviations are found.",2026-01-08,4.0,227,400.0,2025-09-05 07:52:00,2025-09-05 19:52:00,false,Network Maintenance,Network Operations Center (NOC) - HN-10,Network Operations,Network Engineer,,Core-Router-HN-10,,,false,,,2025-09-05 07:52:00
Review VMS storage health and recording retention - Security-VMS-Server-HN-10,DONE,MEDIUM,"Review vms storage health and recording retention for Milestone Husky IVO 350R Video Management Server installed at Security Operations Center (SOC) - HN-10. Assigned owner: Security Officer. Include functional checks, log review, and required remedial actions if deviations are found.",2025-05-03,2.0,228,225.0,2025-04-10 10:07:00,2025-04-15 13:07:00,false,Security Maintenance,Security Operations Center (SOC) - HN-10,Security Operations,Security Officer,,Security-VMS-Server-HN-10,Ha Tran,2025-04-15 13:07:00,true,Maintenance completed successfully. Performance is stable after service.,,2025-04-10 10:07:00
Patch hypervisor host and validate cluster health - Virtualization-Host-HN-10,IN_PROGRESS,HIGH,"Patch hypervisor host and validate cluster health for Dell PowerEdge R750 Virtualization Host installed at Server Room A - HN-10. Assigned owner: System Administrator. Include functional checks, log review, and required remedial actions if deviations are found.",2025-10-03,8.0,229,1000.0,2025-07-13 19:46:00,2025-07-14 09:46:00,true,Server Maintenance,Server Room A - HN-10,Server Operations,System Administrator,,Virtualization-Host-HN-10,,,false,,,2025-07-13 19:46:00
Inspect storage array alerts and firmware status - Storage-Array-HN-10,DONE,URGENT,"Inspect storage array alerts and firmware status for NetApp AFF A250 Storage Array installed at Server Room B - HN-10. Assigned owner: Storage Administrator. Include functional checks, log review, and required remedial actions if deviations are found.",2026-03-03,4.0,230,550.0,2026-02-09 16:35:00,2026-02-19 23:35:00,false,Server Maintenance,Server Room B - HN-10,Server Operations,Storage Administrator,,Storage-Array-HN-10,Thu Huynh,2026-02-19 23:35:00,false,Maintenance completed successfully. Performance is stable after service.,,2026-02-09 16:35:00
Validate switch port configuration and error counters - Access-Switch-HN-10,OPEN,LOW,"Validate switch port configuration and error counters for Juniper EX4300 Access Switch installed at Network Closet - HN-10. Assigned owner: Network Engineer. Include functional checks, log review, and required remedial actions if deviations are found.",2025-07-05,4.0,231,600.0,2025-03-15 01:27:00,2025-03-15 17:27:00,false,Network Maintenance,Network Closet - HN-10,Network Operations,Network Engineer,,Access-Switch-HN-10,,,false,,,2025-03-15 01:27:00
Update access control firmware and credential sync - Access-Control-Panel-HN-10,DONE,MEDIUM,"Update access control firmware and credential sync for Paxton Net2 Plus Access Control Panel installed at Access Control Room - HN-10. Assigned owner: Security Officer. Include functional checks, log review, and required remedial actions if deviations are found.",2025-05-01,2.0,232,325.0,2025-04-17 07:12:00,2025-04-18 17:12:00,false,Security Maintenance,Access Control Room - HN-10,Security Operations,Security Officer,,Access-Control-Panel-HN-10,Long Pham,2025-04-18 17:12:00,true,Task completed successfully. Asset is operating within expected thresholds.,,2025-04-17 07:12:00
Inspect NVR recording capacity and camera retention - NVR-HN-10,OPEN,HIGH,"Inspect nvr recording capacity and camera retention for Hikvision DS-9632NI-M8 Network Video Recorder installed at Video Surveillance Room - HN-10. Assigned owner: Security Officer. Include functional checks, log review, and required remedial actions if deviations are found.",2026-02-22,8.0,233,600.0,2026-02-15 12:42:00,2026-02-16 06:42:00,false,Security Maintenance,Video Surveillance Room - HN-10,Security Operations,Security Officer,,NVR-HN-10,,,false,,,2026-02-15 12:42:00
Perform UPS battery health check and load test - UPS-HN-10,OPEN,MEDIUM,"Perform ups battery health check and load test for APC Smart-UPS SRT 3000VA installed at UPS Room - HN-10. Assigned owner: Electrician. Include functional checks, log review, and required remedial actions if deviations are found.",2026-02-18,8.0,234,700.0,2026-02-04 07:46:00,2026-02-05 02:46:00,false,Power Maintenance,UPS Room - HN-10,Facilities,Electrician,,UPS-HN-10,,,false,,,2026-02-04 07:46:00
Test ATS failover sequence - ATS-Panel-HN-10,DONE,HIGH,"Test ats failover sequence for Schneider EasyPact Automatic Transfer Switch installed at Electrical Room - HN-10. Assigned owner: Electrician. Include functional checks, log review, and required remedial actions if deviations are found.",2025-07-25,2.0,235,200.0,2025-07-14 07:57:00,2025-07-15 17:57:00,true,Power Maintenance,Electrical Room - HN-10,Facilities,Electrician,,ATS-Panel-HN-10,Phong Pham,2025-07-15 17:57:00,true,Maintenance completed successfully. Performance is stable after service.,Alpha Secure Systems,2025-07-14 07:57:00
Replace filters and inspect cooling performance - CRAC-Unit-HN-10,DONE,MEDIUM,"Replace filters and inspect cooling performance for Vertiv Liebert PDX Precision Cooling Unit installed at HVAC Plant - HN-10. Assigned owner: HVAC Technician. Include functional checks, log review, and required remedial actions if deviations are found.",2025-02-25,4.0,236,450.0,2025-02-14 23:49:00,2025-02-16 05:49:00,false,Preventive Maintenance,HVAC Plant - HN-10,Facilities,HVAC Technician,,CRAC-Unit-HN-10,Son Nguyen,2025-02-16 05:49:00,false,Inspection completed and no critical issues were found.,,2025-02-14 23:49:00
Monthly backup generator test run - Generator-HN-10,DONE,LOW,"Monthly backup generator test run for Cummins C275D5 Backup Generator installed at Generator Yard - HN-10. Assigned owner: Electrician. Include functional checks, log review, and required remedial actions if deviations are found.",2025-06-18,2.0,237,250.0,2025-06-03 18:29:00,2025-06-04 21:29:00,false,Power Maintenance,Generator Yard - HN-10,Facilities,Electrician,,Generator-HN-10,Tien Nguyen,2025-06-04 21:29:00,false,Maintenance completed successfully. Performance is stable after service.,Danang Engineering Works,2025-06-03 18:29:00
Clean and validate visitor kiosk peripherals - Visitor-Kiosk-HN-10,DONE,HIGH,"Clean and validate visitor kiosk peripherals for ZKTeco SpeedFace-V5L Visitor Kiosk installed at Reception - HN-10. Assigned owner: Security Officer. Include functional checks, log review, and required remedial actions if deviations are found.",2025-12-05,4.0,238,550.0,2025-11-30 00:51:00,2025-12-05 00:51:00,false,Preventive Maintenance,Reception - HN-10,Security Operations,Security Officer,,Visitor-Kiosk-HN-10,Tuan Hoang,2025-12-05 00:51:00,false,Inspection completed and no critical issues were found.,,2025-11-30 00:51:00
Clean camera lens and verify image quality - Loading-Bay-Camera-HN-10,IN_PROGRESS,LOW,"Clean camera lens and verify image quality for Hikvision DS-2CD2686G2 Bullet Camera installed at Loading Bay - HN-10. Assigned owner: Security Officer. Include functional checks, log review, and required remedial actions if deviations are found.",2025-08-29,2.0,239,300.0,2025-06-04 11:38:00,2025-06-05 11:38:00,false,Security Maintenance,Loading Bay - HN-10,Security Operations,Security Officer,,Loading-Bay-Camera-HN-10,,,false,,,2025-06-04 11:38:00
Inspect backhaul alignment and RSSI stability - Microwave-Radio-HN-10,ON_HOLD,HIGH,"Inspect backhaul alignment and rssi stability for Ceragon IP-20C Microwave Radio installed at Roof - HN-10. Assigned owner: Field Technician. Include functional checks, log review, and required remedial actions if deviations are found.",2025-11-10,4.0,240,650.0,2025-07-26 18:51:00,2025-07-27 19:51:00,false,Network Maintenance,Roof - HN-10,Cellular Maintenance,Field Technician,,Microwave-Radio-HN-10,,,false,,,2025-07-26 18:51:00
Inspect and clean fiber terminations - Fiber-Patch-Panel-HN-10,DONE,LOW,"Inspect and clean fiber terminations for Corning EDGE Fiber Patch Panel installed at IDF Room 1 - HN-10. Assigned owner: Cabling Technician. Include functional checks, log review, and required remedial actions if deviations are found.",2025-04-12,3.0,241,225.0,2025-04-09 07:06:00,2025-04-12 07:06:00,false,Preventive Maintenance,IDF Room 1 - HN-10,Infrastructure,Cabling Technician,,Fiber-Patch-Panel-HN-10,Phong Le,2025-04-12 07:06:00,false,Task completed successfully. Asset is operating within expected thresholds.,,2025-04-09 07:06:00
Verify edge switch firmware and uplink stability - Edge-Switch-HN-10,OPEN,MEDIUM,"Verify edge switch firmware and uplink stability for Cisco Catalyst 9300 Edge Switch installed at IDF Room 2 - HN-10. Assigned owner: Network Engineer. Include functional checks, log review, and required remedial actions if deviations are found.",2026-02-12,2.0,242,175.0,2025-11-30 12:14:00,2025-12-01 15:14:00,false,Network Maintenance,IDF Room 2 - HN-10,Network Operations,Network Engineer,,Edge-Switch-HN-10,,,false,,,2025-11-30 12:14:00
Optimize antenna alignment and sector KPIs - 5G-Antenna-HN-10,DONE,LOW,"Optimize antenna alignment and sector kpis for Ericsson AIR 6488 Massive MIMO Antenna installed at Telecom Mast - HN-10. Assigned owner: Field Technician. Include functional checks, log review, and required remedial actions if deviations are found.",2025-12-24,2.0,243,200.0,2025-11-30 16:06:00,2025-12-18 02:06:00,false,Cellular Maintenance,Telecom Mast - HN-10,Cellular Maintenance,Field Technician,,5G-Antenna-HN-10,Duc Nguyen,2025-12-18 02:06:00,false,Sector alignment improved signal quality and throughput remained stable after tuning.,,2025-11-30 16:06:00
Review baseband alarms and software health - Baseband-Unit-HN-10,IN_PROGRESS,HIGH,"Review baseband alarms and software health for Nokia AirScale Baseband Unit installed at Base Station - HN-10. Assigned owner: Field Technician. Include functional checks, log review, and required remedial actions if deviations are found.",2025-06-08,6.0,244,675.0,2025-04-26 20:27:00,2025-04-28 01:27:00,false,Cellular Maintenance,Base Station - HN-10,Cellular Maintenance,Field Technician,,Baseband-Unit-HN-10,,,false,,,2025-04-26 20:27:00
Inspect RRU connectors and weather sealing - Radio-Unit-HN-10,ON_HOLD,MEDIUM,"Inspect rru connectors and weather sealing for Ericsson Radio 4422 Remote Radio Unit installed at Antenna Array - HN-10. Assigned owner: Field Technician. Include functional checks, log review, and required remedial actions if deviations are found.",2025-10-10,1.0,245,125.0,2025-06-30 02:07:00,2025-07-01 08:07:00,false,Cellular Maintenance,Antenna Array - HN-10,Cellular Maintenance,Field Technician,,Radio-Unit-HN-10,,,false,,,2025-06-30 02:07:00
Validate gateway sensor polling and packet delivery - Sensor-Gateway-HN-10,IN_PROGRESS,HIGH,"Validate gateway sensor polling and packet delivery for Advantech WISE-6610 IoT Gateway installed at Storage Room - HN-10. Assigned owner: Facilities Supervisor. Include functional checks, log review, and required remedial actions if deviations are found.",2025-10-19,1.0,246,137.5,2025-08-07 05:56:00,2025-08-08 12:56:00,true,Preventive Maintenance,Storage Room - HN-10,Facilities,Facilities Supervisor,,Sensor-Gateway-HN-10,,,false,,,2025-08-07 05:56:00
Tune wireless controller profiles and client balancing - WiFi-Controller-HN-10,IN_PROGRESS,MEDIUM,"Tune wireless controller profiles and client balancing for Cisco Catalyst 9800-L Wireless Controller installed at Office Floor 1 - HN-10. Assigned owner: Network Engineer. Include functional checks, log review, and required remedial actions if deviations are found.",2025-06-13,8.0,247,1200.0,2025-03-20 14:20:00,2025-03-21 22:20:00,false,Network Maintenance,Office Floor 1 - HN-10,Network Operations,Network Engineer,,WiFi-Controller-HN-10,,,false,,,2025-03-20 14:20:00
Validate AP channel plan and client coverage - Access-Point-HN-10,OPEN,HIGH,"Validate ap channel plan and client coverage for Aruba AP-515 Wireless Access Point installed at Office Floor 2 - HN-10. Assigned owner: Network Engineer. Include functional checks, log review, and required remedial actions if deviations are found.",2026-03-30,4.0,248,650.0,2026-03-05 21:42:00,2026-03-07 06:42:00,false,Network Maintenance,Office Floor 2 - HN-10,Network Operations,Network Engineer,,Access-Point-HN-10,,,false,,,2026-03-05 21:42:00
Review GPU thermals and update AI server firmware - AI-Analytics-Server-HN-10,OPEN,LOW,"Review gpu thermals and update ai server firmware for NVIDIA DGX A100 AI Analytics Server installed at Lab A - HN-10. Assigned owner: AI Specialist. Include functional checks, log review, and required remedial actions if deviations are found.",2026-02-11,2.0,249,150.0,2025-10-26 15:11:00,2025-10-28 01:11:00,false,Server Maintenance,Lab A - HN-10,AI Operations,AI Specialist,,AI-Analytics-Server-HN-10,,,false,,,2025-10-26 15:11:00
Verify monitoring appliance calibration and alerting - Monitoring-Appliance-HN-10,DONE,LOW,"Verify monitoring appliance calibration and alerting for Fluke OptiView XG Network Monitoring Appliance installed at Workshop - HN-10. Assigned owner: Network Engineer. Include functional checks, log review, and required remedial actions if deviations are found.",2025-03-29,4.0,250,350.0,2025-03-18 22:44:00,2025-03-29 22:44:00,false,Calibration,Workshop - HN-10,Network Operations,Network Engineer,,Monitoring-Appliance-HN-10,Anh Hoang,2025-03-29 22:44:00,true,Inspection completed and no critical issues were found.,,2025-03-18 22:44:00
Calibrate monitoring thresholds - Monitoring-System-HCM-11,DONE,HIGH,"Calibrate monitoring thresholds for SolarWinds Hybrid Cloud Observability Appliance installed at Infrastructure Site - HCM-11. Assigned owner: Network Engineer. Include functional checks, log review, and required remedial actions if deviations are found.",2025-07-29,4.0,251,400.0,2025-07-16 11:24:00,2025-07-20 18:24:00,true,Calibration,Infrastructure Site - HCM-11,Network Operations,Network Engineer,,Monitoring-System-HCM-11,Minh Tran,2025-07-20 18:24:00,true,Work order closed after verification by the site operations team.,,2025-07-16 11:24:00
Quarterly preventive maintenance on core router - Core-Router-HCM-11,DONE,MEDIUM,"Quarterly preventive maintenance on core router for Cisco ASR 9904 Core Router installed at Network Operations Center (NOC) - HCM-11. Assigned owner: Network Engineer. Include functional checks, log review, and required remedial actions if deviations are found.",2025-05-21,2.0,252,225.0,2025-05-10 23:53:00,2025-05-13 09:53:00,false,Network Maintenance,Network Operations Center (NOC) - HCM-11,Network Operations,Network Engineer,,Core-Router-HCM-11,Tuan Vo,2025-05-13 09:53:00,true,Maintenance completed successfully. Router performance and routing tables are stable.,,2025-05-10 23:53:00
Review VMS storage health and recording retention - Security-VMS-Server-HCM-11,DONE,HIGH,"Review vms storage health and recording retention for Milestone Husky IVO 350R Video Management Server installed at Security Operations Center (SOC) - HCM-11. Assigned owner: Security Officer. Include functional checks, log review, and required remedial actions if deviations are found.",2026-03-06,2.0,253,250.0,2026-02-18 21:57:00,2026-03-04 06:57:00,false,Security Maintenance,Security Operations Center (SOC) - HCM-11,Security Operations,Security Officer,,Security-VMS-Server-HCM-11,Tuan Hoang,2026-03-04 06:57:00,false,Work order closed after verification by the site operations team.,,2026-02-18 21:57:00
Patch hypervisor host and validate cluster health - Virtualization-Host-HCM-11,DONE,MEDIUM,"Patch hypervisor host and validate cluster health for Dell PowerEdge R750 Virtualization Host installed at Server Room A - HCM-11. Assigned owner: System Administrator. Include functional checks, log review, and required remedial actions if deviations are found.",2025-06-01,1.0,254,137.5,2025-05-05 14:40:00,2025-05-22 22:40:00,false,Server Maintenance,Server Room A - HCM-11,Server Operations,System Administrator,,Virtualization-Host-HCM-11,Long Do,2025-05-22 22:40:00,true,Corrective action implemented and follow-up checks were satisfactory.,,2025-05-05 14:40:00
Inspect storage array alerts and firmware status - Storage-Array-HCM-11,OPEN,MEDIUM,"Inspect storage array alerts and firmware status for NetApp AFF A250 Storage Array installed at Server Room B - HCM-11. Assigned owner: Storage Administrator. Include functional checks, log review, and required remedial actions if deviations are found.",2025-10-15,1.0,255,150.0,2025-07-28 21:28:00,2025-07-30 13:28:00,false,Server Maintenance,Server Room B - HCM-11,Server Operations,Storage Administrator,,Storage-Array-HCM-11,,,false,,,2025-07-28 21:28:00
Validate switch port configuration and error counters - Access-Switch-HCM-11,IN_PROGRESS,URGENT,"Validate switch port configuration and error counters for Juniper EX4300 Access Switch installed at Network Closet - HCM-11. Assigned owner: Network Engineer. Include functional checks, log review, and required remedial actions if deviations are found.",2025-10-22,1.0,256,162.5,2025-08-05 01:45:00,2025-08-06 18:45:00,false,Network Maintenance,Network Closet - HCM-11,Network Operations,Network Engineer,,Access-Switch-HCM-11,,,false,,,2025-08-05 01:45:00
Update access control firmware and credential sync - Access-Control-Panel-HCM-11,DONE,MEDIUM,"Update access control firmware and credential sync for Paxton Net2 Plus Access Control Panel installed at Access Control Room - HCM-11. Assigned owner: Security Officer. Include functional checks, log review, and required remedial actions if deviations are found.",2025-11-09,4.0,257,300.0,2025-10-15 00:42:00,2025-10-20 07:42:00,false,Security Maintenance,Access Control Room - HCM-11,Security Operations,Security Officer,,Access-Control-Panel-HCM-11,Ha Tran,2025-10-20 07:42:00,false,Corrective action implemented and follow-up checks were satisfactory.,,2025-10-15 00:42:00
Inspect NVR recording capacity and camera retention - NVR-HCM-11,ON_HOLD,HIGH,"Inspect nvr recording capacity and camera retention for Hikvision DS-9632NI-M8 Network Video Recorder installed at Video Surveillance Room - HCM-11. Assigned owner: Security Officer. Include functional checks, log review, and required remedial actions if deviations are found.",2025-04-27,2.0,258,175.0,2025-01-09 10:01:00,2025-01-11 05:01:00,false,Security Maintenance,Video Surveillance Room - HCM-11,Security Operations,Security Officer,,NVR-HCM-11,,,false,,,2025-01-09 10:01:00
Perform UPS battery health check and load test - UPS-HCM-11,DONE,HIGH,"Perform ups battery health check and load test for APC Smart-UPS SRT 3000VA installed at UPS Room - HCM-11. Assigned owner: Electrician. Include functional checks, log review, and required remedial actions if deviations are found.",2025-08-17,3.0,259,300.0,2025-07-20 05:15:00,2025-07-31 10:15:00,true,Power Maintenance,UPS Room - HCM-11,Facilities,Electrician,,UPS-HCM-11,Khanh Truong,2025-07-31 10:15:00,true,UPS battery strings passed the load test and runtime remained within target.,,2025-07-20 05:15:00
Test ATS failover sequence - ATS-Panel-HCM-11,DONE,MEDIUM,"Test ats failover sequence for Schneider EasyPact Automatic Transfer Switch installed at Electrical Room - HCM-11. Assigned owner: Electrician. Include functional checks, log review, and required remedial actions if deviations are found.",2025-12-21,2.0,260,225.0,2025-12-04 08:32:00,2025-12-10 12:32:00,false,Power Maintenance,Electrical Room - HCM-11,Facilities,Electrician,,ATS-Panel-HCM-11,Tien Nguyen,2025-12-10 12:32:00,false,Corrective action implemented and follow-up checks were satisfactory.,HaNoi Cooling Services,2025-12-04 08:32:00
Replace filters and inspect cooling performance - CRAC-Unit-HCM-11,DONE,MEDIUM,"Replace filters and inspect cooling performance for Vertiv Liebert PDX Precision Cooling Unit installed at HVAC Plant - HCM-11. Assigned owner: HVAC Technician. Include functional checks, log review, and required remedial actions if deviations are found.",2025-02-09,6.0,261,750.0,2025-01-17 16:21:00,2025-01-20 19:21:00,false,Preventive Maintenance,HVAC Plant - HCM-11,Facilities,HVAC Technician,,CRAC-Unit-HCM-11,Hung Bui,2025-01-20 19:21:00,true,Inspection completed and no critical issues were found.,,2025-01-17 16:21:00
Monthly backup generator test run - Generator-HCM-11,DONE,LOW,"Monthly backup generator test run for Cummins C275D5 Backup Generator installed at Generator Yard - HCM-11. Assigned owner: Electrician. Include functional checks, log review, and required remedial actions if deviations are found.",2026-03-07,1.0,262,137.5,2026-02-14 11:51:00,2026-02-15 13:51:00,false,Power Maintenance,Generator Yard - HCM-11,Facilities,Electrician,,Generator-HCM-11,Tien Nguyen,2026-02-15 13:51:00,false,Task completed successfully. Asset is operating within expected thresholds.,Mekong Telecom Services,2026-02-14 11:51:00
Clean and validate visitor kiosk peripherals - Visitor-Kiosk-HCM-11,DONE,URGENT,"Clean and validate visitor kiosk peripherals for ZKTeco SpeedFace-V5L Visitor Kiosk installed at Reception - HCM-11. Assigned owner: Security Officer. Include functional checks, log review, and required remedial actions if deviations are found.",2025-05-19,1.0,263,150.0,2025-04-22 02:55:00,2025-05-03 04:55:00,true,Preventive Maintenance,Reception - HCM-11,Security Operations,Security Officer,,Visitor-Kiosk-HCM-11,Long Pham,2025-05-03 04:55:00,true,Work order closed after verification by the site operations team.,,2025-04-22 02:55:00
Clean camera lens and verify image quality - Loading-Bay-Camera-HCM-11,IN_PROGRESS,MEDIUM,"Clean camera lens and verify image quality for Hikvision DS-2CD2686G2 Bullet Camera installed at Loading Bay - HCM-11. Assigned owner: Security Officer. Include functional checks, log review, and required remedial actions if deviations are found.",2025-11-09,4.0,264,650.0,2025-09-16 00:23:00,2025-09-18 01:23:00,false,Security Maintenance,Loading Bay - HCM-11,Security Operations,Security Officer,,Loading-Bay-Camera-HCM-11,,,false,,,2025-09-16 00:23:00
Inspect backhaul alignment and RSSI stability - Microwave-Radio-HCM-11,DONE,LOW,"Inspect backhaul alignment and rssi stability for Ceragon IP-20C Microwave Radio installed at Roof - HCM-11. Assigned owner: Field Technician. Include functional checks, log review, and required remedial actions if deviations are found.",2025-11-28,1.0,265,75.0,2025-11-19 21:28:00,2025-11-28 21:28:00,false,Network Maintenance,Roof - HCM-11,Cellular Maintenance,Field Technician,,Microwave-Radio-HCM-11,Duc Nguyen,2025-11-28 21:28:00,false,Inspection completed and no critical issues were found.,,2025-11-19 21:28:00
Inspect and clean fiber terminations - Fiber-Patch-Panel-HCM-11,DONE,HIGH,"Inspect and clean fiber terminations for Corning EDGE Fiber Patch Panel installed at IDF Room 1 - HCM-11. Assigned owner: Cabling Technician. Include functional checks, log review, and required remedial actions if deviations are found.",2025-11-03,8.0,266,700.0,2025-10-27 04:08:00,2025-11-03 04:08:00,false,Preventive Maintenance,IDF Room 1 - HCM-11,Infrastructure,Cabling Technician,,Fiber-Patch-Panel-HCM-11,Loc Nguyen,2025-11-03 04:08:00,false,Maintenance completed successfully. Performance is stable after service.,,2025-10-27 04:08:00
Verify edge switch firmware and uplink stability - Edge-Switch-HCM-11,DONE,HIGH,"Verify edge switch firmware and uplink stability for Cisco Catalyst 9300 Edge Switch installed at IDF Room 2 - HCM-11. Assigned owner: Network Engineer. Include functional checks, log review, and required remedial actions if deviations are found.",2025-03-23,2.0,267,200.0,2025-03-08 04:52:00,2025-03-23 04:52:00,false,Network Maintenance,IDF Room 2 - HCM-11,Network Operations,Network Engineer,,Edge-Switch-HCM-11,Nam Le,2025-03-23 04:52:00,false,Inspection completed and no critical issues were found.,,2025-03-08 04:52:00
Optimize antenna alignment and sector KPIs - 5G-Antenna-HCM-11,DONE,HIGH,"Optimize antenna alignment and sector kpis for Ericsson AIR 6488 Massive MIMO Antenna installed at Telecom Mast - HCM-11. Assigned owner: Field Technician. Include functional checks, log review, and required remedial actions if deviations are found.",2025-08-26,4.0,268,450.0,2025-07-30 21:32:00,2025-08-02 22:32:00,false,Cellular Maintenance,Telecom Mast - HCM-11,Cellular Maintenance,Field Technician,,5G-Antenna-HCM-11,Son Pham,2025-08-02 22:32:00,false,Sector alignment improved signal quality and throughput remained stable after tuning.,,2025-07-30 21:32:00
Review baseband alarms and software health - Baseband-Unit-HCM-11,DONE,MEDIUM,"Review baseband alarms and software health for Nokia AirScale Baseband Unit installed at Base Station - HCM-11. Assigned owner: Field Technician. Include functional checks, log review, and required remedial actions if deviations are found.",2025-11-28,8.0,269,1000.0,2025-10-31 17:18:00,2025-11-03 19:18:00,false,Cellular Maintenance,Base Station - HCM-11,Cellular Maintenance,Field Technician,,Baseband-Unit-HCM-11,Khoa Le,2025-11-03 19:18:00,false,Corrective action implemented and follow-up checks were satisfactory.,,2025-10-31 17:18:00
Inspect RRU connectors and weather sealing - Radio-Unit-HCM-11,IN_PROGRESS,URGENT,"Inspect rru connectors and weather sealing for Ericsson Radio 4422 Remote Radio Unit installed at Antenna Array - HCM-11. Assigned owner: Field Technician. Include functional checks, log review, and required remedial actions if deviations are found.",2025-12-15,6.0,270,825.0,2025-09-09 06:09:00,2025-09-11 13:09:00,true,Cellular Maintenance,Antenna Array - HCM-11,Cellular Maintenance,Field Technician,,Radio-Unit-HCM-11,,,false,,,2025-09-09 06:09:00
Validate gateway sensor polling and packet delivery - Sensor-Gateway-HCM-11,DONE,LOW,"Validate gateway sensor polling and packet delivery for Advantech WISE-6610 IoT Gateway installed at Storage Room - HCM-11. Assigned owner: Facilities Supervisor. Include functional checks, log review, and required remedial actions if deviations are found.",2025-10-02,6.0,271,900.0,2025-09-17 08:14:00,2025-10-02 08:14:00,false,Preventive Maintenance,Storage Room - HCM-11,Facilities,Facilities Supervisor,,Sensor-Gateway-HCM-11,Uyen Pham,2025-10-02 08:14:00,false,Corrective action implemented and follow-up checks were satisfactory.,,2025-09-17 08:14:00
Tune wireless controller profiles and client balancing - WiFi-Controller-HCM-11,ON_HOLD,HIGH,"Tune wireless controller profiles and client balancing for Cisco Catalyst 9800-L Wireless Controller installed at Office Floor 1 - HCM-11. Assigned owner: Network Engineer. Include functional checks, log review, and required remedial actions if deviations are found.",2025-12-31,2.0,272,325.0,2025-10-27 01:58:00,2025-10-29 10:58:00,true,Network Maintenance,Office Floor 1 - HCM-11,Network Operations,Network Engineer,,WiFi-Controller-HCM-11,,,false,,,2025-10-27 01:58:00
Validate AP channel plan and client coverage - Access-Point-HCM-11,IN_PROGRESS,LOW,"Validate ap channel plan and client coverage for Aruba AP-515 Wireless Access Point installed at Office Floor 2 - HCM-11. Assigned owner: Network Engineer. Include functional checks, log review, and required remedial actions if deviations are found.",2025-07-04,2.0,273,150.0,2025-03-27 21:27:00,2025-03-30 07:27:00,false,Network Maintenance,Office Floor 2 - HCM-11,Network Operations,Network Engineer,,Access-Point-HCM-11,,,false,,,2025-03-27 21:27:00
Review GPU thermals and update AI server firmware - AI-Analytics-Server-HCM-11,IN_PROGRESS,LOW,"Review gpu thermals and update ai server firmware for NVIDIA DGX A100 AI Analytics Server installed at Lab A - HCM-11. Assigned owner: AI Specialist. Include functional checks, log review, and required remedial actions if deviations are found.",2025-11-09,2.0,274,175.0,2025-07-08 16:28:00,2025-07-11 03:28:00,false,Server Maintenance,Lab A - HCM-11,AI Operations,AI Specialist,,AI-Analytics-Server-HCM-11,,,false,,,2025-07-08 16:28:00
Verify monitoring appliance calibration and alerting - Monitoring-Appliance-HCM-11,DONE,MEDIUM,"Verify monitoring appliance calibration and alerting for Fluke OptiView XG Network Monitoring Appliance installed at Workshop - HCM-11. Assigned owner: Network Engineer. Include functional checks, log review, and required remedial actions if deviations are found.",2025-12-14,2.0,275,200.0,2025-11-27 05:08:00,2025-12-14 05:08:00,false,Calibration,Workshop - HCM-11,Network Operations,Network Engineer,,Monitoring-Appliance-HCM-11,Anh Hoang,2025-12-14 05:08:00,false,Task completed successfully. Asset is operating within expected thresholds.,,2025-11-27 05:08:00
Calibrate monitoring thresholds - Monitoring-System-HCM-12,DONE,MEDIUM,"Calibrate monitoring thresholds for SolarWinds Hybrid Cloud Observability Appliance installed at Infrastructure Site - HCM-12. Assigned owner: Network Engineer. Include functional checks, log review, and required remedial actions if deviations are found.",2025-02-06,2.0,276,225.0,2025-01-11 00:36:00,2025-01-17 08:36:00,false,Calibration,Infrastructure Site - HCM-12,Network Operations,Network Engineer,,Monitoring-System-HCM-12,Bao Nguyen,2025-01-17 08:36:00,false,Corrective action implemented and follow-up checks were satisfactory.,,2025-01-11 00:36:00
Quarterly preventive maintenance on core router - Core-Router-HCM-12,DONE,MEDIUM,"Quarterly preventive maintenance on core router for Cisco ASR 9904 Core Router installed at Network Operations Center (NOC) - HCM-12. Assigned owner: Network Engineer. Include functional checks, log review, and required remedial actions if deviations are found.",2025-10-01,1.0,277,125.0,2025-09-20 08:25:00,2025-09-24 11:25:00,false,Network Maintenance,Network Operations Center (NOC) - HCM-12,Network Operations,Network Engineer,,Core-Router-HCM-12,Anh Hoang,2025-09-24 11:25:00,false,Maintenance completed successfully. Router performance and routing tables are stable.,,2025-09-20 08:25:00
Review VMS storage health and recording retention - Security-VMS-Server-HCM-12,OPEN,MEDIUM,"Review vms storage health and recording retention for Milestone Husky IVO 350R Video Management Server installed at Security Operations Center (SOC) - HCM-12. Assigned owner: Security Officer. Include functional checks, log review, and required remedial actions if deviations are found.",2025-09-04,6.0,278,825.0,2025-05-16 03:46:00,2025-05-18 18:46:00,false,Security Maintenance,Security Operations Center (SOC) - HCM-12,Security Operations,Security Officer,,Security-VMS-Server-HCM-12,,,false,,,2025-05-16 03:46:00
Patch hypervisor host and validate cluster health - Virtualization-Host-HCM-12,IN_PROGRESS,MEDIUM,"Patch hypervisor host and validate cluster health for Dell PowerEdge R750 Virtualization Host installed at Server Room A - HCM-12. Assigned owner: System Administrator. Include functional checks, log review, and required remedial actions if deviations are found.",2026-01-30,4.0,279,600.0,2026-01-26 03:34:00,2026-01-28 19:34:00,false,Server Maintenance,Server Room A - HCM-12,Server Operations,System Administrator,,Virtualization-Host-HCM-12,,,false,,,2026-01-26 03:34:00
Inspect storage array alerts and firmware status - Storage-Array-HCM-12,IN_PROGRESS,MEDIUM,"Inspect storage array alerts and firmware status for NetApp AFF A250 Storage Array installed at Server Room B - HCM-12. Assigned owner: Storage Administrator. Include functional checks, log review, and required remedial actions if deviations are found.",2026-03-17,2.0,280,325.0,2025-11-08 08:02:00,2025-11-11 01:02:00,false,Server Maintenance,Server Room B - HCM-12,Server Operations,Storage Administrator,,Storage-Array-HCM-12,,,false,,,2025-11-08 08:02:00
Validate switch port configuration and error counters - Access-Switch-HCM-12,DONE,MEDIUM,"Validate switch port configuration and error counters for Juniper EX4300 Access Switch installed at Network Closet - HCM-12. Assigned owner: Network Engineer. Include functional checks, log review, and required remedial actions if deviations are found.",2026-01-14,6.0,281,450.0,2026-01-07 03:41:00,2026-01-09 09:41:00,false,Network Maintenance,Network Closet - HCM-12,Network Operations,Network Engineer,,Access-Switch-HCM-12,Tuan Vo,2026-01-09 09:41:00,false,Work order closed after verification by the site operations team.,,2026-01-07 03:41:00
Update access control firmware and credential sync - Access-Control-Panel-HCM-12,IN_PROGRESS,LOW,"Update access control firmware and credential sync for Paxton Net2 Plus Access Control Panel installed at Access Control Room - HCM-12. Assigned owner: Security Officer. Include functional checks, log review, and required remedial actions if deviations are found.",2025-11-18,2.0,282,175.0,2025-09-18 21:38:00,2025-09-21 16:38:00,false,Security Maintenance,Access Control Room - HCM-12,Security Operations,Security Officer,,Access-Control-Panel-HCM-12,,,false,,,2025-09-18 21:38:00
Inspect NVR recording capacity and camera retention - NVR-HCM-12,DONE,LOW,"Inspect nvr recording capacity and camera retention for Hikvision DS-9632NI-M8 Network Video Recorder installed at Video Surveillance Room - HCM-12. Assigned owner: Security Officer. Include functional checks, log review, and required remedial actions if deviations are found.",2026-03-15,3.0,283,300.0,2026-03-05 20:16:00,2026-03-09 06:16:00,false,Security Maintenance,Video Surveillance Room - HCM-12,Security Operations,Security Officer,,NVR-HCM-12,Ha Tran,2026-03-09 06:16:00,false,Corrective action implemented and follow-up checks were satisfactory.,,2026-03-05 20:16:00
Perform UPS battery health check and load test - UPS-HCM-12,DONE,MEDIUM,"Perform ups battery health check and load test for APC Smart-UPS SRT 3000VA installed at UPS Room - HCM-12. Assigned owner: Electrician. Include functional checks, log review, and required remedial actions if deviations are found.",2025-02-20,1.0,284,112.5,2025-02-07 15:41:00,2025-02-17 22:41:00,false,Power Maintenance,UPS Room - HCM-12,Facilities,Electrician,,UPS-HCM-12,Khanh Truong,2025-02-17 22:41:00,true,UPS battery strings passed the load test and runtime remained within target.,,2025-02-07 15:41:00
Test ATS failover sequence - ATS-Panel-HCM-12,OPEN,MEDIUM,"Test ats failover sequence for Schneider EasyPact Automatic Transfer Switch installed at Electrical Room - HCM-12. Assigned owner: Electrician. Include functional checks, log review, and required remedial actions if deviations are found.",2025-06-05,2.0,285,250.0,2025-03-17 23:17:00,2025-03-20 21:17:00,false,Power Maintenance,Electrical Room - HCM-12,Facilities,Electrician,,ATS-Panel-HCM-12,,,false,,,2025-03-17 23:17:00
Replace filters and inspect cooling performance - CRAC-Unit-HCM-12,ON_HOLD,LOW,"Replace filters and inspect cooling performance for Vertiv Liebert PDX Precision Cooling Unit installed at HVAC Plant - HCM-12. Assigned owner: HVAC Technician. Include functional checks, log review, and required remedial actions if deviations are found.",2025-09-24,2.0,286,275.0,2025-05-06 13:24:00,2025-05-09 12:24:00,false,Preventive Maintenance,HVAC Plant - HCM-12,Facilities,HVAC Technician,,CRAC-Unit-HCM-12,,,false,,Alpha Secure Systems,2025-05-06 13:24:00
Monthly backup generator test run - Generator-HCM-12,DONE,URGENT,"Monthly backup generator test run for Cummins C275D5 Backup Generator installed at Generator Yard - HCM-12. Assigned owner: Electrician. Include functional checks, log review, and required remedial actions if deviations are found.",2026-02-22,4.0,287,600.0,2026-02-06 08:32:00,2026-02-22 08:32:00,false,Power Maintenance,Generator Yard - HCM-12,Facilities,Electrician,,Generator-HCM-12,Phong Pham,2026-02-22 08:32:00,false,Task completed successfully. Asset is operating within expected thresholds.,Red River Power Co.,2026-02-06 08:32:00
Clean and validate visitor kiosk peripherals - Visitor-Kiosk-HCM-12,DONE,URGENT,"Clean and validate visitor kiosk peripherals for ZKTeco SpeedFace-V5L Visitor Kiosk installed at Reception - HCM-12. Assigned owner: Security Officer. Include functional checks, log review, and required remedial actions if deviations are found.",2025-03-05,8.0,288,1300.0,2025-02-28 14:04:00,2025-03-05 14:04:00,false,Preventive Maintenance,Reception - HCM-12,Security Operations,Security Officer,,Visitor-Kiosk-HCM-12,An Nguyen,2025-03-05 14:04:00,true,Task completed successfully. Asset is operating within expected thresholds.,,2025-02-28 14:04:00
Clean camera lens and verify image quality - Loading-Bay-Camera-HCM-12,IN_PROGRESS,LOW,"Clean camera lens and verify image quality for Hikvision DS-2CD2686G2 Bullet Camera installed at Loading Bay - HCM-12. Assigned owner: Security Officer. Include functional checks, log review, and required remedial actions if deviations are found.",2025-12-29,4.0,289,300.0,2025-08-18 22:32:00,2025-08-19 00:32:00,false,Security Maintenance,Loading Bay - HCM-12,Security Operations,Security Officer,,Loading-Bay-Camera-HCM-12,,,false,,HaNoi Cooling Services,2025-08-18 22:32:00
Inspect backhaul alignment and RSSI stability - Microwave-Radio-HCM-12,OPEN,HIGH,"Inspect backhaul alignment and rssi stability for Ceragon IP-20C Microwave Radio installed at Roof - HCM-12. Assigned owner: Field Technician. Include functional checks, log review, and required remedial actions if deviations are found.",2026-03-16,2.0,290,175.0,2025-12-10 16:19:00,2025-12-10 19:19:00,true,Network Maintenance,Roof - HCM-12,Cellular Maintenance,Field Technician,,Microwave-Radio-HCM-12,,,false,,,2025-12-10 16:19:00
Inspect and clean fiber terminations - Fiber-Patch-Panel-HCM-12,DONE,MEDIUM,"Inspect and clean fiber terminations for Corning EDGE Fiber Patch Panel installed at IDF Room 1 - HCM-12. Assigned owner: Cabling Technician. Include functional checks, log review, and required remedial actions if deviations are found.",2025-04-24,4.0,291,400.0,2025-04-11 12:26:00,2025-04-14 19:26:00,false,Preventive Maintenance,IDF Room 1 - HCM-12,Infrastructure,Cabling Technician,,Fiber-Patch-Panel-HCM-12,Loc Nguyen,2025-04-14 19:26:00,true,Maintenance completed successfully. Performance is stable after service.,,2025-04-11 12:26:00
Verify edge switch firmware and uplink stability - Edge-Switch-HCM-12,DONE,HIGH,"Verify edge switch firmware and uplink stability for Cisco Catalyst 9300 Edge Switch installed at IDF Room 2 - HCM-12. Assigned owner: Network Engineer. Include functional checks, log review, and required remedial actions if deviations are found.",2025-07-15,2.0,292,225.0,2025-07-10 11:42:00,2025-07-15 11:42:00,true,Network Maintenance,IDF Room 2 - HCM-12,Network Operations,Network Engineer,,Edge-Switch-HCM-12,Anh Hoang,2025-07-15 11:42:00,true,Task completed successfully. Asset is operating within expected thresholds.,,2025-07-10 11:42:00
Optimize antenna alignment and sector KPIs - 5G-Antenna-HCM-12,DONE,MEDIUM,"Optimize antenna alignment and sector kpis for Ericsson AIR 6488 Massive MIMO Antenna installed at Telecom Mast - HCM-12. Assigned owner: Field Technician. Include functional checks, log review, and required remedial actions if deviations are found.",2025-10-04,8.0,293,1000.0,2025-09-29 08:40:00,2025-10-02 11:40:00,false,Cellular Maintenance,Telecom Mast - HCM-12,Cellular Maintenance,Field Technician,,5G-Antenna-HCM-12,Khoa Le,2025-10-02 11:40:00,false,Sector alignment improved signal quality and throughput remained stable after tuning.,,2025-09-29 08:40:00
Review baseband alarms and software health - Baseband-Unit-HCM-12,IN_PROGRESS,LOW,"Review baseband alarms and software health for Nokia AirScale Baseband Unit installed at Base Station - HCM-12. Assigned owner: Field Technician. Include functional checks, log review, and required remedial actions if deviations are found.",2026-04-01,4.0,294,550.0,2025-12-03 17:50:00,2025-12-04 00:50:00,false,Cellular Maintenance,Base Station - HCM-12,Cellular Maintenance,Field Technician,,Baseband-Unit-HCM-12,,,false,,,2025-12-03 17:50:00
Inspect RRU connectors and weather sealing - Radio-Unit-HCM-12,DONE,MEDIUM,"Inspect rru connectors and weather sealing for Ericsson Radio 4422 Remote Radio Unit installed at Antenna Array - HCM-12. Assigned owner: Field Technician. Include functional checks, log review, and required remedial actions if deviations are found.",2025-08-11,8.0,295,1200.0,2025-08-05 13:17:00,2025-08-11 13:17:00,false,Cellular Maintenance,Antenna Array - HCM-12,Cellular Maintenance,Field Technician,,Radio-Unit-HCM-12,Hieu Do,2025-08-11 13:17:00,false,Corrective action implemented and follow-up checks were satisfactory.,,2025-08-05 13:17:00
Validate gateway sensor polling and packet delivery - Sensor-Gateway-HCM-12,IN_PROGRESS,URGENT,"Validate gateway sensor polling and packet delivery for Advantech WISE-6610 IoT Gateway installed at Storage Room - HCM-12. Assigned owner: Facilities Supervisor. Include functional checks, log review, and required remedial actions if deviations are found.",2026-03-30,3.0,296,487.5,2025-12-01 09:49:00,2025-12-01 18:49:00,false,Preventive Maintenance,Storage Room - HCM-12,Facilities,Facilities Supervisor,,Sensor-Gateway-HCM-12,,,false,,,2025-12-01 09:49:00
Tune wireless controller profiles and client balancing - WiFi-Controller-HCM-12,ON_HOLD,URGENT,"Tune wireless controller profiles and client balancing for Cisco Catalyst 9800-L Wireless Controller installed at Office Floor 1 - HCM-12. Assigned owner: Network Engineer. Include functional checks, log review, and required remedial actions if deviations are found.",2025-07-11,6.0,297,450.0,2025-04-21 10:11:00,2025-04-21 20:11:00,true,Network Maintenance,Office Floor 1 - HCM-12,Network Operations,Network Engineer,,WiFi-Controller-HCM-12,,,false,,,2025-04-21 10:11:00
Validate AP channel plan and client coverage - Access-Point-HCM-12,IN_PROGRESS,URGENT,"Validate ap channel plan and client coverage for Aruba AP-515 Wireless Access Point installed at Office Floor 2 - HCM-12. Assigned owner: Network Engineer. Include functional checks, log review, and required remedial actions if deviations are found.",2026-01-05,3.0,298,262.5,2025-09-23 23:41:00,2025-09-24 10:41:00,false,Network Maintenance,Office Floor 2 - HCM-12,Network Operations,Network Engineer,,Access-Point-HCM-12,,,false,,,2025-09-23 23:41:00
Review GPU thermals and update AI server firmware - AI-Analytics-Server-HCM-12,DONE,MEDIUM,"Review gpu thermals and update ai server firmware for NVIDIA DGX A100 AI Analytics Server installed at Lab A - HCM-12. Assigned owner: AI Specialist. Include functional checks, log review, and required remedial actions if deviations are found.",2026-01-03,6.0,299,600.0,2025-12-06 14:14:00,2025-12-07 23:14:00,false,Server Maintenance,Lab A - HCM-12,AI Operations,AI Specialist,,AI-Analytics-Server-HCM-12,Tung Le,2025-12-07 23:14:00,false,GPU temperatures normalized after maintenance and all accelerators passed diagnostics.,,2025-12-06 14:14:00
Verify monitoring appliance calibration and alerting - Monitoring-Appliance-HCM-12,DONE,MEDIUM,"Verify monitoring appliance calibration and alerting for Fluke OptiView XG Network Monitoring Appliance installed at Workshop - HCM-12. Assigned owner: Network Engineer. Include functional checks, log review, and required remedial actions if deviations are found.",2025-04-25,4.0,300,450.0,2025-04-23 15:51:00,2025-04-25 15:51:00,false,Calibration,Workshop - HCM-12,Network Operations,Network Engineer,,Monitoring-Appliance-HCM-12,Tuan Vo,2025-04-25 15:51:00,false,Work order closed after verification by the site operations team.,,2025-04-23 15:51:00
Calibrate monitoring thresholds - Monitoring-System-DN-13,OPEN,MEDIUM,"Calibrate monitoring thresholds for SolarWinds Hybrid Cloud Observability Appliance installed at Infrastructure Site - DN-13. Assigned owner: Network Engineer. Include functional checks, log review, and required remedial actions if deviations are found.",2025-10-06,8.0,301,1000.0,2025-07-24 10:59:00,2025-07-25 00:59:00,false,Calibration,Infrastructure Site - DN-13,Network Operations,Network Engineer,,Monitoring-System-DN-13,,,false,,,2025-07-24 10:59:00
Quarterly preventive maintenance on core router - Core-Router-DN-13,DONE,LOW,"Quarterly preventive maintenance on core router for Cisco ASR 9904 Core Router installed at Network Operations Center (NOC) - DN-13. Assigned owner: Network Engineer. Include functional checks, log review, and required remedial actions if deviations are found.",2025-02-22,6.0,302,825.0,2025-01-29 16:08:00,2025-02-16 19:08:00,false,Network Maintenance,Network Operations Center (NOC) - DN-13,Network Operations,Network Engineer,,Core-Router-DN-13,Anh Hoang,2025-02-16 19:08:00,false,Maintenance completed successfully. Router performance and routing tables are stable.,,2025-01-29 16:08:00
Review VMS storage health and recording retention - Security-VMS-Server-DN-13,IN_PROGRESS,URGENT,"Review vms storage health and recording retention for Milestone Husky IVO 350R Video Management Server installed at Security Operations Center (SOC) - DN-13. Assigned owner: Security Officer. Include functional checks, log review, and required remedial actions if deviations are found.",2026-03-27,4.0,303,600.0,2026-03-25 09:00:00,2026-03-26 01:00:00,true,Security Maintenance,Security Operations Center (SOC) - DN-13,Security Operations,Security Officer,,Security-VMS-Server-DN-13,,,false,,,2026-03-25 09:00:00
Patch hypervisor host and validate cluster health - Virtualization-Host-DN-13,ON_HOLD,HIGH,"Patch hypervisor host and validate cluster health for Dell PowerEdge R750 Virtualization Host installed at Server Room A - DN-13. Assigned owner: System Administrator. Include functional checks, log review, and required remedial actions if deviations are found.",2026-02-06,6.0,304,975.0,2026-01-24 00:28:00,2026-01-24 17:28:00,true,Server Maintenance,Server Room A - DN-13,Server Operations,System Administrator,,Virtualization-Host-DN-13,,,false,,,2026-01-24 00:28:00
Inspect storage array alerts and firmware status - Storage-Array-DN-13,IN_PROGRESS,MEDIUM,"Inspect storage array alerts and firmware status for NetApp AFF A250 Storage Array installed at Server Room B - DN-13. Assigned owner: Storage Administrator. Include functional checks, log review, and required remedial actions if deviations are found.",2025-08-29,2.0,305,150.0,2025-05-17 21:24:00,2025-05-18 15:24:00,false,Server Maintenance,Server Room B - DN-13,Server Operations,Storage Administrator,,Storage-Array-DN-13,,,false,,,2025-05-17 21:24:00
Validate switch port configuration and error counters - Access-Switch-DN-13,DONE,MEDIUM,"Validate switch port configuration and error counters for Juniper EX4300 Access Switch installed at Network Closet - DN-13. Assigned owner: Network Engineer. Include functional checks, log review, and required remedial actions if deviations are found.",2025-12-11,2.0,306,175.0,2025-12-07 03:28:00,2025-12-11 03:28:00,false,Network Maintenance,Network Closet - DN-13,Network Operations,Network Engineer,,Access-Switch-DN-13,Quoc Pham,2025-12-11 03:28:00,false,Task completed successfully. Asset is operating within expected thresholds.,,2025-12-07 03:28:00
Update access control firmware and credential sync - Access-Control-Panel-DN-13,ON_HOLD,LOW,"Update access control firmware and credential sync for Paxton Net2 Plus Access Control Panel installed at Access Control Room - DN-13. Assigned owner: Security Officer. Include functional checks, log review, and required remedial actions if deviations are found.",2026-03-23,1.0,307,100.0,2026-02-28 10:34:00,2026-03-01 06:34:00,false,Security Maintenance,Access Control Room - DN-13,Security Operations,Security Officer,,Access-Control-Panel-DN-13,,,false,,,2026-02-28 10:34:00
Inspect NVR recording capacity and camera retention - NVR-DN-13,OPEN,MEDIUM,"Inspect nvr recording capacity and camera retention for Hikvision DS-9632NI-M8 Network Video Recorder installed at Video Surveillance Room - DN-13. Assigned owner: Security Officer. Include functional checks, log review, and required remedial actions if deviations are found.",2026-01-02,2.0,308,225.0,2025-12-20 10:54:00,2025-12-21 07:54:00,false,Security Maintenance,Video Surveillance Room - DN-13,Security Operations,Security Officer,,NVR-DN-13,,,false,,,2025-12-20 10:54:00
Perform UPS battery health check and load test - UPS-DN-13,IN_PROGRESS,LOW,"Perform ups battery health check and load test for APC Smart-UPS SRT 3000VA installed at UPS Room - DN-13. Assigned owner: Electrician. Include functional checks, log review, and required remedial actions if deviations are found.",2026-01-27,3.0,309,375.0,2025-11-04 18:24:00,2025-11-05 16:24:00,false,Power Maintenance,UPS Room - DN-13,Facilities,Electrician,,UPS-DN-13,,,false,,,2025-11-04 18:24:00
Test ATS failover sequence - ATS-Panel-DN-13,OPEN,HIGH,"Test ats failover sequence for Schneider EasyPact Automatic Transfer Switch installed at Electrical Room - DN-13. Assigned owner: Electrician. Include functional checks, log review, and required remedial actions if deviations are found.",2026-02-26,6.0,310,825.0,2025-11-19 10:52:00,2025-11-20 09:52:00,true,Power Maintenance,Electrical Room - DN-13,Facilities,Electrician,,ATS-Panel-DN-13,,,false,,Red River Power Co.,2025-11-19 10:52:00
Replace filters and inspect cooling performance - CRAC-Unit-DN-13,IN_PROGRESS,MEDIUM,"Replace filters and inspect cooling performance for Vertiv Liebert PDX Precision Cooling Unit installed at HVAC Plant - DN-13. Assigned owner: HVAC Technician. Include functional checks, log review, and required remedial actions if deviations are found.",2025-09-20,6.0,311,900.0,2025-07-08 04:03:00,2025-07-09 04:03:00,false,Preventive Maintenance,HVAC Plant - DN-13,Facilities,HVAC Technician,,CRAC-Unit-DN-13,,,false,,Mekong Telecom Services,2025-07-08 04:03:00
Monthly backup generator test run - Generator-DN-13,IN_PROGRESS,LOW,"Monthly backup generator test run for Cummins C275D5 Backup Generator installed at Generator Yard - DN-13. Assigned owner: Electrician. Include functional checks, log review, and required remedial actions if deviations are found.",2026-02-25,2.0,312,325.0,2026-02-07 02:44:00,2026-02-08 03:44:00,false,Power Maintenance,Generator Yard - DN-13,Facilities,Electrician,,Generator-DN-13,,,false,,Mekong Telecom Services,2026-02-07 02:44:00
Clean and validate visitor kiosk peripherals - Visitor-Kiosk-DN-13,OPEN,LOW,"Clean and validate visitor kiosk peripherals for ZKTeco SpeedFace-V5L Visitor Kiosk installed at Reception - DN-13. Assigned owner: Security Officer. Include functional checks, log review, and required remedial actions if deviations are found.",2025-10-13,1.0,313,75.0,2025-06-08 14:24:00,2025-06-09 16:24:00,false,Preventive Maintenance,Reception - DN-13,Security Operations,Security Officer,,Visitor-Kiosk-DN-13,,,false,,,2025-06-08 14:24:00
Clean camera lens and verify image quality - Loading-Bay-Camera-DN-13,OPEN,MEDIUM,"Clean camera lens and verify image quality for Hikvision DS-2CD2686G2 Bullet Camera installed at Loading Bay - DN-13. Assigned owner: Security Officer. Include functional checks, log review, and required remedial actions if deviations are found.",2025-06-02,2.0,314,175.0,2025-03-03 12:25:00,2025-03-04 15:25:00,false,Security Maintenance,Loading Bay - DN-13,Security Operations,Security Officer,,Loading-Bay-Camera-DN-13,,,false,,,2025-03-03 12:25:00
Inspect backhaul alignment and RSSI stability - Microwave-Radio-DN-13,IN_PROGRESS,MEDIUM,"Inspect backhaul alignment and rssi stability for Ceragon IP-20C Microwave Radio installed at Roof - DN-13. Assigned owner: Field Technician. Include functional checks, log review, and required remedial actions if deviations are found.",2025-08-28,6.0,315,600.0,2025-05-31 21:13:00,2025-06-02 01:13:00,false,Network Maintenance,Roof - DN-13,Cellular Maintenance,Field Technician,,Microwave-Radio-DN-13,,,false,,,2025-05-31 21:13:00
Inspect and clean fiber terminations - Fiber-Patch-Panel-DN-13,OPEN,HIGH,"Inspect and clean fiber terminations for Corning EDGE Fiber Patch Panel installed at IDF Room 1 - DN-13. Assigned owner: Cabling Technician. Include functional checks, log review, and required remedial actions if deviations are found.",2025-03-19,2.0,316,225.0,2025-01-19 07:22:00,2025-01-20 12:22:00,true,Preventive Maintenance,IDF Room 1 - DN-13,Infrastructure,Cabling Technician,,Fiber-Patch-Panel-DN-13,,,false,,,2025-01-19 07:22:00
Verify edge switch firmware and uplink stability - Edge-Switch-DN-13,IN_PROGRESS,URGENT,"Verify edge switch firmware and uplink stability for Cisco Catalyst 9300 Edge Switch installed at IDF Room 2 - DN-13. Assigned owner: Network Engineer. Include functional checks, log review, and required remedial actions if deviations are found.",2025-09-05,2.0,317,250.0,2025-06-11 20:53:00,2025-06-13 02:53:00,false,Network Maintenance,IDF Room 2 - DN-13,Network Operations,Network Engineer,,Edge-Switch-DN-13,,,false,,,2025-06-11 20:53:00
Optimize antenna alignment and sector KPIs - 5G-Antenna-DN-13,DONE,MEDIUM,"Optimize antenna alignment and sector kpis for Ericsson AIR 6488 Massive MIMO Antenna installed at Telecom Mast - DN-13. Assigned owner: Field Technician. Include functional checks, log review, and required remedial actions if deviations are found.",2025-05-25,1.0,318,137.5,2025-05-20 23:50:00,2025-05-25 23:50:00,false,Cellular Maintenance,Telecom Mast - DN-13,Cellular Maintenance,Field Technician,,5G-Antenna-DN-13,Son Pham,2025-05-25 23:50:00,true,Sector alignment improved signal quality and throughput remained stable after tuning.,,2025-05-20 23:50:00
Review baseband alarms and software health - Baseband-Unit-DN-13,IN_PROGRESS,URGENT,"Review baseband alarms and software health for Nokia AirScale Baseband Unit installed at Base Station - DN-13. Assigned owner: Field Technician. Include functional checks, log review, and required remedial actions if deviations are found.",2025-11-09,1.0,319,150.0,2025-07-18 00:14:00,2025-07-19 08:14:00,true,Cellular Maintenance,Base Station - DN-13,Cellular Maintenance,Field Technician,,Baseband-Unit-DN-13,,,false,,,2025-07-18 00:14:00
Inspect RRU connectors and weather sealing - Radio-Unit-DN-13,IN_PROGRESS,MEDIUM,"Inspect rru connectors and weather sealing for Ericsson Radio 4422 Remote Radio Unit installed at Antenna Array - DN-13. Assigned owner: Field Technician. Include functional checks, log review, and required remedial actions if deviations are found.",2025-04-09,2.0,320,325.0,2025-01-24 05:52:00,2025-01-25 14:52:00,false,Cellular Maintenance,Antenna Array - DN-13,Cellular Maintenance,Field Technician,,Radio-Unit-DN-13,,,false,,,2025-01-24 05:52:00
Validate gateway sensor polling and packet delivery - Sensor-Gateway-DN-13,ON_HOLD,HIGH,"Validate gateway sensor polling and packet delivery for Advantech WISE-6610 IoT Gateway installed at Storage Room - DN-13. Assigned owner: Facilities Supervisor. Include functional checks, log review, and required remedial actions if deviations are found.",2026-03-20,8.0,321,600.0,2026-03-05 16:39:00,2026-03-07 02:39:00,false,Preventive Maintenance,Storage Room - DN-13,Facilities,Facilities Supervisor,,Sensor-Gateway-DN-13,,,false,,,2026-03-05 16:39:00
Tune wireless controller profiles and client balancing - WiFi-Controller-DN-13,OPEN,URGENT,"Tune wireless controller profiles and client balancing for Cisco Catalyst 9800-L Wireless Controller installed at Office Floor 1 - DN-13. Assigned owner: Network Engineer. Include functional checks, log review, and required remedial actions if deviations are found.",2025-11-14,4.0,322,350.0,2025-08-07 15:45:00,2025-08-09 02:45:00,false,Network Maintenance,Office Floor 1 - DN-13,Network Operations,Network Engineer,,WiFi-Controller-DN-13,,,false,,,2025-08-07 15:45:00
Validate AP channel plan and client coverage - Access-Point-DN-13,DONE,HIGH,"Validate ap channel plan and client coverage for Aruba AP-515 Wireless Access Point installed at Office Floor 2 - DN-13. Assigned owner: Network Engineer. Include functional checks, log review, and required remedial actions if deviations are found.",2025-08-15,6.0,323,600.0,2025-07-31 08:22:00,2025-08-12 14:22:00,true,Network Maintenance,Office Floor 2 - DN-13,Network Operations,Network Engineer,,Access-Point-DN-13,Quoc Pham,2025-08-12 14:22:00,false,Task completed successfully. Asset is operating within expected thresholds.,,2025-07-31 08:22:00
Review GPU thermals and update AI server firmware - AI-Analytics-Server-DN-13,IN_PROGRESS,MEDIUM,"Review gpu thermals and update ai server firmware for NVIDIA DGX A100 AI Analytics Server installed at Lab A - DN-13. Assigned owner: AI Specialist. Include functional checks, log review, and required remedial actions if deviations are found.",2025-09-01,4.0,324,450.0,2025-07-16 21:26:00,2025-07-18 10:26:00,false,Server Maintenance,Lab A - DN-13,AI Operations,AI Specialist,,AI-Analytics-Server-DN-13,,,false,,,2025-07-16 21:26:00
Verify monitoring appliance calibration and alerting - Monitoring-Appliance-DN-13,OPEN,MEDIUM,"Verify monitoring appliance calibration and alerting for Fluke OptiView XG Network Monitoring Appliance installed at Workshop - DN-13. Assigned owner: Network Engineer. Include functional checks, log review, and required remedial actions if deviations are found.",2025-07-25,4.0,325,500.0,2025-05-25 17:42:00,2025-05-27 07:42:00,false,Calibration,Workshop - DN-13,Network Operations,Network Engineer,,Monitoring-Appliance-DN-13,,,false,,,2025-05-25 17:42:00
Calibrate monitoring thresholds - Monitoring-System-HP-14,DONE,LOW,"Calibrate monitoring thresholds for SolarWinds Hybrid Cloud Observability Appliance installed at Infrastructure Site - HP-14. Assigned owner: Network Engineer. Include functional checks, log review, and required remedial actions if deviations are found.",2025-09-22,4.0,326,550.0,2025-09-13 18:34:00,2025-09-22 18:34:00,false,Calibration,Infrastructure Site - HP-14,Network Operations,Network Engineer,,Monitoring-System-HP-14,Nam Le,2025-09-22 18:34:00,false,Work order closed after verification by the site operations team.,,2025-09-13 18:34:00
Quarterly preventive maintenance on core router - Core-Router-HP-14,DONE,MEDIUM,"Quarterly preventive maintenance on core router for Cisco ASR 9904 Core Router installed at Network Operations Center (NOC) - HP-14. Assigned owner: Network Engineer. Include functional checks, log review, and required remedial actions if deviations are found.",2026-04-02,2.0,327,300.0,2026-03-13 01:01:00,2026-03-27 08:01:00,false,Network Maintenance,Network Operations Center (NOC) - HP-14,Network Operations,Network Engineer,,Core-Router-HP-14,Nam Le,2026-03-27 08:01:00,false,Maintenance completed successfully. Router performance and routing tables are stable.,,2026-03-13 01:01:00
Review VMS storage health and recording retention - Security-VMS-Server-HP-14,DONE,MEDIUM,"Review vms storage health and recording retention for Milestone Husky IVO 350R Video Management Server installed at Security Operations Center (SOC) - HP-14. Assigned owner: Security Officer. Include functional checks, log review, and required remedial actions if deviations are found.",2026-01-24,6.0,328,975.0,2026-01-19 23:36:00,2026-01-24 07:36:00,false,Security Maintenance,Security Operations Center (SOC) - HP-14,Security Operations,Security Officer,,Security-VMS-Server-HP-14,Vy Do,2026-01-24 07:36:00,false,Inspection completed and no critical issues were found.,,2026-01-19 23:36:00
Patch hypervisor host and validate cluster health - Virtualization-Host-HP-14,DONE,MEDIUM,"Patch hypervisor host and validate cluster health for Dell PowerEdge R750 Virtualization Host installed at Server Room A - HP-14. Assigned owner: System Administrator. Include functional checks, log review, and required remedial actions if deviations are found.",2025-02-02,1.0,329,75.0,2025-01-17 20:28:00,2025-01-27 23:28:00,false,Server Maintenance,Server Room A - HP-14,Server Operations,System Administrator,,Virtualization-Host-HP-14,Mai Vu,2025-01-27 23:28:00,false,Work order closed after verification by the site operations team.,,2025-01-17 20:28:00
Inspect storage array alerts and firmware status - Storage-Array-HP-14,OPEN,HIGH,"Inspect storage array alerts and firmware status for NetApp AFF A250 Storage Array installed at Server Room B - HP-14. Assigned owner: Storage Administrator. Include functional checks, log review, and required remedial actions if deviations are found.",2025-12-25,2.0,330,175.0,2025-09-20 09:24:00,2025-09-22 04:24:00,false,Server Maintenance,Server Room B - HP-14,Server Operations,Storage Administrator,,Storage-Array-HP-14,,,false,,,2025-09-20 09:24:00
Validate switch port configuration and error counters - Access-Switch-HP-14,ON_HOLD,HIGH,"Validate switch port configuration and error counters for Juniper EX4300 Access Switch installed at Network Closet - HP-14. Assigned owner: Network Engineer. Include functional checks, log review, and required remedial actions if deviations are found.",2026-03-23,1.0,331,100.0,2026-03-09 12:59:00,2026-03-11 08:59:00,true,Network Maintenance,Network Closet - HP-14,Network Operations,Network Engineer,,Access-Switch-HP-14,,,false,,,2026-03-09 12:59:00
Update access control firmware and credential sync - Access-Control-Panel-HP-14,OPEN,URGENT,"Update access control firmware and credential sync for Paxton Net2 Plus Access Control Panel installed at Access Control Room - HP-14. Assigned owner: Security Officer. Include functional checks, log review, and required remedial actions if deviations are found.",2025-12-07,3.0,332,337.5,2025-10-18 18:06:00,2025-10-20 15:06:00,false,Security Maintenance,Access Control Room - HP-14,Security Operations,Security Officer,,Access-Control-Panel-HP-14,,,false,,,2025-10-18 18:06:00
Inspect NVR recording capacity and camera retention - NVR-HP-14,OPEN,MEDIUM,"Inspect nvr recording capacity and camera retention for Hikvision DS-9632NI-M8 Network Video Recorder installed at Video Surveillance Room - HP-14. Assigned owner: Security Officer. Include functional checks, log review, and required remedial actions if deviations are found.",2026-01-02,4.0,333,500.0,2025-12-05 17:42:00,2025-12-07 15:42:00,false,Security Maintenance,Video Surveillance Room - HP-14,Security Operations,Security Officer,,NVR-HP-14,,,false,,,2025-12-05 17:42:00
Perform UPS battery health check and load test - UPS-HP-14,DONE,LOW,"Perform ups battery health check and load test for APC Smart-UPS SRT 3000VA installed at UPS Room - HP-14. Assigned owner: Electrician. Include functional checks, log review, and required remedial actions if deviations are found.",2025-02-13,2.0,334,275.0,2025-02-03 18:59:00,2025-02-13 18:59:00,false,Power Maintenance,UPS Room - HP-14,Facilities,Electrician,,UPS-HP-14,Khanh Truong,2025-02-13 18:59:00,false,UPS battery strings passed the load test and runtime remained within target.,,2025-02-03 18:59:00
Test ATS failover sequence - ATS-Panel-HP-14,OPEN,MEDIUM,"Test ats failover sequence for Schneider EasyPact Automatic Transfer Switch installed at Electrical Room - HP-14. Assigned owner: Electrician. Include functional checks, log review, and required remedial actions if deviations are found.",2026-04-25,2.0,335,300.0,2026-03-30 12:21:00,2026-04-01 12:21:00,false,Power Maintenance,Electrical Room - HP-14,Facilities,Electrician,,ATS-Panel-HP-14,,,false,,,2026-03-30 12:21:00
Replace filters and inspect cooling performance - CRAC-Unit-HP-14,ON_HOLD,MEDIUM,"Replace filters and inspect cooling performance for Vertiv Liebert PDX Precision Cooling Unit installed at HVAC Plant - HP-14. Assigned owner: HVAC Technician. Include functional checks, log review, and required remedial actions if deviations are found.",2026-02-25,8.0,336,1300.0,2026-02-15 02:58:00,2026-02-17 03:58:00,false,Preventive Maintenance,HVAC Plant - HP-14,Facilities,HVAC Technician,,CRAC-Unit-HP-14,,,false,,Danang Engineering Works,2026-02-15 02:58:00
Monthly backup generator test run - Generator-HP-14,OPEN,MEDIUM,"Monthly backup generator test run for Cummins C275D5 Backup Generator installed at Generator Yard - HP-14. Assigned owner: Electrician. Include functional checks, log review, and required remedial actions if deviations are found.",2025-05-06,3.0,337,225.0,2025-03-06 15:23:00,2025-03-08 17:23:00,false,Power Maintenance,Generator Yard - HP-14,Facilities,Electrician,,Generator-HP-14,,,false,,Danang Engineering Works,2025-03-06 15:23:00
Clean and validate visitor kiosk peripherals - Visitor-Kiosk-HP-14,OPEN,LOW,"Clean and validate visitor kiosk peripherals for ZKTeco SpeedFace-V5L Visitor Kiosk installed at Reception - HP-14. Assigned owner: Security Officer. Include functional checks, log review, and required remedial actions if deviations are found.",2026-03-09,3.0,338,262.5,2025-10-27 10:02:00,2025-10-29 13:02:00,false,Preventive Maintenance,Reception - HP-14,Security Operations,Security Officer,,Visitor-Kiosk-HP-14,,,false,,,2025-10-27 10:02:00
Clean camera lens and verify image quality - Loading-Bay-Camera-HP-14,OPEN,HIGH,"Clean camera lens and verify image quality for Hikvision DS-2CD2686G2 Bullet Camera installed at Loading Bay - HP-14. Assigned owner: Security Officer. Include functional checks, log review, and required remedial actions if deviations are found.",2026-03-25,2.0,339,200.0,2025-12-19 23:34:00,2025-12-22 03:34:00,false,Security Maintenance,Loading Bay - HP-14,Security Operations,Security Officer,,Loading-Bay-Camera-HP-14,,,false,,,2025-12-19 23:34:00
Inspect backhaul alignment and RSSI stability - Microwave-Radio-HP-14,ON_HOLD,HIGH,"Inspect backhaul alignment and rssi stability for Ceragon IP-20C Microwave Radio installed at Roof - HP-14. Assigned owner: Field Technician. Include functional checks, log review, and required remedial actions if deviations are found.",2025-04-24,2.0,340,225.0,2025-02-23 15:31:00,2025-02-25 20:31:00,false,Network Maintenance,Roof - HP-14,Cellular Maintenance,Field Technician,,Microwave-Radio-HP-14,,,false,,,2025-02-23 15:31:00
Inspect and clean fiber terminations - Fiber-Patch-Panel-HP-14,DONE,MEDIUM,"Inspect and clean fiber terminations for Corning EDGE Fiber Patch Panel installed at IDF Room 1 - HP-14. Assigned owner: Cabling Technician. Include functional checks, log review, and required remedial actions if deviations are found.",2025-02-02,4.0,341,500.0,2025-01-23 12:53:00,2025-01-27 21:53:00,false,Preventive Maintenance,IDF Room 1 - HP-14,Infrastructure,Cabling Technician,,Fiber-Patch-Panel-HP-14,Quang Bui,2025-01-27 21:53:00,true,Work order closed after verification by the site operations team.,,2025-01-23 12:53:00
Verify edge switch firmware and uplink stability - Edge-Switch-HP-14,IN_PROGRESS,LOW,"Verify edge switch firmware and uplink stability for Cisco Catalyst 9300 Edge Switch installed at IDF Room 2 - HP-14. Assigned owner: Network Engineer. Include functional checks, log review, and required remedial actions if deviations are found.",2026-01-11,2.0,342,275.0,2025-09-17 13:21:00,2025-09-19 20:21:00,false,Network Maintenance,IDF Room 2 - HP-14,Network Operations,Network Engineer,,Edge-Switch-HP-14,,,false,,,2025-09-17 13:21:00
Optimize antenna alignment and sector KPIs - 5G-Antenna-HP-14,OPEN,URGENT,"Optimize antenna alignment and sector kpis for Ericsson AIR 6488 Massive MIMO Antenna installed at Telecom Mast - HP-14. Assigned owner: Field Technician. Include functional checks, log review, and required remedial actions if deviations are found.",2025-08-20,2.0,343,300.0,2025-05-28 11:35:00,2025-05-30 19:35:00,true,Cellular Maintenance,Telecom Mast - HP-14,Cellular Maintenance,Field Technician,,5G-Antenna-HP-14,,,false,,,2025-05-28 11:35:00
Review baseband alarms and software health - Baseband-Unit-HP-14,OPEN,MEDIUM,"Review baseband alarms and software health for Nokia AirScale Baseband Unit installed at Base Station - HP-14. Assigned owner: Field Technician. Include functional checks, log review, and required remedial actions if deviations are found.",2026-04-03,2.0,344,325.0,2026-03-24 03:04:00,2026-03-26 12:04:00,false,Cellular Maintenance,Base Station - HP-14,Cellular Maintenance,Field Technician,,Baseband-Unit-HP-14,,,false,,,2026-03-24 03:04:00
Inspect RRU connectors and weather sealing - Radio-Unit-HP-14,IN_PROGRESS,MEDIUM,"Inspect rru connectors and weather sealing for Ericsson Radio 4422 Remote Radio Unit installed at Antenna Array - HP-14. Assigned owner: Field Technician. Include functional checks, log review, and required remedial actions if deviations are found.",2026-01-13,4.0,345,300.0,2025-11-01 17:41:00,2025-11-04 03:41:00,false,Cellular Maintenance,Antenna Array - HP-14,Cellular Maintenance,Field Technician,,Radio-Unit-HP-14,,,false,,,2025-11-01 17:41:00
Validate gateway sensor polling and packet delivery - Sensor-Gateway-HP-14,OPEN,HIGH,"Validate gateway sensor polling and packet delivery for Advantech WISE-6610 IoT Gateway installed at Storage Room - HP-14. Assigned owner: Facilities Supervisor. Include functional checks, log review, and required remedial actions if deviations are found.",2026-01-03,8.0,346,700.0,2025-08-13 00:18:00,2025-08-15 11:18:00,true,Preventive Maintenance,Storage Room - HP-14,Facilities,Facilities Supervisor,,Sensor-Gateway-HP-14,,,false,,,2025-08-13 00:18:00
Tune wireless controller profiles and client balancing - WiFi-Controller-HP-14,ON_HOLD,MEDIUM,"Tune wireless controller profiles and client balancing for Cisco Catalyst 9800-L Wireless Controller installed at Office Floor 1 - HP-14. Assigned owner: Network Engineer. Include functional checks, log review, and required remedial actions if deviations are found.",2025-08-21,8.0,347,800.0,2025-05-26 20:21:00,2025-05-29 08:21:00,false,Network Maintenance,Office Floor 1 - HP-14,Network Operations,Network Engineer,,WiFi-Controller-HP-14,,,false,,,2025-05-26 20:21:00
Validate AP channel plan and client coverage - Access-Point-HP-14,DONE,HIGH,"Validate ap channel plan and client coverage for Aruba AP-515 Wireless Access Point installed at Office Floor 2 - HP-14. Assigned owner: Network Engineer. Include functional checks, log review, and required remedial actions if deviations are found.",2025-05-30,4.0,348,450.0,2025-05-13 22:32:00,2025-05-30 02:32:00,false,Network Maintenance,Office Floor 2 - HP-14,Network Operations,Network Engineer,,Access-Point-HP-14,Minh Tran,2025-05-30 02:32:00,true,Task completed successfully. Asset is operating within expected thresholds.,,2025-05-13 22:32:00
Review GPU thermals and update AI server firmware - AI-Analytics-Server-HP-14,DONE,MEDIUM,"Review gpu thermals and update ai server firmware for NVIDIA DGX A100 AI Analytics Server installed at Lab A - HP-14. Assigned owner: AI Specialist. Include functional checks, log review, and required remedial actions if deviations are found.",2026-02-18,2.0,349,250.0,2026-02-13 07:43:00,2026-02-18 07:43:00,false,Server Maintenance,Lab A - HP-14,AI Operations,AI Specialist,,AI-Analytics-Server-HP-14,Quang Pham,2026-02-18 07:43:00,false,GPU temperatures normalized after maintenance and all accelerators passed diagnostics.,,2026-02-13 07:43:00
Verify monitoring appliance calibration and alerting - Monitoring-Appliance-HP-14,IN_PROGRESS,HIGH,"Verify monitoring appliance calibration and alerting for Fluke OptiView XG Network Monitoring Appliance installed at Workshop - HP-14. Assigned owner: Network Engineer. Include functional checks, log review, and required remedial actions if deviations are found.",2025-09-28,8.0,350,1100.0,2025-07-20 05:09:00,2025-07-22 20:09:00,false,Calibration,Workshop - HP-14,Network Operations,Network Engineer,,Monitoring-Appliance-HP-14,,,false,,,2025-07-20 05:09:00
Calibrate monitoring thresholds - Monitoring-System-CT-15,DONE,LOW,"Calibrate monitoring thresholds for SolarWinds Hybrid Cloud Observability Appliance installed at Infrastructure Site - CT-15. Assigned owner: Network Engineer. Include functional checks, log review, and required remedial actions if deviations are found.",2026-01-18,1.0,351,150.0,2026-01-12 13:01:00,2026-01-18 13:01:00,false,Calibration,Infrastructure Site - CT-15,Network Operations,Network Engineer,,Monitoring-System-CT-15,Anh Hoang,2026-01-18 13:01:00,false,Inspection completed and no critical issues were found.,,2026-01-12 13:01:00
Quarterly preventive maintenance on core router - Core-Router-CT-15,DONE,MEDIUM,"Quarterly preventive maintenance on core router for Cisco ASR 9904 Core Router installed at Network Operations Center (NOC) - CT-15. Assigned owner: Network Engineer. Include functional checks, log review, and required remedial actions if deviations are found.",2025-12-15,3.0,352,487.5,2025-12-01 21:12:00,2025-12-06 02:12:00,false,Network Maintenance,Network Operations Center (NOC) - CT-15,Network Operations,Network Engineer,,Core-Router-CT-15,Nam Le,2025-12-06 02:12:00,false,Maintenance completed successfully. Router performance and routing tables are stable.,,2025-12-01 21:12:00
Review VMS storage health and recording retention - Security-VMS-Server-CT-15,DONE,LOW,"Review vms storage health and recording retention for Milestone Husky IVO 350R Video Management Server installed at Security Operations Center (SOC) - CT-15. Assigned owner: Security Officer. Include functional checks, log review, and required remedial actions if deviations are found.",2026-02-26,4.0,353,300.0,2026-02-14 14:15:00,2026-02-26 14:15:00,false,Security Maintenance,Security Operations Center (SOC) - CT-15,Security Operations,Security Officer,,Security-VMS-Server-CT-15,Ha Tran,2026-02-26 14:15:00,false,Work order closed after verification by the site operations team.,,2026-02-14 14:15:00
Patch hypervisor host and validate cluster health - Virtualization-Host-CT-15,OPEN,HIGH,"Patch hypervisor host and validate cluster health for Dell PowerEdge R750 Virtualization Host installed at Server Room A - CT-15. Assigned owner: System Administrator. Include functional checks, log review, and required remedial actions if deviations are found.",2025-12-27,8.0,354,700.0,2025-09-24 23:05:00,2025-09-27 18:05:00,false,Server Maintenance,Server Room A - CT-15,Server Operations,System Administrator,,Virtualization-Host-CT-15,,,false,,,2025-09-24 23:05:00
Inspect storage array alerts and firmware status - Storage-Array-CT-15,OPEN,MEDIUM,"Inspect storage array alerts and firmware status for NetApp AFF A250 Storage Array installed at Server Room B - CT-15. Assigned owner: Storage Administrator. Include functional checks, log review, and required remedial actions if deviations are found.",2025-08-25,4.0,355,400.0,2025-04-25 14:43:00,2025-04-28 10:43:00,false,Server Maintenance,Server Room B - CT-15,Server Operations,Storage Administrator,,Storage-Array-CT-15,,,false,,,2025-04-25 14:43:00
Validate switch port configuration and error counters - Access-Switch-CT-15,ON_HOLD,LOW,"Validate switch port configuration and error counters for Juniper EX4300 Access Switch installed at Network Closet - CT-15. Assigned owner: Network Engineer. Include functional checks, log review, and required remedial actions if deviations are found.",2025-11-21,2.0,356,225.0,2025-08-18 06:06:00,2025-08-21 03:06:00,false,Network Maintenance,Network Closet - CT-15,Network Operations,Network Engineer,,Access-Switch-CT-15,,,false,,,2025-08-18 06:06:00
Update access control firmware and credential sync - Access-Control-Panel-CT-15,IN_PROGRESS,MEDIUM,"Update access control firmware and credential sync for Paxton Net2 Plus Access Control Panel installed at Access Control Room - CT-15. Assigned owner: Security Officer. Include functional checks, log review, and required remedial actions if deviations are found.",2025-06-10,4.0,357,500.0,2025-02-09 02:14:00,2025-02-12 00:14:00,false,Security Maintenance,Access Control Room - CT-15,Security Operations,Security Officer,,Access-Control-Panel-CT-15,,,false,,,2025-02-09 02:14:00
Inspect NVR recording capacity and camera retention - NVR-CT-15,IN_PROGRESS,URGENT,"Inspect nvr recording capacity and camera retention for Hikvision DS-9632NI-M8 Network Video Recorder installed at Video Surveillance Room - CT-15. Assigned owner: Security Officer. Include functional checks, log review, and required remedial actions if deviations are found.",2025-08-01,2.0,358,275.0,2025-04-22 03:04:00,2025-04-25 02:04:00,true,Security Maintenance,Video Surveillance Room - CT-15,Security Operations,Security Officer,,NVR-CT-15,,,false,,,2025-04-22 03:04:00
Perform UPS battery health check and load test - UPS-CT-15,DONE,MEDIUM,"Perform ups battery health check and load test for APC Smart-UPS SRT 3000VA installed at UPS Room - CT-15. Assigned owner: Electrician. Include functional checks, log review, and required remedial actions if deviations are found.",2025-12-16,4.0,359,600.0,2025-11-25 13:09:00,2025-12-05 16:09:00,false,Power Maintenance,UPS Room - CT-15,Facilities,Electrician,,UPS-CT-15,Dat Le,2025-12-05 16:09:00,false,UPS battery strings passed the load test and runtime remained within target.,,2025-11-25 13:09:00
Test ATS failover sequence - ATS-Panel-CT-15,IN_PROGRESS,HIGH,"Test ats failover sequence for Schneider EasyPact Automatic Transfer Switch installed at Electrical Room - CT-15. Assigned owner: Electrician. Include functional checks, log review, and required remedial actions if deviations are found.",2025-07-11,2.0,360,325.0,2025-04-19 10:26:00,2025-04-22 11:26:00,false,Power Maintenance,Electrical Room - CT-15,Facilities,Electrician,,ATS-Panel-CT-15,,,false,,SaiGon MEP Solutions,2025-04-19 10:26:00
Replace filters and inspect cooling performance - CRAC-Unit-CT-15,ON_HOLD,LOW,"Replace filters and inspect cooling performance for Vertiv Liebert PDX Precision Cooling Unit installed at HVAC Plant - CT-15. Assigned owner: HVAC Technician. Include functional checks, log review, and required remedial actions if deviations are found.",2025-06-17,4.0,361,300.0,2025-03-16 22:21:00,2025-03-17 00:21:00,false,Preventive Maintenance,HVAC Plant - CT-15,Facilities,HVAC Technician,,CRAC-Unit-CT-15,,,false,,,2025-03-16 22:21:00
Monthly backup generator test run - Generator-CT-15,DONE,LOW,"Monthly backup generator test run for Cummins C275D5 Backup Generator installed at Generator Yard - CT-15. Assigned owner: Electrician. Include functional checks, log review, and required remedial actions if deviations are found.",2025-12-29,6.0,362,525.0,2025-12-25 14:57:00,2025-12-29 14:57:00,false,Power Maintenance,Generator Yard - CT-15,Facilities,Electrician,,Generator-CT-15,Tien Nguyen,2025-12-29 14:57:00,false,Inspection completed and no critical issues were found.,,2025-12-25 14:57:00
Clean and validate visitor kiosk peripherals - Visitor-Kiosk-CT-15,OPEN,HIGH,"Clean and validate visitor kiosk peripherals for ZKTeco SpeedFace-V5L Visitor Kiosk installed at Reception - CT-15. Assigned owner: Security Officer. Include functional checks, log review, and required remedial actions if deviations are found.",2026-03-22,6.0,363,600.0,2026-03-16 15:04:00,2026-03-16 19:04:00,true,Preventive Maintenance,Reception - CT-15,Security Operations,Security Officer,,Visitor-Kiosk-CT-15,,,false,,,2026-03-16 15:04:00
Clean camera lens and verify image quality - Loading-Bay-Camera-CT-15,ON_HOLD,HIGH,"Clean camera lens and verify image quality for Hikvision DS-2CD2686G2 Bullet Camera installed at Loading Bay - CT-15. Assigned owner: Security Officer. Include functional checks, log review, and required remedial actions if deviations are found.",2026-01-14,4.0,364,450.0,2025-12-24 19:08:00,2025-12-25 00:08:00,true,Security Maintenance,Loading Bay - CT-15,Security Operations,Security Officer,,Loading-Bay-Camera-CT-15,,,false,,Danang Engineering Works,2025-12-24 19:08:00
Inspect backhaul alignment and RSSI stability - Microwave-Radio-CT-15,OPEN,HIGH,"Inspect backhaul alignment and rssi stability for Ceragon IP-20C Microwave Radio installed at Roof - CT-15. Assigned owner: Field Technician. Include functional checks, log review, and required remedial actions if deviations are found.",2026-02-20,3.0,365,375.0,2026-02-02 02:23:00,2026-02-02 08:23:00,true,Network Maintenance,Roof - CT-15,Cellular Maintenance,Field Technician,,Microwave-Radio-CT-15,,,false,,,2026-02-02 02:23:00
Inspect and clean fiber terminations - Fiber-Patch-Panel-CT-15,IN_PROGRESS,MEDIUM,"Inspect and clean fiber terminations for Corning EDGE Fiber Patch Panel installed at IDF Room 1 - CT-15. Assigned owner: Cabling Technician. Include functional checks, log review, and required remedial actions if deviations are found.",2025-08-28,1.0,366,137.5,2025-05-01 13:13:00,2025-05-01 20:13:00,false,Preventive Maintenance,IDF Room 1 - CT-15,Infrastructure,Cabling Technician,,Fiber-Patch-Panel-CT-15,,,false,,,2025-05-01 13:13:00
Verify edge switch firmware and uplink stability - Edge-Switch-CT-15,OPEN,MEDIUM,"Verify edge switch firmware and uplink stability for Cisco Catalyst 9300 Edge Switch installed at IDF Room 2 - CT-15. Assigned owner: Network Engineer. Include functional checks, log review, and required remedial actions if deviations are found.",2025-07-04,2.0,367,300.0,2025-04-30 04:32:00,2025-04-30 12:32:00,false,Network Maintenance,IDF Room 2 - CT-15,Network Operations,Network Engineer,,Edge-Switch-CT-15,,,false,,,2025-04-30 04:32:00
Optimize antenna alignment and sector KPIs - 5G-Antenna-CT-15,OPEN,LOW,"Optimize antenna alignment and sector kpis for Ericsson AIR 6488 Massive MIMO Antenna installed at Telecom Mast - CT-15. Assigned owner: Field Technician. Include functional checks, log review, and required remedial actions if deviations are found.",2026-01-09,6.0,368,975.0,2025-10-31 19:26:00,2025-11-01 04:26:00,false,Cellular Maintenance,Telecom Mast - CT-15,Cellular Maintenance,Field Technician,,5G-Antenna-CT-15,,,false,,,2025-10-31 19:26:00
Review baseband alarms and software health - Baseband-Unit-CT-15,DONE,HIGH,"Review baseband alarms and software health for Nokia AirScale Baseband Unit installed at Base Station - CT-15. Assigned owner: Field Technician. Include functional checks, log review, and required remedial actions if deviations are found.",2025-12-14,6.0,369,450.0,2025-12-08 09:58:00,2025-12-14 09:58:00,false,Cellular Maintenance,Base Station - CT-15,Cellular Maintenance,Field Technician,,Baseband-Unit-CT-15,Khoa Le,2025-12-14 09:58:00,false,Inspection completed and no critical issues were found.,,2025-12-08 09:58:00
Inspect RRU connectors and weather sealing - Radio-Unit-CT-15,IN_PROGRESS,MEDIUM,"Inspect rru connectors and weather sealing for Ericsson Radio 4422 Remote Radio Unit installed at Antenna Array - CT-15. Assigned owner: Field Technician. Include functional checks, log review, and required remedial actions if deviations are found.",2026-01-26,2.0,370,175.0,2026-01-06 04:14:00,2026-01-06 15:14:00,false,Cellular Maintenance,Antenna Array - CT-15,Cellular Maintenance,Field Technician,,Radio-Unit-CT-15,,,false,,,2026-01-06 04:14:00
Validate gateway sensor polling and packet delivery - Sensor-Gateway-CT-15,DONE,MEDIUM,"Validate gateway sensor polling and packet delivery for Advantech WISE-6610 IoT Gateway installed at Storage Room - CT-15. Assigned owner: Facilities Supervisor. Include functional checks, log review, and required remedial actions if deviations are found.",2025-03-27,2.0,371,200.0,2025-03-25 16:53:00,2025-03-27 16:53:00,false,Preventive Maintenance,Storage Room - CT-15,Facilities,Facilities Supervisor,,Sensor-Gateway-CT-15,Uyen Pham,2025-03-27 16:53:00,true,Work order closed after verification by the site operations team.,,2025-03-25 16:53:00
Tune wireless controller profiles and client balancing - WiFi-Controller-CT-15,DONE,LOW,"Tune wireless controller profiles and client balancing for Cisco Catalyst 9800-L Wireless Controller installed at Office Floor 1 - CT-15. Assigned owner: Network Engineer. Include functional checks, log review, and required remedial actions if deviations are found.",2026-01-06,8.0,372,900.0,2025-12-12 13:41:00,2025-12-27 18:41:00,false,Network Maintenance,Office Floor 1 - CT-15,Network Operations,Network Engineer,,WiFi-Controller-CT-15,Minh Tran,2025-12-27 18:41:00,false,Task completed successfully. Asset is operating within expected thresholds.,,2025-12-12 13:41:00
Validate AP channel plan and client coverage - Access-Point-CT-15,DONE,MEDIUM,"Validate ap channel plan and client coverage for Aruba AP-515 Wireless Access Point installed at Office Floor 2 - CT-15. Assigned owner: Network Engineer. Include functional checks, log review, and required remedial actions if deviations are found.",2025-07-02,6.0,373,750.0,2025-06-14 01:13:00,2025-06-17 04:13:00,false,Network Maintenance,Office Floor 2 - CT-15,Network Operations,Network Engineer,,Access-Point-CT-15,Bao Nguyen,2025-06-17 04:13:00,false,Maintenance completed successfully. Performance is stable after service.,,2025-06-14 01:13:00
Review GPU thermals and update AI server firmware - AI-Analytics-Server-CT-15,DONE,HIGH,"Review gpu thermals and update ai server firmware for NVIDIA DGX A100 AI Analytics Server installed at Lab A - CT-15. Assigned owner: AI Specialist. Include functional checks, log review, and required remedial actions if deviations are found.",2025-08-09,6.0,374,825.0,2025-08-05 12:38:00,2025-08-09 12:38:00,false,Server Maintenance,Lab A - CT-15,AI Operations,AI Specialist,,AI-Analytics-Server-CT-15,Nhi Tran,2025-08-09 12:38:00,false,GPU temperatures normalized after maintenance and all accelerators passed diagnostics.,,2025-08-05 12:38:00
Verify monitoring appliance calibration and alerting - Monitoring-Appliance-CT-15,OPEN,URGENT,"Verify monitoring appliance calibration and alerting for Fluke OptiView XG Network Monitoring Appliance installed at Workshop - CT-15. Assigned owner: Network Engineer. Include functional checks, log review, and required remedial actions if deviations are found.",2026-02-03,6.0,375,900.0,2026-01-30 02:47:00,2026-01-30 18:47:00,true,Calibration,Workshop - CT-15,Network Operations,Network Engineer,,Monitoring-Appliance-CT-15,,,false,,,2026-01-30 02:47:00
Calibrate monitoring thresholds - Monitoring-System-BD-16,ON_HOLD,URGENT,"Calibrate monitoring thresholds for SolarWinds Hybrid Cloud Observability Appliance installed at Infrastructure Site - BD-16. Assigned owner: Network Engineer. Include functional checks, log review, and required remedial actions if deviations are found.",2026-01-29,3.0,376,487.5,2026-01-24 06:07:00,2026-01-24 23:07:00,false,Calibration,Infrastructure Site - BD-16,Network Operations,Network Engineer,,Monitoring-System-BD-16,,,false,,,2026-01-24 06:07:00
Quarterly preventive maintenance on core router - Core-Router-BD-16,IN_PROGRESS,LOW,"Quarterly preventive maintenance on core router for Cisco ASR 9904 Core Router installed at Network Operations Center (NOC) - BD-16. Assigned owner: Network Engineer. Include functional checks, log review, and required remedial actions if deviations are found.",2025-04-25,1.0,377,75.0,2025-02-20 07:56:00,2025-02-21 01:56:00,false,Network Maintenance,Network Operations Center (NOC) - BD-16,Network Operations,Network Engineer,,Core-Router-BD-16,,,false,,,2025-02-20 07:56:00
Review VMS storage health and recording retention - Security-VMS-Server-BD-16,IN_PROGRESS,URGENT,"Review vms storage health and recording retention for Milestone Husky IVO 350R Video Management Server installed at Security Operations Center (SOC) - BD-16. Assigned owner: Security Officer. Include functional checks, log review, and required remedial actions if deviations are found.",2025-05-29,8.0,378,700.0,2025-01-24 05:09:00,2025-01-25 00:09:00,true,Security Maintenance,Security Operations Center (SOC) - BD-16,Security Operations,Security Officer,,Security-VMS-Server-BD-16,,,false,,,2025-01-24 05:09:00
Patch hypervisor host and validate cluster health - Virtualization-Host-BD-16,IN_PROGRESS,HIGH,"Patch hypervisor host and validate cluster health for Dell PowerEdge R750 Virtualization Host installed at Server Room A - BD-16. Assigned owner: System Administrator. Include functional checks, log review, and required remedial actions if deviations are found.",2026-02-14,2.0,379,200.0,2025-12-07 03:52:00,2025-12-07 23:52:00,false,Server Maintenance,Server Room A - BD-16,Server Operations,System Administrator,,Virtualization-Host-BD-16,,,false,,,2025-12-07 03:52:00
Inspect storage array alerts and firmware status - Storage-Array-BD-16,DONE,LOW,"Inspect storage array alerts and firmware status for NetApp AFF A250 Storage Array installed at Server Room B - BD-16. Assigned owner: Storage Administrator. Include functional checks, log review, and required remedial actions if deviations are found.",2025-03-30,1.0,380,112.5,2025-03-17 01:24:00,2025-03-30 01:24:00,false,Server Maintenance,Server Room B - BD-16,Server Operations,Storage Administrator,,Storage-Array-BD-16,Duy Nguyen,2025-03-30 01:24:00,true,Task completed successfully. Asset is operating within expected thresholds.,,2025-03-17 01:24:00
Validate switch port configuration and error counters - Access-Switch-BD-16,DONE,MEDIUM,"Validate switch port configuration and error counters for Juniper EX4300 Access Switch installed at Network Closet - BD-16. Assigned owner: Network Engineer. Include functional checks, log review, and required remedial actions if deviations are found.",2026-03-05,8.0,381,1000.0,2026-02-15 13:30:00,2026-02-27 19:30:00,false,Network Maintenance,Network Closet - BD-16,Network Operations,Network Engineer,,Access-Switch-BD-16,Nam Le,2026-02-27 19:30:00,false,Corrective action implemented and follow-up checks were satisfactory.,,2026-02-15 13:30:00
Update access control firmware and credential sync - Access-Control-Panel-BD-16,DONE,MEDIUM,"Update access control firmware and credential sync for Paxton Net2 Plus Access Control Panel installed at Access Control Room - BD-16. Assigned owner: Security Officer. Include functional checks, log review, and required remedial actions if deviations are found.",2025-12-05,2.0,382,275.0,2025-11-29 09:23:00,2025-12-05 09:23:00,false,Security Maintenance,Access Control Room - BD-16,Security Operations,Security Officer,,Access-Control-Panel-BD-16,Ha Tran,2025-12-05 09:23:00,false,Task completed successfully. Asset is operating within expected thresholds.,,2025-11-29 09:23:00
Inspect NVR recording capacity and camera retention - NVR-BD-16,DONE,LOW,"Inspect nvr recording capacity and camera retention for Hikvision DS-9632NI-M8 Network Video Recorder installed at Video Surveillance Room - BD-16. Assigned owner: Security Officer. Include functional checks, log review, and required remedial actions if deviations are found.",2025-10-13,4.0,383,600.0,2025-09-15 08:47:00,2025-09-24 15:47:00,false,Security Maintenance,Video Surveillance Room - BD-16,Security Operations,Security Officer,,NVR-BD-16,Long Pham,2025-09-24 15:47:00,false,Maintenance completed successfully. Performance is stable after service.,,2025-09-15 08:47:00
Perform UPS battery health check and load test - UPS-BD-16,ON_HOLD,MEDIUM,"Perform ups battery health check and load test for APC Smart-UPS SRT 3000VA installed at UPS Room - BD-16. Assigned owner: Electrician. Include functional checks, log review, and required remedial actions if deviations are found.",2025-04-27,6.0,384,975.0,2025-02-28 09:56:00,2025-03-01 10:56:00,false,Power Maintenance,UPS Room - BD-16,Facilities,Electrician,,UPS-BD-16,,,false,,,2025-02-28 09:56:00
Test ATS failover sequence - ATS-Panel-BD-16,ON_HOLD,LOW,"Test ats failover sequence for Schneider EasyPact Automatic Transfer Switch installed at Electrical Room - BD-16. Assigned owner: Electrician. Include functional checks, log review, and required remedial actions if deviations are found.",2025-03-14,3.0,385,225.0,2025-01-24 14:49:00,2025-01-25 16:49:00,false,Power Maintenance,Electrical Room - BD-16,Facilities,Electrician,,ATS-Panel-BD-16,,,false,,,2025-01-24 14:49:00
Replace filters and inspect cooling performance - CRAC-Unit-BD-16,OPEN,MEDIUM,"Replace filters and inspect cooling performance for Vertiv Liebert PDX Precision Cooling Unit installed at HVAC Plant - BD-16. Assigned owner: HVAC Technician. Include functional checks, log review, and required remedial actions if deviations are found.",2025-05-25,1.0,386,87.5,2025-02-18 17:53:00,2025-02-19 20:53:00,false,Preventive Maintenance,HVAC Plant - BD-16,Facilities,HVAC Technician,,CRAC-Unit-BD-16,,,false,,,2025-02-18 17:53:00
Monthly backup generator test run - Generator-BD-16,OPEN,HIGH,"Monthly backup generator test run for Cummins C275D5 Backup Generator installed at Generator Yard - BD-16. Assigned owner: Electrician. Include functional checks, log review, and required remedial actions if deviations are found.",2025-11-16,8.0,387,800.0,2025-07-30 10:38:00,2025-07-31 14:38:00,true,Power Maintenance,Generator Yard - BD-16,Facilities,Electrician,,Generator-BD-16,,,false,,,2025-07-30 10:38:00
Clean and validate visitor kiosk peripherals - Visitor-Kiosk-BD-16,OPEN,URGENT,"Clean and validate visitor kiosk peripherals for ZKTeco SpeedFace-V5L Visitor Kiosk installed at Reception - BD-16. Assigned owner: Security Officer. Include functional checks, log review, and required remedial actions if deviations are found.",2025-04-24,3.0,388,337.5,2025-01-17 23:43:00,2025-01-19 04:43:00,false,Preventive Maintenance,Reception - BD-16,Security Operations,Security Officer,,Visitor-Kiosk-BD-16,,,false,,,2025-01-17 23:43:00
Clean camera lens and verify image quality - Loading-Bay-Camera-BD-16,ON_HOLD,HIGH,"Clean camera lens and verify image quality for Hikvision DS-2CD2686G2 Bullet Camera installed at Loading Bay - BD-16. Assigned owner: Security Officer. Include functional checks, log review, and required remedial actions if deviations are found.",2026-02-25,6.0,389,750.0,2025-10-21 08:02:00,2025-10-22 14:02:00,true,Security Maintenance,Loading Bay - BD-16,Security Operations,Security Officer,,Loading-Bay-Camera-BD-16,,,false,,,2025-10-21 08:02:00
Inspect backhaul alignment and RSSI stability - Microwave-Radio-BD-16,OPEN,HIGH,"Inspect backhaul alignment and rssi stability for Ceragon IP-20C Microwave Radio installed at Roof - BD-16. Assigned owner: Field Technician. Include functional checks, log review, and required remedial actions if deviations are found.",2025-04-18,1.0,390,137.5,2025-02-15 07:45:00,2025-02-16 14:45:00,true,Network Maintenance,Roof - BD-16,Cellular Maintenance,Field Technician,,Microwave-Radio-BD-16,,,false,,,2025-02-15 07:45:00
Inspect and clean fiber terminations - Fiber-Patch-Panel-BD-16,DONE,MEDIUM,"Inspect and clean fiber terminations for Corning EDGE Fiber Patch Panel installed at IDF Room 1 - BD-16. Assigned owner: Cabling Technician. Include functional checks, log review, and required remedial actions if deviations are found.",2025-02-15,3.0,391,450.0,2025-02-04 06:59:00,2025-02-09 16:59:00,false,Preventive Maintenance,IDF Room 1 - BD-16,Infrastructure,Cabling Technician,,Fiber-Patch-Panel-BD-16,Kiet Tran,2025-02-09 16:59:00,true,Task completed successfully. Asset is operating within expected thresholds.,,2025-02-04 06:59:00
Verify edge switch firmware and uplink stability - Edge-Switch-BD-16,DONE,MEDIUM,"Verify edge switch firmware and uplink stability for Cisco Catalyst 9300 Edge Switch installed at IDF Room 2 - BD-16. Assigned owner: Network Engineer. Include functional checks, log review, and required remedial actions if deviations are found.",2025-06-19,4.0,392,650.0,2025-06-10 05:31:00,2025-06-19 05:31:00,false,Network Maintenance,IDF Room 2 - BD-16,Network Operations,Network Engineer,,Edge-Switch-BD-16,Anh Hoang,2025-06-19 05:31:00,false,Corrective action implemented and follow-up checks were satisfactory.,,2025-06-10 05:31:00
Optimize antenna alignment and sector KPIs - 5G-Antenna-BD-16,DONE,HIGH,"Optimize antenna alignment and sector kpis for Ericsson AIR 6488 Massive MIMO Antenna installed at Telecom Mast - BD-16. Assigned owner: Field Technician. Include functional checks, log review, and required remedial actions if deviations are found.",2025-09-18,1.0,393,75.0,2025-09-05 23:57:00,2025-09-18 23:57:00,false,Cellular Maintenance,Telecom Mast - BD-16,Cellular Maintenance,Field Technician,,5G-Antenna-BD-16,Son Pham,2025-09-18 23:57:00,false,Sector alignment improved signal quality and throughput remained stable after tuning.,,2025-09-05 23:57:00
Review baseband alarms and software health - Baseband-Unit-BD-16,DONE,MEDIUM,"Review baseband alarms and software health for Nokia AirScale Baseband Unit installed at Base Station - BD-16. Assigned owner: Field Technician. Include functional checks, log review, and required remedial actions if deviations are found.",2026-02-15,3.0,394,262.5,2026-02-10 00:02:00,2026-02-15 00:02:00,false,Cellular Maintenance,Base Station - BD-16,Cellular Maintenance,Field Technician,,Baseband-Unit-BD-16,Son Pham,2026-02-15 00:02:00,false,Task completed successfully. Asset is operating within expected thresholds.,,2026-02-10 00:02:00
Inspect RRU connectors and weather sealing - Radio-Unit-BD-16,ON_HOLD,URGENT,"Inspect rru connectors and weather sealing for Ericsson Radio 4422 Remote Radio Unit installed at Antenna Array - BD-16. Assigned owner: Field Technician. Include functional checks, log review, and required remedial actions if deviations are found.",2025-06-04,4.0,395,400.0,2025-03-31 01:33:00,2025-04-01 13:33:00,false,Cellular Maintenance,Antenna Array - BD-16,Cellular Maintenance,Field Technician,,Radio-Unit-BD-16,,,false,,,2025-03-31 01:33:00
Validate gateway sensor polling and packet delivery - Sensor-Gateway-BD-16,OPEN,MEDIUM,"Validate gateway sensor polling and packet delivery for Advantech WISE-6610 IoT Gateway installed at Storage Room - BD-16. Assigned owner: Facilities Supervisor. Include functional checks, log review, and required remedial actions if deviations are found.",2025-12-31,3.0,396,337.5,2025-10-25 11:57:00,2025-10-27 00:57:00,false,Preventive Maintenance,Storage Room - BD-16,Facilities,Facilities Supervisor,,Sensor-Gateway-BD-16,,,false,,,2025-10-25 11:57:00
Tune wireless controller profiles and client balancing - WiFi-Controller-BD-16,IN_PROGRESS,MEDIUM,"Tune wireless controller profiles and client balancing for Cisco Catalyst 9800-L Wireless Controller installed at Office Floor 1 - BD-16. Assigned owner: Network Engineer. Include functional checks, log review, and required remedial actions if deviations are found.",2025-04-29,1.0,397,125.0,2025-01-25 15:35:00,2025-01-27 05:35:00,false,Network Maintenance,Office Floor 1 - BD-16,Network Operations,Network Engineer,,WiFi-Controller-BD-16,,,false,,,2025-01-25 15:35:00
Validate AP channel plan and client coverage - Access-Point-BD-16,DONE,MEDIUM,"Validate ap channel plan and client coverage for Aruba AP-515 Wireless Access Point installed at Office Floor 2 - BD-16. Assigned owner: Network Engineer. Include functional checks, log review, and required remedial actions if deviations are found.",2025-02-06,6.0,398,825.0,2025-01-22 13:45:00,2025-01-24 15:45:00,false,Network Maintenance,Office Floor 2 - BD-16,Network Operations,Network Engineer,,Access-Point-BD-16,Nam Le,2025-01-24 15:45:00,false,Maintenance completed successfully. Performance is stable after service.,,2025-01-22 13:45:00
Review GPU thermals and update AI server firmware - AI-Analytics-Server-BD-16,OPEN,LOW,"Review gpu thermals and update ai server firmware for NVIDIA DGX A100 AI Analytics Server installed at Lab A - BD-16. Assigned owner: AI Specialist. Include functional checks, log review, and required remedial actions if deviations are found.",2025-09-27,2.0,399,300.0,2025-07-22 08:37:00,2025-07-24 00:37:00,false,Server Maintenance,Lab A - BD-16,AI Operations,AI Specialist,,AI-Analytics-Server-BD-16,,,false,,,2025-07-22 08:37:00
Verify monitoring appliance calibration and alerting - Monitoring-Appliance-BD-16,DONE,MEDIUM,"Verify monitoring appliance calibration and alerting for Fluke OptiView XG Network Monitoring Appliance installed at Workshop - BD-16. Assigned owner: Network Engineer. Include functional checks, log review, and required remedial actions if deviations are found.",2026-03-19,1.0,400,162.5,2026-02-26 22:36:00,2026-03-08 04:36:00,false,Calibration,Workshop - BD-16,Network Operations,Network Engineer,,Monitoring-Appliance-BD-16,Anh Hoang,2026-03-08 04:36:00,false,Maintenance completed successfully. Performance is stable after service.,,2026-02-26 22:36:00
Calibrate monitoring thresholds - Monitoring-System-HN-17,DONE,LOW,"Calibrate monitoring thresholds for SolarWinds Hybrid Cloud Observability Appliance installed at Infrastructure Site - HN-17. Assigned owner: Network Engineer. Include functional checks, log review, and required remedial actions if deviations are found.",2025-02-07,4.0,401,300.0,2025-01-10 22:01:00,2025-01-20 01:01:00,false,Calibration,Infrastructure Site - HN-17,Network Operations,Network Engineer,,Monitoring-System-HN-17,Anh Hoang,2025-01-20 01:01:00,true,Task completed successfully. Asset is operating within expected thresholds.,,2025-01-10 22:01:00
Quarterly preventive maintenance on core router - Core-Router-HN-17,DONE,MEDIUM,"Quarterly preventive maintenance on core router for Cisco ASR 9904 Core Router installed at Network Operations Center (NOC) - HN-17. Assigned owner: Network Engineer. Include functional checks, log review, and required remedial actions if deviations are found.",2026-01-12,6.0,402,525.0,2026-01-09 07:43:00,2026-01-12 07:43:00,false,Network Maintenance,Network Operations Center (NOC) - HN-17,Network Operations,Network Engineer,,Core-Router-HN-17,Quoc Pham,2026-01-12 07:43:00,false,Maintenance completed successfully. Router performance and routing tables are stable.,,2026-01-09 07:43:00
Review VMS storage health and recording retention - Security-VMS-Server-HN-17,DONE,LOW,"Review vms storage health and recording retention for Milestone Husky IVO 350R Video Management Server installed at Security Operations Center (SOC) - HN-17. Assigned owner: Security Officer. Include functional checks, log review, and required remedial actions if deviations are found.",2025-12-19,4.0,403,400.0,2025-12-09 10:23:00,2025-12-19 10:23:00,false,Security Maintenance,Security Operations Center (SOC) - HN-17,Security Operations,Security Officer,,Security-VMS-Server-HN-17,Vy Do,2025-12-19 10:23:00,false,Inspection completed and no critical issues were found.,,2025-12-09 10:23:00
Patch hypervisor host and validate cluster health - Virtualization-Host-HN-17,DONE,MEDIUM,"Patch hypervisor host and validate cluster health for Dell PowerEdge R750 Virtualization Host installed at Server Room A - HN-17. Assigned owner: System Administrator. Include functional checks, log review, and required remedial actions if deviations are found.",2025-03-03,2.0,404,225.0,2025-02-08 20:13:00,2025-02-26 04:13:00,false,Server Maintenance,Server Room A - HN-17,Server Operations,System Administrator,,Virtualization-Host-HN-17,Khanh Ho,2025-02-26 04:13:00,false,Task completed successfully. Asset is operating within expected thresholds.,,2025-02-08 20:13:00
Inspect storage array alerts and firmware status - Storage-Array-HN-17,DONE,LOW,"Inspect storage array alerts and firmware status for NetApp AFF A250 Storage Array installed at Server Room B - HN-17. Assigned owner: Storage Administrator. Include functional checks, log review, and required remedial actions if deviations are found.",2025-08-08,4.0,405,500.0,2025-07-20 07:07:00,2025-07-22 17:07:00,false,Server Maintenance,Server Room B - HN-17,Server Operations,Storage Administrator,,Storage-Array-HN-17,Trang Pham,2025-07-22 17:07:00,true,Task completed successfully. Asset is operating within expected thresholds.,,2025-07-20 07:07:00
Validate switch port configuration and error counters - Access-Switch-HN-17,DONE,LOW,"Validate switch port configuration and error counters for Juniper EX4300 Access Switch installed at Network Closet - HN-17. Assigned owner: Network Engineer. Include functional checks, log review, and required remedial actions if deviations are found.",2025-07-08,6.0,406,825.0,2025-07-04 09:36:00,2025-07-08 09:36:00,false,Network Maintenance,Network Closet - HN-17,Network Operations,Network Engineer,,Access-Switch-HN-17,Minh Tran,2025-07-08 09:36:00,true,Maintenance completed successfully. Performance is stable after service.,,2025-07-04 09:36:00
Update access control firmware and credential sync - Access-Control-Panel-HN-17,DONE,MEDIUM,"Update access control firmware and credential sync for Paxton Net2 Plus Access Control Panel installed at Access Control Room - HN-17. Assigned owner: Security Officer. Include functional checks, log review, and required remedial actions if deviations are found.",2025-11-01,2.0,407,300.0,2025-10-19 09:12:00,2025-10-21 14:12:00,false,Security Maintenance,Access Control Room - HN-17,Security Operations,Security Officer,,Access-Control-Panel-HN-17,Ha Tran,2025-10-21 14:12:00,false,Inspection completed and no critical issues were found.,,2025-10-19 09:12:00
Inspect NVR recording capacity and camera retention - NVR-HN-17,ON_HOLD,URGENT,"Inspect nvr recording capacity and camera retention for Hikvision DS-9632NI-M8 Network Video Recorder installed at Video Surveillance Room - HN-17. Assigned owner: Security Officer. Include functional checks, log review, and required remedial actions if deviations are found.",2025-10-19,3.0,408,487.5,2025-09-01 12:42:00,2025-09-03 13:42:00,false,Security Maintenance,Video Surveillance Room - HN-17,Security Operations,Security Officer,,NVR-HN-17,,,false,,,2025-09-01 12:42:00
Perform UPS battery health check and load test - UPS-HN-17,ON_HOLD,URGENT,"Perform ups battery health check and load test for APC Smart-UPS SRT 3000VA installed at UPS Room - HN-17. Assigned owner: Electrician. Include functional checks, log review, and required remedial actions if deviations are found.",2025-07-05,2.0,409,150.0,2025-03-02 09:11:00,2025-03-04 11:11:00,false,Power Maintenance,UPS Room - HN-17,Facilities,Electrician,,UPS-HN-17,,,false,,,2025-03-02 09:11:00
Test ATS failover sequence - ATS-Panel-HN-17,DONE,LOW,"Test ats failover sequence for Schneider EasyPact Automatic Transfer Switch installed at Electrical Room - HN-17. Assigned owner: Electrician. Include functional checks, log review, and required remedial actions if deviations are found.",2025-08-10,3.0,410,262.5,2025-07-29 09:55:00,2025-08-06 17:55:00,false,Power Maintenance,Electrical Room - HN-17,Facilities,Electrician,,ATS-Panel-HN-17,Tien Nguyen,2025-08-06 17:55:00,true,Task completed successfully. Asset is operating within expected thresholds.,Red River Power Co.,2025-07-29 09:55:00
Replace filters and inspect cooling performance - CRAC-Unit-HN-17,DONE,LOW,"Replace filters and inspect cooling performance for Vertiv Liebert PDX Precision Cooling Unit installed at HVAC Plant - HN-17. Assigned owner: HVAC Technician. Include functional checks, log review, and required remedial actions if deviations are found.",2025-10-22,2.0,411,200.0,2025-10-09 09:57:00,2025-10-22 09:57:00,false,Preventive Maintenance,HVAC Plant - HN-17,Facilities,HVAC Technician,,CRAC-Unit-HN-17,Lam Ho,2025-10-22 09:57:00,false,Work order closed after verification by the site operations team.,,2025-10-09 09:57:00
Monthly backup generator test run - Generator-HN-17,DONE,MEDIUM,"Monthly backup generator test run for Cummins C275D5 Backup Generator installed at Generator Yard - HN-17. Assigned owner: Electrician. Include functional checks, log review, and required remedial actions if deviations are found.",2026-03-15,2.0,412,225.0,2026-02-22 21:53:00,2026-03-06 03:53:00,false,Power Maintenance,Generator Yard - HN-17,Facilities,Electrician,,Generator-HN-17,Tien Nguyen,2026-03-06 03:53:00,false,Task completed successfully. Asset is operating within expected thresholds.,Metro Cabling Partners,2026-02-22 21:53:00
Clean and validate visitor kiosk peripherals - Visitor-Kiosk-HN-17,DONE,MEDIUM,"Clean and validate visitor kiosk peripherals for ZKTeco SpeedFace-V5L Visitor Kiosk installed at Reception - HN-17. Assigned owner: Security Officer. Include functional checks, log review, and required remedial actions if deviations are found.",2026-03-31,3.0,413,375.0,2026-03-24 17:38:00,2026-03-31 17:38:00,false,Preventive Maintenance,Reception - HN-17,Security Operations,Security Officer,,Visitor-Kiosk-HN-17,Long Pham,2026-03-31 17:38:00,false,Inspection completed and no critical issues were found.,,2026-03-24 17:38:00
Clean camera lens and verify image quality - Loading-Bay-Camera-HN-17,OPEN,HIGH,"Clean camera lens and verify image quality for Hikvision DS-2CD2686G2 Bullet Camera installed at Loading Bay - HN-17. Assigned owner: Security Officer. Include functional checks, log review, and required remedial actions if deviations are found.",2026-01-29,1.0,414,137.5,2026-01-01 06:49:00,2026-01-03 13:49:00,true,Security Maintenance,Loading Bay - HN-17,Security Operations,Security Officer,,Loading-Bay-Camera-HN-17,,,false,,,2026-01-01 06:49:00
Inspect backhaul alignment and RSSI stability - Microwave-Radio-HN-17,IN_PROGRESS,HIGH,"Inspect backhaul alignment and rssi stability for Ceragon IP-20C Microwave Radio installed at Roof - HN-17. Assigned owner: Field Technician. Include functional checks, log review, and required remedial actions if deviations are found.",2026-01-28,6.0,415,900.0,2025-10-29 18:58:00,2025-11-01 02:58:00,false,Network Maintenance,Roof - HN-17,Cellular Maintenance,Field Technician,,Microwave-Radio-HN-17,,,false,,,2025-10-29 18:58:00
Inspect and clean fiber terminations - Fiber-Patch-Panel-HN-17,OPEN,URGENT,"Inspect and clean fiber terminations for Corning EDGE Fiber Patch Panel installed at IDF Room 1 - HN-17. Assigned owner: Cabling Technician. Include functional checks, log review, and required remedial actions if deviations are found.",2025-07-30,4.0,416,650.0,2025-03-26 01:00:00,2025-03-28 10:00:00,false,Preventive Maintenance,IDF Room 1 - HN-17,Infrastructure,Cabling Technician,,Fiber-Patch-Panel-HN-17,,,false,,,2025-03-26 01:00:00
Verify edge switch firmware and uplink stability - Edge-Switch-HN-17,DONE,HIGH,"Verify edge switch firmware and uplink stability for Cisco Catalyst 9300 Edge Switch installed at IDF Room 2 - HN-17. Assigned owner: Network Engineer. Include functional checks, log review, and required remedial actions if deviations are found.",2026-01-12,2.0,417,150.0,2026-01-06 21:54:00,2026-01-12 21:54:00,false,Network Maintenance,IDF Room 2 - HN-17,Network Operations,Network Engineer,,Edge-Switch-HN-17,Quoc Pham,2026-01-12 21:54:00,false,Maintenance completed successfully. Performance is stable after service.,,2026-01-06 21:54:00
Optimize antenna alignment and sector KPIs - 5G-Antenna-HN-17,OPEN,URGENT,"Optimize antenna alignment and sector kpis for Ericsson AIR 6488 Massive MIMO Antenna installed at Telecom Mast - HN-17. Assigned owner: Field Technician. Include functional checks, log review, and required remedial actions if deviations are found.",2025-12-03,4.0,418,350.0,2025-08-06 06:31:00,2025-08-08 17:31:00,true,Cellular Maintenance,Telecom Mast - HN-17,Cellular Maintenance,Field Technician,,5G-Antenna-HN-17,,,false,,,2025-08-06 06:31:00
Review baseband alarms and software health - Baseband-Unit-HN-17,IN_PROGRESS,MEDIUM,"Review baseband alarms and software health for Nokia AirScale Baseband Unit installed at Base Station - HN-17. Assigned owner: Field Technician. Include functional checks, log review, and required remedial actions if deviations are found.",2026-01-08,2.0,419,200.0,2025-11-28 18:04:00,2025-12-01 06:04:00,false,Cellular Maintenance,Base Station - HN-17,Cellular Maintenance,Field Technician,,Baseband-Unit-HN-17,,,false,,,2025-11-28 18:04:00
Inspect RRU connectors and weather sealing - Radio-Unit-HN-17,IN_PROGRESS,LOW,"Inspect rru connectors and weather sealing for Ericsson Radio 4422 Remote Radio Unit installed at Antenna Array - HN-17. Assigned owner: Field Technician. Include functional checks, log review, and required remedial actions if deviations are found.",2025-11-17,2.0,420,225.0,2025-09-02 12:13:00,2025-09-05 01:13:00,false,Cellular Maintenance,Antenna Array - HN-17,Cellular Maintenance,Field Technician,,Radio-Unit-HN-17,,,false,,,2025-09-02 12:13:00
Validate gateway sensor polling and packet delivery - Sensor-Gateway-HN-17,DONE,URGENT,"Validate gateway sensor polling and packet delivery for Advantech WISE-6610 IoT Gateway installed at Storage Room - HN-17. Assigned owner: Facilities Supervisor. Include functional checks, log review, and required remedial actions if deviations are found.",2025-08-13,3.0,421,375.0,2025-07-21 20:06:00,2025-07-26 00:06:00,true,Preventive Maintenance,Storage Room - HN-17,Facilities,Facilities Supervisor,,Sensor-Gateway-HN-17,Uyen Pham,2025-07-26 00:06:00,false,Corrective action implemented and follow-up checks were satisfactory.,,2025-07-21 20:06:00
Tune wireless controller profiles and client balancing - WiFi-Controller-HN-17,IN_PROGRESS,URGENT,"Tune wireless controller profiles and client balancing for Cisco Catalyst 9800-L Wireless Controller installed at Office Floor 1 - HN-17. Assigned owner: Network Engineer. Include functional checks, log review, and required remedial actions if deviations are found.",2026-03-07,3.0,422,412.5,2026-02-24 15:09:00,2026-02-27 06:09:00,false,Network Maintenance,Office Floor 1 - HN-17,Network Operations,Network Engineer,,WiFi-Controller-HN-17,,,false,,,2026-02-24 15:09:00
Validate AP channel plan and client coverage - Access-Point-HN-17,OPEN,MEDIUM,"Validate ap channel plan and client coverage for Aruba AP-515 Wireless Access Point installed at Office Floor 2 - HN-17. Assigned owner: Network Engineer. Include functional checks, log review, and required remedial actions if deviations are found.",2026-01-04,2.0,423,300.0,2025-12-19 20:21:00,2025-12-22 12:21:00,false,Network Maintenance,Office Floor 2 - HN-17,Network Operations,Network Engineer,,Access-Point-HN-17,,,false,,,2025-12-19 20:21:00
Review GPU thermals and update AI server firmware - AI-Analytics-Server-HN-17,OPEN,HIGH,"Review gpu thermals and update ai server firmware for NVIDIA DGX A100 AI Analytics Server installed at Lab A - HN-17. Assigned owner: AI Specialist. Include functional checks, log review, and required remedial actions if deviations are found.",2025-10-29,4.0,424,650.0,2025-08-05 14:44:00,2025-08-08 07:44:00,true,Server Maintenance,Lab A - HN-17,AI Operations,AI Specialist,,AI-Analytics-Server-HN-17,,,false,,,2025-08-05 14:44:00
Verify monitoring appliance calibration and alerting - Monitoring-Appliance-HN-17,DONE,MEDIUM,"Verify monitoring appliance calibration and alerting for Fluke OptiView XG Network Monitoring Appliance installed at Workshop - HN-17. Assigned owner: Network Engineer. Include functional checks, log review, and required remedial actions if deviations are found.",2025-08-27,2.0,425,150.0,2025-08-03 19:01:00,2025-08-14 20:01:00,false,Calibration,Workshop - HN-17,Network Operations,Network Engineer,,Monitoring-Appliance-HN-17,Anh Hoang,2025-08-14 20:01:00,true,Corrective action implemented and follow-up checks were satisfactory.,,2025-08-03 19:01:00
Calibrate monitoring thresholds - Monitoring-System-HN-18,ON_HOLD,URGENT,"Calibrate monitoring thresholds for SolarWinds Hybrid Cloud Observability Appliance installed at Infrastructure Site - HN-18. Assigned owner: Network Engineer. Include functional checks, log review, and required remedial actions if deviations are found.",2025-05-22,3.0,426,262.5,2025-01-29 00:18:00,2025-01-31 19:18:00,true,Calibration,Infrastructure Site - HN-18,Network Operations,Network Engineer,,Monitoring-System-HN-18,,,false,,,2025-01-29 00:18:00
Quarterly preventive maintenance on core router - Core-Router-HN-18,DONE,LOW,"Quarterly preventive maintenance on core router for Cisco ASR 9904 Core Router installed at Network Operations Center (NOC) - HN-18. Assigned owner: Network Engineer. Include functional checks, log review, and required remedial actions if deviations are found.",2025-08-26,2.0,427,200.0,2025-08-08 20:02:00,2025-08-15 21:02:00,false,Network Maintenance,Network Operations Center (NOC) - HN-18,Network Operations,Network Engineer,,Core-Router-HN-18,Bao Nguyen,2025-08-15 21:02:00,true,Maintenance completed successfully. Router performance and routing tables are stable.,,2025-08-08 20:02:00
Review VMS storage health and recording retention - Security-VMS-Server-HN-18,IN_PROGRESS,MEDIUM,"Review vms storage health and recording retention for Milestone Husky IVO 350R Video Management Server installed at Security Operations Center (SOC) - HN-18. Assigned owner: Security Officer. Include functional checks, log review, and required remedial actions if deviations are found.",2025-06-06,6.0,428,675.0,2025-01-31 11:31:00,2025-02-03 08:31:00,false,Security Maintenance,Security Operations Center (SOC) - HN-18,Security Operations,Security Officer,,Security-VMS-Server-HN-18,,,false,,,2025-01-31 11:31:00
Patch hypervisor host and validate cluster health - Virtualization-Host-HN-18,DONE,HIGH,"Patch hypervisor host and validate cluster health for Dell PowerEdge R750 Virtualization Host installed at Server Room A - HN-18. Assigned owner: System Administrator. Include functional checks, log review, and required remedial actions if deviations are found.",2025-06-13,4.0,429,500.0,2025-05-21 04:38:00,2025-06-03 14:38:00,true,Server Maintenance,Server Room A - HN-18,Server Operations,System Administrator,,Virtualization-Host-HN-18,Linh Bui,2025-06-03 14:38:00,true,Work order closed after verification by the site operations team.,,2025-05-21 04:38:00
Inspect storage array alerts and firmware status - Storage-Array-HN-18,IN_PROGRESS,URGENT,"Inspect storage array alerts and firmware status for NetApp AFF A250 Storage Array installed at Server Room B - HN-18. Assigned owner: Storage Administrator. Include functional checks, log review, and required remedial actions if deviations are found.",2026-02-06,6.0,430,825.0,2025-11-23 05:47:00,2025-11-26 04:47:00,true,Server Maintenance,Server Room B - HN-18,Server Operations,Storage Administrator,,Storage-Array-HN-18,,,false,,,2025-11-23 05:47:00
Validate switch port configuration and error counters - Access-Switch-HN-18,ON_HOLD,HIGH,"Validate switch port configuration and error counters for Juniper EX4300 Access Switch installed at Network Closet - HN-18. Assigned owner: Network Engineer. Include functional checks, log review, and required remedial actions if deviations are found.",2025-06-30,8.0,431,1200.0,2025-04-10 19:10:00,2025-04-13 19:10:00,true,Network Maintenance,Network Closet - HN-18,Network Operations,Network Engineer,,Access-Switch-HN-18,,,false,,,2025-04-10 19:10:00
Update access control firmware and credential sync - Access-Control-Panel-HN-18,IN_PROGRESS,MEDIUM,"Update access control firmware and credential sync for Paxton Net2 Plus Access Control Panel installed at Access Control Room - HN-18. Assigned owner: Security Officer. Include functional checks, log review, and required remedial actions if deviations are found.",2025-05-23,4.0,432,650.0,2025-02-17 13:27:00,2025-02-20 14:27:00,false,Security Maintenance,Access Control Room - HN-18,Security Operations,Security Officer,,Access-Control-Panel-HN-18,,,false,,,2025-02-17 13:27:00
Inspect NVR recording capacity and camera retention - NVR-HN-18,IN_PROGRESS,MEDIUM,"Inspect nvr recording capacity and camera retention for Hikvision DS-9632NI-M8 Network Video Recorder installed at Video Surveillance Room - HN-18. Assigned owner: Security Officer. Include functional checks, log review, and required remedial actions if deviations are found.",2025-11-03,1.0,433,75.0,2025-07-28 17:47:00,2025-07-28 19:47:00,false,Security Maintenance,Video Surveillance Room - HN-18,Security Operations,Security Officer,,NVR-HN-18,,,false,,,2025-07-28 17:47:00
Perform UPS battery health check and load test - UPS-HN-18,OPEN,HIGH,"Perform ups battery health check and load test for APC Smart-UPS SRT 3000VA installed at UPS Room - HN-18. Assigned owner: Electrician. Include functional checks, log review, and required remedial actions if deviations are found.",2025-07-18,4.0,434,350.0,2025-06-10 11:51:00,2025-06-10 14:51:00,false,Power Maintenance,UPS Room - HN-18,Facilities,Electrician,,UPS-HN-18,,,false,,,2025-06-10 11:51:00
Test ATS failover sequence - ATS-Panel-HN-18,DONE,HIGH,"Test ats failover sequence for Schneider EasyPact Automatic Transfer Switch installed at Electrical Room - HN-18. Assigned owner: Electrician. Include functional checks, log review, and required remedial actions if deviations are found.",2025-10-09,2.0,435,200.0,2025-09-17 04:56:00,2025-09-23 13:56:00,true,Power Maintenance,Electrical Room - HN-18,Facilities,Electrician,,ATS-Panel-HN-18,Khanh Truong,2025-09-23 13:56:00,false,Work order closed after verification by the site operations team.,Alpha Secure Systems,2025-09-17 04:56:00
Replace filters and inspect cooling performance - CRAC-Unit-HN-18,DONE,MEDIUM,"Replace filters and inspect cooling performance for Vertiv Liebert PDX Precision Cooling Unit installed at HVAC Plant - HN-18. Assigned owner: HVAC Technician. Include functional checks, log review, and required remedial actions if deviations are found.",2025-09-17,3.0,436,337.5,2025-09-15 19:38:00,2025-09-17 19:38:00,false,Preventive Maintenance,HVAC Plant - HN-18,Facilities,HVAC Technician,,CRAC-Unit-HN-18,Lam Ho,2025-09-17 19:38:00,false,Corrective action implemented and follow-up checks were satisfactory.,VN Facilities Services,2025-09-15 19:38:00
Monthly backup generator test run - Generator-HN-18,DONE,LOW,"Monthly backup generator test run for Cummins C275D5 Backup Generator installed at Generator Yard - HN-18. Assigned owner: Electrician. Include functional checks, log review, and required remedial actions if deviations are found.",2025-08-26,3.0,437,375.0,2025-08-23 11:44:00,2025-08-26 11:44:00,false,Power Maintenance,Generator Yard - HN-18,Facilities,Electrician,,Generator-HN-18,Tien Nguyen,2025-08-26 11:44:00,true,Maintenance completed successfully. Performance is stable after service.,SaiGon MEP Solutions,2025-08-23 11:44:00
Clean and validate visitor kiosk peripherals - Visitor-Kiosk-HN-18,DONE,LOW,"Clean and validate visitor kiosk peripherals for ZKTeco SpeedFace-V5L Visitor Kiosk installed at Reception - HN-18. Assigned owner: Security Officer. Include functional checks, log review, and required remedial actions if deviations are found.",2025-11-24,2.0,438,275.0,2025-11-19 23:14:00,2025-11-24 23:14:00,false,Preventive Maintenance,Reception - HN-18,Security Operations,Security Officer,,Visitor-Kiosk-HN-18,Long Pham,2025-11-24 23:14:00,false,Inspection completed and no critical issues were found.,,2025-11-19 23:14:00
Clean camera lens and verify image quality - Loading-Bay-Camera-HN-18,IN_PROGRESS,URGENT,"Clean camera lens and verify image quality for Hikvision DS-2CD2686G2 Bullet Camera installed at Loading Bay - HN-18. Assigned owner: Security Officer. Include functional checks, log review, and required remedial actions if deviations are found.",2026-02-17,8.0,439,1200.0,2026-02-03 07:00:00,2026-02-03 15:00:00,true,Security Maintenance,Loading Bay - HN-18,Security Operations,Security Officer,,Loading-Bay-Camera-HN-18,,,false,,Mekong Telecom Services,2026-02-03 07:00:00
Inspect backhaul alignment and RSSI stability - Microwave-Radio-HN-18,IN_PROGRESS,MEDIUM,"Inspect backhaul alignment and rssi stability for Ceragon IP-20C Microwave Radio installed at Roof - HN-18. Assigned owner: Field Technician. Include functional checks, log review, and required remedial actions if deviations are found.",2026-03-16,8.0,440,1300.0,2026-02-19 11:38:00,2026-02-19 20:38:00,false,Network Maintenance,Roof - HN-18,Cellular Maintenance,Field Technician,,Microwave-Radio-HN-18,,,false,,,2026-02-19 11:38:00
Inspect and clean fiber terminations - Fiber-Patch-Panel-HN-18,DONE,MEDIUM,"Inspect and clean fiber terminations for Corning EDGE Fiber Patch Panel installed at IDF Room 1 - HN-18. Assigned owner: Cabling Technician. Include functional checks, log review, and required remedial actions if deviations are found.",2025-04-09,1.0,441,75.0,2025-03-26 10:56:00,2025-04-03 18:56:00,false,Preventive Maintenance,IDF Room 1 - HN-18,Infrastructure,Cabling Technician,,Fiber-Patch-Panel-HN-18,Phong Le,2025-04-03 18:56:00,true,Corrective action implemented and follow-up checks were satisfactory.,,2025-03-26 10:56:00
Verify edge switch firmware and uplink stability - Edge-Switch-HN-18,OPEN,LOW,"Verify edge switch firmware and uplink stability for Cisco Catalyst 9300 Edge Switch installed at IDF Room 2 - HN-18. Assigned owner: Network Engineer. Include functional checks, log review, and required remedial actions if deviations are found.",2025-05-27,8.0,442,700.0,2025-03-07 07:03:00,2025-03-07 18:03:00,false,Network Maintenance,IDF Room 2 - HN-18,Network Operations,Network Engineer,,Edge-Switch-HN-18,,,false,,,2025-03-07 07:03:00
Optimize antenna alignment and sector KPIs - 5G-Antenna-HN-18,DONE,HIGH,"Optimize antenna alignment and sector kpis for Ericsson AIR 6488 Massive MIMO Antenna installed at Telecom Mast - HN-18. Assigned owner: Field Technician. Include functional checks, log review, and required remedial actions if deviations are found.",2026-02-14,3.0,443,300.0,2026-02-11 20:59:00,2026-02-14 20:59:00,false,Cellular Maintenance,Telecom Mast - HN-18,Cellular Maintenance,Field Technician,,5G-Antenna-HN-18,Duc Nguyen,2026-02-14 20:59:00,false,Sector alignment improved signal quality and throughput remained stable after tuning.,,2026-02-11 20:59:00
Review baseband alarms and software health - Baseband-Unit-HN-18,OPEN,HIGH,"Review baseband alarms and software health for Nokia AirScale Baseband Unit installed at Base Station - HN-18. Assigned owner: Field Technician. Include functional checks, log review, and required remedial actions if deviations are found.",2026-01-11,4.0,444,450.0,2025-09-08 00:07:00,2025-09-08 13:07:00,true,Cellular Maintenance,Base Station - HN-18,Cellular Maintenance,Field Technician,,Baseband-Unit-HN-18,,,false,,,2025-09-08 00:07:00
Inspect RRU connectors and weather sealing - Radio-Unit-HN-18,DONE,MEDIUM,"Inspect rru connectors and weather sealing for Ericsson Radio 4422 Remote Radio Unit installed at Antenna Array - HN-18. Assigned owner: Field Technician. Include functional checks, log review, and required remedial actions if deviations are found.",2025-07-08,2.0,445,250.0,2025-07-03 10:29:00,2025-07-08 10:29:00,false,Cellular Maintenance,Antenna Array - HN-18,Cellular Maintenance,Field Technician,,Radio-Unit-HN-18,Hieu Do,2025-07-08 10:29:00,true,Task completed successfully. Asset is operating within expected thresholds.,,2025-07-03 10:29:00
Validate gateway sensor polling and packet delivery - Sensor-Gateway-HN-18,OPEN,HIGH,"Validate gateway sensor polling and packet delivery for Advantech WISE-6610 IoT Gateway installed at Storage Room - HN-18. Assigned owner: Facilities Supervisor. Include functional checks, log review, and required remedial actions if deviations are found.",2026-03-31,6.0,446,825.0,2025-12-07 05:28:00,2025-12-07 20:28:00,true,Preventive Maintenance,Storage Room - HN-18,Facilities,Facilities Supervisor,,Sensor-Gateway-HN-18,,,false,,,2025-12-07 05:28:00
Tune wireless controller profiles and client balancing - WiFi-Controller-HN-18,OPEN,LOW,"Tune wireless controller profiles and client balancing for Cisco Catalyst 9800-L Wireless Controller installed at Office Floor 1 - HN-18. Assigned owner: Network Engineer. Include functional checks, log review, and required remedial actions if deviations are found.",2026-03-28,4.0,447,600.0,2025-11-07 13:27:00,2025-11-08 05:27:00,false,Network Maintenance,Office Floor 1 - HN-18,Network Operations,Network Engineer,,WiFi-Controller-HN-18,,,false,,,2025-11-07 13:27:00
Validate AP channel plan and client coverage - Access-Point-HN-18,OPEN,HIGH,"Validate ap channel plan and client coverage for Aruba AP-515 Wireless Access Point installed at Office Floor 2 - HN-18. Assigned owner: Network Engineer. Include functional checks, log review, and required remedial actions if deviations are found.",2026-04-11,3.0,448,487.5,2026-03-15 06:11:00,2026-03-15 23:11:00,false,Network Maintenance,Office Floor 2 - HN-18,Network Operations,Network Engineer,,Access-Point-HN-18,,,false,,,2026-03-15 06:11:00
Review GPU thermals and update AI server firmware - AI-Analytics-Server-HN-18,DONE,URGENT,"Review gpu thermals and update ai server firmware for NVIDIA DGX A100 AI Analytics Server installed at Lab A - HN-18. Assigned owner: AI Specialist. Include functional checks, log review, and required remedial actions if deviations are found.",2025-06-20,2.0,449,150.0,2025-06-13 22:11:00,2025-06-20 22:11:00,false,Server Maintenance,Lab A - HN-18,AI Operations,AI Specialist,,AI-Analytics-Server-HN-18,Nhi Tran,2025-06-20 22:11:00,true,GPU temperatures normalized after maintenance and all accelerators passed diagnostics.,,2025-06-13 22:11:00
Verify monitoring appliance calibration and alerting - Monitoring-Appliance-HN-18,IN_PROGRESS,HIGH,"Verify monitoring appliance calibration and alerting for Fluke OptiView XG Network Monitoring Appliance installed at Workshop - HN-18. Assigned owner: Network Engineer. Include functional checks, log review, and required remedial actions if deviations are found.",2025-10-31,2.0,450,175.0,2025-08-31 13:07:00,2025-09-01 08:07:00,true,Calibration,Workshop - HN-18,Network Operations,Network Engineer,,Monitoring-Appliance-HN-18,,,false,,,2025-08-31 13:07:00
Calibrate monitoring thresholds - Monitoring-System-HCM-19,DONE,MEDIUM,"Calibrate monitoring thresholds for SolarWinds Hybrid Cloud Observability Appliance installed at Infrastructure Site - HCM-19. Assigned owner: Network Engineer. Include functional checks, log review, and required remedial actions if deviations are found.",2025-10-22,4.0,451,400.0,2025-09-30 12:54:00,2025-10-01 16:54:00,false,Calibration,Infrastructure Site - HCM-19,Network Operations,Network Engineer,,Monitoring-System-HCM-19,Minh Tran,2025-10-01 16:54:00,false,Maintenance completed successfully. Performance is stable after service.,,2025-09-30 12:54:00
Quarterly preventive maintenance on core router - Core-Router-HCM-19,DONE,MEDIUM,"Quarterly preventive maintenance on core router for Cisco ASR 9904 Core Router installed at Network Operations Center (NOC) - HCM-19. Assigned owner: Network Engineer. Include functional checks, log review, and required remedial actions if deviations are found.",2025-09-14,4.0,452,450.0,2025-08-26 19:35:00,2025-09-13 23:35:00,false,Network Maintenance,Network Operations Center (NOC) - HCM-19,Network Operations,Network Engineer,,Core-Router-HCM-19,Nam Le,2025-09-13 23:35:00,false,Maintenance completed successfully. Router performance and routing tables are stable.,,2025-08-26 19:35:00
Review VMS storage health and recording retention - Security-VMS-Server-HCM-19,DONE,LOW,"Review vms storage health and recording retention for Milestone Husky IVO 350R Video Management Server installed at Security Operations Center (SOC) - HCM-19. Assigned owner: Security Officer. Include functional checks, log review, and required remedial actions if deviations are found.",2025-09-02,2.0,453,250.0,2025-08-06 19:18:00,2025-08-24 05:18:00,false,Security Maintenance,Security Operations Center (SOC) - HCM-19,Security Operations,Security Officer,,Security-VMS-Server-HCM-19,Long Pham,2025-08-24 05:18:00,false,Work order closed after verification by the site operations team.,,2025-08-06 19:18:00
Patch hypervisor host and validate cluster health - Virtualization-Host-HCM-19,DONE,URGENT,"Patch hypervisor host and validate cluster health for Dell PowerEdge R750 Virtualization Host installed at Server Room A - HCM-19. Assigned owner: System Administrator. Include functional checks, log review, and required remedial actions if deviations are found.",2025-08-12,8.0,454,1100.0,2025-08-04 16:04:00,2025-08-12 16:04:00,true,Server Maintenance,Server Room A - HCM-19,Server Operations,System Administrator,,Virtualization-Host-HCM-19,Phuong Nguyen,2025-08-12 16:04:00,true,Corrective action implemented and follow-up checks were satisfactory.,,2025-08-04 16:04:00
Inspect storage array alerts and firmware status - Storage-Array-HCM-19,DONE,LOW,"Inspect storage array alerts and firmware status for NetApp AFF A250 Storage Array installed at Server Room B - HCM-19. Assigned owner: Storage Administrator. Include functional checks, log review, and required remedial actions if deviations are found.",2025-09-27,2.0,455,300.0,2025-09-09 11:27:00,2025-09-24 18:27:00,false,Server Maintenance,Server Room B - HCM-19,Server Operations,Storage Administrator,,Storage-Array-HCM-19,Trang Pham,2025-09-24 18:27:00,false,Work order closed after verification by the site operations team.,,2025-09-09 11:27:00
Validate switch port configuration and error counters - Access-Switch-HCM-19,DONE,MEDIUM,"Validate switch port configuration and error counters for Juniper EX4300 Access Switch installed at Network Closet - HCM-19. Assigned owner: Network Engineer. Include functional checks, log review, and required remedial actions if deviations are found.",2026-03-25,8.0,456,1300.0,2026-03-12 09:51:00,2026-03-22 18:51:00,false,Network Maintenance,Network Closet - HCM-19,Network Operations,Network Engineer,,Access-Switch-HCM-19,Nam Le,2026-03-22 18:51:00,false,Maintenance completed successfully. Performance is stable after service.,,2026-03-12 09:51:00
Update access control firmware and credential sync - Access-Control-Panel-HCM-19,DONE,URGENT,"Update access control firmware and credential sync for Paxton Net2 Plus Access Control Panel installed at Access Control Room - HCM-19. Assigned owner: Security Officer. Include functional checks, log review, and required remedial actions if deviations are found.",2025-06-07,2.0,457,150.0,2025-05-10 08:37:00,2025-05-25 16:37:00,true,Security Maintenance,Access Control Room - HCM-19,Security Operations,Security Officer,,Access-Control-Panel-HCM-19,Ha Tran,2025-05-25 16:37:00,false,Maintenance completed successfully. Performance is stable after service.,,2025-05-10 08:37:00
Inspect NVR recording capacity and camera retention - NVR-HCM-19,IN_PROGRESS,LOW,"Inspect nvr recording capacity and camera retention for Hikvision DS-9632NI-M8 Network Video Recorder installed at Video Surveillance Room - HCM-19. Assigned owner: Security Officer. Include functional checks, log review, and required remedial actions if deviations are found.",2025-10-07,8.0,458,700.0,2025-05-19 14:23:00,2025-05-20 17:23:00,false,Security Maintenance,Video Surveillance Room - HCM-19,Security Operations,Security Officer,,NVR-HCM-19,,,false,,,2025-05-19 14:23:00
Perform UPS battery health check and load test - UPS-HCM-19,OPEN,MEDIUM,"Perform ups battery health check and load test for APC Smart-UPS SRT 3000VA installed at UPS Room - HCM-19. Assigned owner: Electrician. Include functional checks, log review, and required remedial actions if deviations are found.",2025-08-31,1.0,459,100.0,2025-05-29 16:12:00,2025-05-30 20:12:00,false,Power Maintenance,UPS Room - HCM-19,Facilities,Electrician,,UPS-HCM-19,,,false,,,2025-05-29 16:12:00
Test ATS failover sequence - ATS-Panel-HCM-19,IN_PROGRESS,LOW,"Test ats failover sequence for Schneider EasyPact Automatic Transfer Switch installed at Electrical Room - HCM-19. Assigned owner: Electrician. Include functional checks, log review, and required remedial actions if deviations are found.",2026-01-16,4.0,460,450.0,2025-09-13 10:46:00,2025-09-14 15:46:00,false,Power Maintenance,Electrical Room - HCM-19,Facilities,Electrician,,ATS-Panel-HCM-19,,,false,,,2025-09-13 10:46:00
Replace filters and inspect cooling performance - CRAC-Unit-HCM-19,DONE,LOW,"Replace filters and inspect cooling performance for Vertiv Liebert PDX Precision Cooling Unit installed at HVAC Plant - HCM-19. Assigned owner: HVAC Technician. Include functional checks, log review, and required remedial actions if deviations are found.",2025-11-16,4.0,461,500.0,2025-11-06 16:44:00,2025-11-16 16:44:00,false,Preventive Maintenance,HVAC Plant - HCM-19,Facilities,HVAC Technician,,CRAC-Unit-HCM-19,Giang Vu,2025-11-16 16:44:00,false,Work order closed after verification by the site operations team.,,2025-11-06 16:44:00
Monthly backup generator test run - Generator-HCM-19,OPEN,HIGH,"Monthly backup generator test run for Cummins C275D5 Backup Generator installed at Generator Yard - HCM-19. Assigned owner: Electrician. Include functional checks, log review, and required remedial actions if deviations are found.",2026-03-22,1.0,462,137.5,2026-03-01 02:29:00,2026-03-02 09:29:00,false,Power Maintenance,Generator Yard - HCM-19,Facilities,Electrician,,Generator-HCM-19,,,false,,HaNoi Cooling Services,2026-03-01 02:29:00
Clean and validate visitor kiosk peripherals - Visitor-Kiosk-HCM-19,DONE,MEDIUM,"Clean and validate visitor kiosk peripherals for ZKTeco SpeedFace-V5L Visitor Kiosk installed at Reception - HCM-19. Assigned owner: Security Officer. Include functional checks, log review, and required remedial actions if deviations are found.",2025-02-18,4.0,463,600.0,2025-02-13 20:48:00,2025-02-18 20:48:00,false,Preventive Maintenance,Reception - HCM-19,Security Operations,Security Officer,,Visitor-Kiosk-HCM-19,Tuan Hoang,2025-02-18 20:48:00,false,Inspection completed and no critical issues were found.,,2025-02-13 20:48:00
Clean camera lens and verify image quality - Loading-Bay-Camera-HCM-19,OPEN,HIGH,"Clean camera lens and verify image quality for Hikvision DS-2CD2686G2 Bullet Camera installed at Loading Bay - HCM-19. Assigned owner: Security Officer. Include functional checks, log review, and required remedial actions if deviations are found.",2025-12-14,4.0,464,650.0,2025-09-04 03:37:00,2025-09-05 12:37:00,true,Security Maintenance,Loading Bay - HCM-19,Security Operations,Security Officer,,Loading-Bay-Camera-HCM-19,,,false,,,2025-09-04 03:37:00
Inspect backhaul alignment and RSSI stability - Microwave-Radio-HCM-19,OPEN,HIGH,"Inspect backhaul alignment and rssi stability for Ceragon IP-20C Microwave Radio installed at Roof - HCM-19. Assigned owner: Field Technician. Include functional checks, log review, and required remedial actions if deviations are found.",2025-06-22,8.0,465,600.0,2025-04-25 21:51:00,2025-04-27 07:51:00,true,Network Maintenance,Roof - HCM-19,Cellular Maintenance,Field Technician,,Microwave-Radio-HCM-19,,,false,,,2025-04-25 21:51:00
Inspect and clean fiber terminations - Fiber-Patch-Panel-HCM-19,IN_PROGRESS,MEDIUM,"Inspect and clean fiber terminations for Corning EDGE Fiber Patch Panel installed at IDF Room 1 - HCM-19. Assigned owner: Cabling Technician. Include functional checks, log review, and required remedial actions if deviations are found.",2025-12-27,4.0,466,350.0,2025-08-31 00:31:00,2025-09-01 11:31:00,false,Preventive Maintenance,IDF Room 1 - HCM-19,Infrastructure,Cabling Technician,,Fiber-Patch-Panel-HCM-19,,,false,,,2025-08-31 00:31:00
Verify edge switch firmware and uplink stability - Edge-Switch-HCM-19,IN_PROGRESS,HIGH,"Verify edge switch firmware and uplink stability for Cisco Catalyst 9300 Edge Switch installed at IDF Room 2 - HCM-19. Assigned owner: Network Engineer. Include functional checks, log review, and required remedial actions if deviations are found.",2025-07-27,2.0,467,200.0,2025-04-01 15:16:00,2025-04-03 03:16:00,true,Network Maintenance,IDF Room 2 - HCM-19,Network Operations,Network Engineer,,Edge-Switch-HCM-19,,,false,,,2025-04-01 15:16:00
Optimize antenna alignment and sector KPIs - 5G-Antenna-HCM-19,DONE,MEDIUM,"Optimize antenna alignment and sector kpis for Ericsson AIR 6488 Massive MIMO Antenna installed at Telecom Mast - HCM-19. Assigned owner: Field Technician. Include functional checks, log review, and required remedial actions if deviations are found.",2025-10-30,3.0,468,337.5,2025-10-19 05:44:00,2025-10-26 08:44:00,false,Cellular Maintenance,Telecom Mast - HCM-19,Cellular Maintenance,Field Technician,,5G-Antenna-HCM-19,Duc Nguyen,2025-10-26 08:44:00,false,Sector alignment improved signal quality and throughput remained stable after tuning.,,2025-10-19 05:44:00
Review baseband alarms and software health - Baseband-Unit-HCM-19,IN_PROGRESS,URGENT,"Review baseband alarms and software health for Nokia AirScale Baseband Unit installed at Base Station - HCM-19. Assigned owner: Field Technician. Include functional checks, log review, and required remedial actions if deviations are found.",2025-10-15,3.0,469,375.0,2025-08-06 00:15:00,2025-08-07 14:15:00,false,Cellular Maintenance,Base Station - HCM-19,Cellular Maintenance,Field Technician,,Baseband-Unit-HCM-19,,,false,,,2025-08-06 00:15:00
Inspect RRU connectors and weather sealing - Radio-Unit-HCM-19,DONE,MEDIUM,"Inspect rru connectors and weather sealing for Ericsson Radio 4422 Remote Radio Unit installed at Antenna Array - HCM-19. Assigned owner: Field Technician. Include functional checks, log review, and required remedial actions if deviations are found.",2025-11-07,8.0,470,1100.0,2025-10-10 18:14:00,2025-10-16 19:14:00,false,Cellular Maintenance,Antenna Array - HCM-19,Cellular Maintenance,Field Technician,,Radio-Unit-HCM-19,Hieu Do,2025-10-16 19:14:00,false,Corrective action implemented and follow-up checks were satisfactory.,,2025-10-10 18:14:00
Validate gateway sensor polling and packet delivery - Sensor-Gateway-HCM-19,DONE,MEDIUM,"Validate gateway sensor polling and packet delivery for Advantech WISE-6610 IoT Gateway installed at Storage Room - HCM-19. Assigned owner: Facilities Supervisor. Include functional checks, log review, and required remedial actions if deviations are found.",2025-12-12,4.0,471,600.0,2025-12-04 07:36:00,2025-12-12 07:36:00,false,Preventive Maintenance,Storage Room - HCM-19,Facilities,Facilities Supervisor,,Sensor-Gateway-HCM-19,Uyen Pham,2025-12-12 07:36:00,false,Corrective action implemented and follow-up checks were satisfactory.,,2025-12-04 07:36:00
Tune wireless controller profiles and client balancing - WiFi-Controller-HCM-19,ON_HOLD,MEDIUM,"Tune wireless controller profiles and client balancing for Cisco Catalyst 9800-L Wireless Controller installed at Office Floor 1 - HCM-19. Assigned owner: Network Engineer. Include functional checks, log review, and required remedial actions if deviations are found.",2025-09-23,1.0,472,162.5,2025-06-14 00:08:00,2025-06-15 17:08:00,false,Network Maintenance,Office Floor 1 - HCM-19,Network Operations,Network Engineer,,WiFi-Controller-HCM-19,,,false,,,2025-06-14 00:08:00
Validate AP channel plan and client coverage - Access-Point-HCM-19,IN_PROGRESS,MEDIUM,"Validate ap channel plan and client coverage for Aruba AP-515 Wireless Access Point installed at Office Floor 2 - HCM-19. Assigned owner: Network Engineer. Include functional checks, log review, and required remedial actions if deviations are found.",2026-01-18,1.0,473,75.0,2025-09-09 04:59:00,2025-09-10 22:59:00,false,Network Maintenance,Office Floor 2 - HCM-19,Network Operations,Network Engineer,,Access-Point-HCM-19,,,false,,,2025-09-09 04:59:00
Review GPU thermals and update AI server firmware - AI-Analytics-Server-HCM-19,IN_PROGRESS,MEDIUM,"Review gpu thermals and update ai server firmware for NVIDIA DGX A100 AI Analytics Server installed at Lab A - HCM-19. Assigned owner: AI Specialist. Include functional checks, log review, and required remedial actions if deviations are found.",2025-07-25,2.0,474,175.0,2025-05-04 15:19:00,2025-05-06 10:19:00,false,Server Maintenance,Lab A - HCM-19,AI Operations,AI Specialist,,AI-Analytics-Server-HCM-19,,,false,,,2025-05-04 15:19:00
Verify monitoring appliance calibration and alerting - Monitoring-Appliance-HCM-19,DONE,MEDIUM,"Verify monitoring appliance calibration and alerting for Fluke OptiView XG Network Monitoring Appliance installed at Workshop - HCM-19. Assigned owner: Network Engineer. Include functional checks, log review, and required remedial actions if deviations are found.",2025-02-12,6.0,475,600.0,2025-01-18 05:26:00,2025-01-31 13:26:00,false,Calibration,Workshop - HCM-19,Network Operations,Network Engineer,,Monitoring-Appliance-HCM-19,Nam Le,2025-01-31 13:26:00,false,Maintenance completed successfully. Performance is stable after service.,,2025-01-18 05:26:00
Calibrate monitoring thresholds - Monitoring-System-HCM-20,DONE,MEDIUM,"Calibrate monitoring thresholds for SolarWinds Hybrid Cloud Observability Appliance installed at Infrastructure Site - HCM-20. Assigned owner: Network Engineer. Include functional checks, log review, and required remedial actions if deviations are found.",2025-12-04,3.0,476,337.5,2025-11-08 22:02:00,2025-11-26 00:02:00,false,Calibration,Infrastructure Site - HCM-20,Network Operations,Network Engineer,,Monitoring-System-HCM-20,Anh Hoang,2025-11-26 00:02:00,false,Work order closed after verification by the site operations team.,,2025-11-08 22:02:00
Quarterly preventive maintenance on core router - Core-Router-HCM-20,ON_HOLD,HIGH,"Quarterly preventive maintenance on core router for Cisco ASR 9904 Core Router installed at Network Operations Center (NOC) - HCM-20. Assigned owner: Network Engineer. Include functional checks, log review, and required remedial actions if deviations are found.",2025-03-06,2.0,477,250.0,2025-01-23 12:18:00,2025-01-25 10:18:00,false,Network Maintenance,Network Operations Center (NOC) - HCM-20,Network Operations,Network Engineer,,Core-Router-HCM-20,,,false,,,2025-01-23 12:18:00
Review VMS storage health and recording retention - Security-VMS-Server-HCM-20,OPEN,MEDIUM,"Review vms storage health and recording retention for Milestone Husky IVO 350R Video Management Server installed at Security Operations Center (SOC) - HCM-20. Assigned owner: Security Officer. Include functional checks, log review, and required remedial actions if deviations are found.",2025-12-07,1.0,478,137.5,2025-09-27 03:49:00,2025-09-29 02:49:00,false,Security Maintenance,Security Operations Center (SOC) - HCM-20,Security Operations,Security Officer,,Security-VMS-Server-HCM-20,,,false,,,2025-09-27 03:49:00
Patch hypervisor host and validate cluster health - Virtualization-Host-HCM-20,IN_PROGRESS,MEDIUM,"Patch hypervisor host and validate cluster health for Dell PowerEdge R750 Virtualization Host installed at Server Room A - HCM-20. Assigned owner: System Administrator. Include functional checks, log review, and required remedial actions if deviations are found.",2025-08-18,2.0,479,300.0,2025-05-24 17:04:00,2025-05-26 17:04:00,false,Server Maintenance,Server Room A - HCM-20,Server Operations,System Administrator,,Virtualization-Host-HCM-20,,,false,,,2025-05-24 17:04:00
Inspect storage array alerts and firmware status - Storage-Array-HCM-20,IN_PROGRESS,MEDIUM,"Inspect storage array alerts and firmware status for NetApp AFF A250 Storage Array installed at Server Room B - HCM-20. Assigned owner: Storage Administrator. Include functional checks, log review, and required remedial actions if deviations are found.",2025-05-21,8.0,480,1300.0,2025-01-05 04:10:00,2025-01-07 05:10:00,false,Server Maintenance,Server Room B - HCM-20,Server Operations,Storage Administrator,,Storage-Array-HCM-20,,,false,,,2025-01-05 04:10:00
Validate switch port configuration and error counters - Access-Switch-HCM-20,DONE,HIGH,"Validate switch port configuration and error counters for Juniper EX4300 Access Switch installed at Network Closet - HCM-20. Assigned owner: Network Engineer. Include functional checks, log review, and required remedial actions if deviations are found.",2025-11-03,2.0,481,150.0,2025-10-20 14:35:00,2025-10-25 21:35:00,true,Network Maintenance,Network Closet - HCM-20,Network Operations,Network Engineer,,Access-Switch-HCM-20,Quoc Pham,2025-10-25 21:35:00,false,Maintenance completed successfully. Performance is stable after service.,,2025-10-20 14:35:00
Update access control firmware and credential sync - Access-Control-Panel-HCM-20,IN_PROGRESS,MEDIUM,"Update access control firmware and credential sync for Paxton Net2 Plus Access Control Panel installed at Access Control Room - HCM-20. Assigned owner: Security Officer. Include functional checks, log review, and required remedial actions if deviations are found.",2026-02-27,1.0,482,87.5,2025-11-03 05:54:00,2025-11-05 08:54:00,false,Security Maintenance,Access Control Room - HCM-20,Security Operations,Security Officer,,Access-Control-Panel-HCM-20,,,false,,,2025-11-03 05:54:00
Inspect NVR recording capacity and camera retention - NVR-HCM-20,DONE,HIGH,"Inspect nvr recording capacity and camera retention for Hikvision DS-9632NI-M8 Network Video Recorder installed at Video Surveillance Room - HCM-20. Assigned owner: Security Officer. Include functional checks, log review, and required remedial actions if deviations are found.",2026-02-16,2.0,483,200.0,2026-01-25 19:48:00,2026-02-10 23:48:00,true,Security Maintenance,Video Surveillance Room - HCM-20,Security Operations,Security Officer,,NVR-HCM-20,Tuan Hoang,2026-02-10 23:48:00,false,Task completed successfully. Asset is operating within expected thresholds.,,2026-01-25 19:48:00
Perform UPS battery health check and load test - UPS-HCM-20,IN_PROGRESS,MEDIUM,"Perform ups battery health check and load test for APC Smart-UPS SRT 3000VA installed at UPS Room - HCM-20. Assigned owner: Electrician. Include functional checks, log review, and required remedial actions if deviations are found.",2025-09-12,6.0,484,675.0,2025-05-21 01:07:00,2025-05-23 06:07:00,false,Power Maintenance,UPS Room - HCM-20,Facilities,Electrician,,UPS-HCM-20,,,false,,,2025-05-21 01:07:00
Test ATS failover sequence - ATS-Panel-HCM-20,OPEN,MEDIUM,"Test ats failover sequence for Schneider EasyPact Automatic Transfer Switch installed at Electrical Room - HCM-20. Assigned owner: Electrician. Include functional checks, log review, and required remedial actions if deviations are found.",2025-09-25,8.0,485,1000.0,2025-05-08 08:39:00,2025-05-10 14:39:00,false,Power Maintenance,Electrical Room - HCM-20,Facilities,Electrician,,ATS-Panel-HCM-20,,,false,,SaiGon MEP Solutions,2025-05-08 08:39:00
Replace filters and inspect cooling performance - CRAC-Unit-HCM-20,IN_PROGRESS,MEDIUM,"Replace filters and inspect cooling performance for Vertiv Liebert PDX Precision Cooling Unit installed at HVAC Plant - HCM-20. Assigned owner: HVAC Technician. Include functional checks, log review, and required remedial actions if deviations are found.",2025-08-06,8.0,486,1100.0,2025-04-11 07:52:00,2025-04-13 14:52:00,false,Preventive Maintenance,HVAC Plant - HCM-20,Facilities,HVAC Technician,,CRAC-Unit-HCM-20,,,false,,,2025-04-11 07:52:00
Monthly backup generator test run - Generator-HCM-20,OPEN,HIGH,"Monthly backup generator test run for Cummins C275D5 Backup Generator installed at Generator Yard - HCM-20. Assigned owner: Electrician. Include functional checks, log review, and required remedial actions if deviations are found.",2025-10-19,8.0,487,1200.0,2025-07-21 05:34:00,2025-07-23 13:34:00,true,Power Maintenance,Generator Yard - HCM-20,Facilities,Electrician,,Generator-HCM-20,,,false,,,2025-07-21 05:34:00
Clean and validate visitor kiosk peripherals - Visitor-Kiosk-HCM-20,IN_PROGRESS,MEDIUM,"Clean and validate visitor kiosk peripherals for ZKTeco SpeedFace-V5L Visitor Kiosk installed at Reception - HCM-20. Assigned owner: Security Officer. Include functional checks, log review, and required remedial actions if deviations are found.",2026-01-01,2.0,488,325.0,2025-11-26 17:08:00,2025-11-29 02:08:00,false,Preventive Maintenance,Reception - HCM-20,Security Operations,Security Officer,,Visitor-Kiosk-HCM-20,,,false,,,2025-11-26 17:08:00
Clean camera lens and verify image quality - Loading-Bay-Camera-HCM-20,DONE,MEDIUM,"Clean camera lens and verify image quality for Hikvision DS-2CD2686G2 Bullet Camera installed at Loading Bay - HCM-20. Assigned owner: Security Officer. Include functional checks, log review, and required remedial actions if deviations are found.",2025-06-18,8.0,489,600.0,2025-06-03 19:46:00,2025-06-05 21:46:00,false,Security Maintenance,Loading Bay - HCM-20,Security Operations,Security Officer,,Loading-Bay-Camera-HCM-20,Vy Do,2025-06-05 21:46:00,false,Work order closed after verification by the site operations team.,Metro Cabling Partners,2025-06-03 19:46:00
Inspect backhaul alignment and RSSI stability - Microwave-Radio-HCM-20,DONE,MEDIUM,"Inspect backhaul alignment and rssi stability for Ceragon IP-20C Microwave Radio installed at Roof - HCM-20. Assigned owner: Field Technician. Include functional checks, log review, and required remedial actions if deviations are found.",2025-08-04,1.0,490,87.5,2025-07-16 07:42:00,2025-07-25 10:42:00,false,Network Maintenance,Roof - HCM-20,Cellular Maintenance,Field Technician,,Microwave-Radio-HCM-20,Son Pham,2025-07-25 10:42:00,true,Work order closed after verification by the site operations team.,,2025-07-16 07:42:00
Inspect and clean fiber terminations - Fiber-Patch-Panel-HCM-20,OPEN,MEDIUM,"Inspect and clean fiber terminations for Corning EDGE Fiber Patch Panel installed at IDF Room 1 - HCM-20. Assigned owner: Cabling Technician. Include functional checks, log review, and required remedial actions if deviations are found.",2025-05-15,3.0,491,300.0,2025-03-29 01:55:00,2025-03-31 13:55:00,false,Preventive Maintenance,IDF Room 1 - HCM-20,Infrastructure,Cabling Technician,,Fiber-Patch-Panel-HCM-20,,,false,,,2025-03-29 01:55:00
Verify edge switch firmware and uplink stability - Edge-Switch-HCM-20,IN_PROGRESS,MEDIUM,"Verify edge switch firmware and uplink stability for Cisco Catalyst 9300 Edge Switch installed at IDF Room 2 - HCM-20. Assigned owner: Network Engineer. Include functional checks, log review, and required remedial actions if deviations are found.",2026-02-12,8.0,492,900.0,2026-01-19 14:34:00,2026-01-22 03:34:00,false,Network Maintenance,IDF Room 2 - HCM-20,Network Operations,Network Engineer,,Edge-Switch-HCM-20,,,false,,,2026-01-19 14:34:00
Optimize antenna alignment and sector KPIs - 5G-Antenna-HCM-20,OPEN,MEDIUM,"Optimize antenna alignment and sector kpis for Ericsson AIR 6488 Massive MIMO Antenna installed at Telecom Mast - HCM-20. Assigned owner: Field Technician. Include functional checks, log review, and required remedial actions if deviations are found.",2026-02-24,4.0,493,500.0,2026-02-11 23:50:00,2026-02-14 13:50:00,false,Cellular Maintenance,Telecom Mast - HCM-20,Cellular Maintenance,Field Technician,,5G-Antenna-HCM-20,,,false,,,2026-02-11 23:50:00
Review baseband alarms and software health - Baseband-Unit-HCM-20,DONE,MEDIUM,"Review baseband alarms and software health for Nokia AirScale Baseband Unit installed at Base Station - HCM-20. Assigned owner: Field Technician. Include functional checks, log review, and required remedial actions if deviations are found.",2025-04-01,2.0,494,275.0,2025-03-20 21:03:00,2025-03-31 04:03:00,false,Cellular Maintenance,Base Station - HCM-20,Cellular Maintenance,Field Technician,,Baseband-Unit-HCM-20,Duc Nguyen,2025-03-31 04:03:00,true,Inspection completed and no critical issues were found.,,2025-03-20 21:03:00
Inspect RRU connectors and weather sealing - Radio-Unit-HCM-20,DONE,URGENT,"Inspect rru connectors and weather sealing for Ericsson Radio 4422 Remote Radio Unit installed at Antenna Array - HCM-20. Assigned owner: Field Technician. Include functional checks, log review, and required remedial actions if deviations are found.",2025-12-14,4.0,495,600.0,2025-12-03 23:49:00,2025-12-14 23:49:00,false,Cellular Maintenance,Antenna Array - HCM-20,Cellular Maintenance,Field Technician,,Radio-Unit-HCM-20,Son Pham,2025-12-14 23:49:00,false,Task completed successfully. Asset is operating within expected thresholds.,,2025-12-03 23:49:00
Validate gateway sensor polling and packet delivery - Sensor-Gateway-HCM-20,DONE,MEDIUM,"Validate gateway sensor polling and packet delivery for Advantech WISE-6610 IoT Gateway installed at Storage Room - HCM-20. Assigned owner: Facilities Supervisor. Include functional checks, log review, and required remedial actions if deviations are found.",2025-12-16,2.0,496,325.0,2025-12-06 17:15:00,2025-12-16 17:15:00,false,Preventive Maintenance,Storage Room - HCM-20,Facilities,Facilities Supervisor,,Sensor-Gateway-HCM-20,Uyen Pham,2025-12-16 17:15:00,false,Corrective action implemented and follow-up checks were satisfactory.,,2025-12-06 17:15:00
Tune wireless controller profiles and client balancing - WiFi-Controller-HCM-20,OPEN,MEDIUM,"Tune wireless controller profiles and client balancing for Cisco Catalyst 9800-L Wireless Controller installed at Office Floor 1 - HCM-20. Assigned owner: Network Engineer. Include functional checks, log review, and required remedial actions if deviations are found.",2025-03-15,6.0,497,450.0,2025-01-05 06:09:00,2025-01-08 00:09:00,false,Network Maintenance,Office Floor 1 - HCM-20,Network Operations,Network Engineer,,WiFi-Controller-HCM-20,,,false,,,2025-01-05 06:09:00
Validate AP channel plan and client coverage - Access-Point-HCM-20,IN_PROGRESS,LOW,"Validate ap channel plan and client coverage for Aruba AP-515 Wireless Access Point installed at Office Floor 2 - HCM-20. Assigned owner: Network Engineer. Include functional checks, log review, and required remedial actions if deviations are found.",2025-10-22,4.0,498,350.0,2025-09-05 10:55:00,2025-09-08 05:55:00,false,Network Maintenance,Office Floor 2 - HCM-20,Network Operations,Network Engineer,,Access-Point-HCM-20,,,false,,,2025-09-05 10:55:00
Review GPU thermals and update AI server firmware - AI-Analytics-Server-HCM-20,ON_HOLD,MEDIUM,"Review gpu thermals and update ai server firmware for NVIDIA DGX A100 AI Analytics Server installed at Lab A - HCM-20. Assigned owner: AI Specialist. Include functional checks, log review, and required remedial actions if deviations are found.",2026-01-13,8.0,499,800.0,2025-11-24 03:37:00,2025-11-26 23:37:00,false,Server Maintenance,Lab A - HCM-20,AI Operations,AI Specialist,,AI-Analytics-Server-HCM-20,,,false,,,2025-11-24 03:37:00
Verify monitoring appliance calibration and alerting - Monitoring-Appliance-HCM-20,DONE,MEDIUM,"Verify monitoring appliance calibration and alerting for Fluke OptiView XG Network Monitoring Appliance installed at Workshop - HCM-20. Assigned owner: Network Engineer. Include functional checks, log review, and required remedial actions if deviations are found.",2025-05-18,3.0,500,337.5,2025-04-29 05:21:00,2025-05-05 12:21:00,false,Calibration,Workshop - HCM-20,Network Operations,Network Engineer,,Monitoring-Appliance-HCM-20,Nam Le,2025-05-05 12:21:00,true,Task completed successfully. Asset is operating within expected thresholds.,,2025-04-29 05:21:00
Calibrate monitoring thresholds - Monitoring-System-DN-21,IN_PROGRESS,MEDIUM,"Calibrate monitoring thresholds for SolarWinds Hybrid Cloud Observability Appliance installed at Infrastructure Site - DN-21. Assigned owner: Network Engineer. Include functional checks, log review, and required remedial actions if deviations are found.",2026-02-08,3.0,501,375.0,2026-01-14 05:44:00,2026-01-17 03:44:00,false,Calibration,Infrastructure Site - DN-21,Network Operations,Network Engineer,,Monitoring-System-DN-21,,,false,,,2026-01-14 05:44:00
Quarterly preventive maintenance on core router - Core-Router-DN-21,OPEN,HIGH,"Quarterly preventive maintenance on core router for Cisco ASR 9904 Core Router installed at Network Operations Center (NOC) - DN-21. Assigned owner: Network Engineer. Include functional checks, log review, and required remedial actions if deviations are found.",2026-01-08,2.0,502,275.0,2025-12-18 00:33:00,2025-12-20 23:33:00,true,Network Maintenance,Network Operations Center (NOC) - DN-21,Network Operations,Network Engineer,,Core-Router-DN-21,,,false,,,2025-12-18 00:33:00
Review VMS storage health and recording retention - Security-VMS-Server-DN-21,ON_HOLD,HIGH,"Review vms storage health and recording retention for Milestone Husky IVO 350R Video Management Server installed at Security Operations Center (SOC) - DN-21. Assigned owner: Security Officer. Include functional checks, log review, and required remedial actions if deviations are found.",2025-10-14,6.0,503,900.0,2025-08-09 20:02:00,2025-08-12 20:02:00,false,Security Maintenance,Security Operations Center (SOC) - DN-21,Security Operations,Security Officer,,Security-VMS-Server-DN-21,,,false,,,2025-08-09 20:02:00
Patch hypervisor host and validate cluster health - Virtualization-Host-DN-21,ON_HOLD,MEDIUM,"Patch hypervisor host and validate cluster health for Dell PowerEdge R750 Virtualization Host installed at Server Room A - DN-21. Assigned owner: System Administrator. Include functional checks, log review, and required remedial actions if deviations are found.",2026-04-02,6.0,504,975.0,2026-03-20 15:27:00,2026-03-23 16:27:00,false,Server Maintenance,Server Room A - DN-21,Server Operations,System Administrator,,Virtualization-Host-DN-21,,,false,,,2026-03-20 15:27:00
Inspect storage array alerts and firmware status - Storage-Array-DN-21,DONE,MEDIUM,"Inspect storage array alerts and firmware status for NetApp AFF A250 Storage Array installed at Server Room B - DN-21. Assigned owner: Storage Administrator. Include functional checks, log review, and required remedial actions if deviations are found.",2025-10-28,4.0,505,300.0,2025-10-10 10:04:00,2025-10-28 10:04:00,false,Server Maintenance,Server Room B - DN-21,Server Operations,Storage Administrator,,Storage-Array-DN-21,Trang Pham,2025-10-28 10:04:00,false,Work order closed after verification by the site operations team.,,2025-10-10 10:04:00
Validate switch port configuration and error counters - Access-Switch-DN-21,ON_HOLD,HIGH,"Validate switch port configuration and error counters for Juniper EX4300 Access Switch installed at Network Closet - DN-21. Assigned owner: Network Engineer. Include functional checks, log review, and required remedial actions if deviations are found.",2025-12-01,2.0,506,175.0,2025-08-11 16:42:00,2025-08-11 19:42:00,true,Network Maintenance,Network Closet - DN-21,Network Operations,Network Engineer,,Access-Switch-DN-21,,,false,,,2025-08-11 16:42:00
Update access control firmware and credential sync - Access-Control-Panel-DN-21,DONE,MEDIUM,"Update access control firmware and credential sync for Paxton Net2 Plus Access Control Panel installed at Access Control Room - DN-21. Assigned owner: Security Officer. Include functional checks, log review, and required remedial actions if deviations are found.",2025-04-02,6.0,507,600.0,2025-03-18 16:52:00,2025-03-25 17:52:00,false,Security Maintenance,Access Control Room - DN-21,Security Operations,Security Officer,,Access-Control-Panel-DN-21,Vy Do,2025-03-25 17:52:00,false,Inspection completed and no critical issues were found.,,2025-03-18 16:52:00
Inspect NVR recording capacity and camera retention - NVR-DN-21,DONE,HIGH,"Inspect nvr recording capacity and camera retention for Hikvision DS-9632NI-M8 Network Video Recorder installed at Video Surveillance Room - DN-21. Assigned owner: Security Officer. Include functional checks, log review, and required remedial actions if deviations are found.",2026-04-10,4.0,508,450.0,2026-03-20 12:28:00,2026-04-08 20:28:00,true,Security Maintenance,Video Surveillance Room - DN-21,Security Operations,Security Officer,,NVR-DN-21,Ha Tran,2026-04-08 20:28:00,false,Task completed successfully. Asset is operating within expected thresholds.,,2026-03-20 12:28:00
Perform UPS battery health check and load test - UPS-DN-21,DONE,MEDIUM,"Perform ups battery health check and load test for APC Smart-UPS SRT 3000VA installed at UPS Room - DN-21. Assigned owner: Electrician. Include functional checks, log review, and required remedial actions if deviations are found.",2025-11-15,2.0,509,250.0,2025-10-30 17:48:00,2025-11-11 21:48:00,false,Power Maintenance,UPS Room - DN-21,Facilities,Electrician,,UPS-DN-21,Dat Le,2025-11-11 21:48:00,false,UPS battery strings passed the load test and runtime remained within target.,,2025-10-30 17:48:00
Test ATS failover sequence - ATS-Panel-DN-21,OPEN,LOW,"Test ats failover sequence for Schneider EasyPact Automatic Transfer Switch installed at Electrical Room - DN-21. Assigned owner: Electrician. Include functional checks, log review, and required remedial actions if deviations are found.",2025-12-14,1.0,510,137.5,2025-09-09 00:00:00,2025-09-09 07:00:00,false,Power Maintenance,Electrical Room - DN-21,Facilities,Electrician,,ATS-Panel-DN-21,,,false,,,2025-09-09 00:00:00
Replace filters and inspect cooling performance - CRAC-Unit-DN-21,DONE,URGENT,"Replace filters and inspect cooling performance for Vertiv Liebert PDX Precision Cooling Unit installed at HVAC Plant - DN-21. Assigned owner: HVAC Technician. Include functional checks, log review, and required remedial actions if deviations are found.",2025-06-14,2.0,511,300.0,2025-05-18 17:14:00,2025-05-27 01:14:00,false,Preventive Maintenance,HVAC Plant - DN-21,Facilities,HVAC Technician,,CRAC-Unit-DN-21,Lam Ho,2025-05-27 01:14:00,false,Task completed successfully. Asset is operating within expected thresholds.,HaNoi Cooling Services,2025-05-18 17:14:00
Monthly backup generator test run - Generator-DN-21,DONE,URGENT,"Monthly backup generator test run for Cummins C275D5 Backup Generator installed at Generator Yard - DN-21. Assigned owner: Electrician. Include functional checks, log review, and required remedial actions if deviations are found.",2026-03-08,2.0,512,325.0,2026-02-09 01:10:00,2026-03-01 10:10:00,true,Power Maintenance,Generator Yard - DN-21,Facilities,Electrician,,Generator-DN-21,Khanh Truong,2026-03-01 10:10:00,false,Task completed successfully. Asset is operating within expected thresholds.,SaiGon MEP Solutions,2026-02-09 01:10:00
Clean and validate visitor kiosk peripherals - Visitor-Kiosk-DN-21,OPEN,HIGH,"Clean and validate visitor kiosk peripherals for ZKTeco SpeedFace-V5L Visitor Kiosk installed at Reception - DN-21. Assigned owner: Security Officer. Include functional checks, log review, and required remedial actions if deviations are found.",2026-02-23,4.0,513,300.0,2025-11-06 18:39:00,2025-11-07 04:39:00,false,Preventive Maintenance,Reception - DN-21,Security Operations,Security Officer,,Visitor-Kiosk-DN-21,,,false,,,2025-11-06 18:39:00
Clean camera lens and verify image quality - Loading-Bay-Camera-DN-21,OPEN,HIGH,"Clean camera lens and verify image quality for Hikvision DS-2CD2686G2 Bullet Camera installed at Loading Bay - DN-21. Assigned owner: Security Officer. Include functional checks, log review, and required remedial actions if deviations are found.",2025-11-05,2.0,514,175.0,2025-07-24 05:20:00,2025-07-24 16:20:00,true,Security Maintenance,Loading Bay - DN-21,Security Operations,Security Officer,,Loading-Bay-Camera-DN-21,,,false,,Alpha Secure Systems,2025-07-24 05:20:00
Inspect backhaul alignment and RSSI stability - Microwave-Radio-DN-21,DONE,MEDIUM,"Inspect backhaul alignment and rssi stability for Ceragon IP-20C Microwave Radio installed at Roof - DN-21. Assigned owner: Field Technician. Include functional checks, log review, and required remedial actions if deviations are found.",2025-03-25,3.0,515,300.0,2025-02-27 20:45:00,2025-03-09 02:45:00,false,Network Maintenance,Roof - DN-21,Cellular Maintenance,Field Technician,,Microwave-Radio-DN-21,Khoa Le,2025-03-09 02:45:00,true,Work order closed after verification by the site operations team.,,2025-02-27 20:45:00
Inspect and clean fiber terminations - Fiber-Patch-Panel-DN-21,DONE,MEDIUM,"Inspect and clean fiber terminations for Corning EDGE Fiber Patch Panel installed at IDF Room 1 - DN-21. Assigned owner: Cabling Technician. Include functional checks, log review, and required remedial actions if deviations are found.",2025-08-21,2.0,516,225.0,2025-08-03 03:56:00,2025-08-13 04:56:00,false,Preventive Maintenance,IDF Room 1 - DN-21,Infrastructure,Cabling Technician,,Fiber-Patch-Panel-DN-21,Loc Nguyen,2025-08-13 04:56:00,true,Maintenance completed successfully. Performance is stable after service.,,2025-08-03 03:56:00
Verify edge switch firmware and uplink stability - Edge-Switch-DN-21,IN_PROGRESS,MEDIUM,"Verify edge switch firmware and uplink stability for Cisco Catalyst 9300 Edge Switch installed at IDF Room 2 - DN-21. Assigned owner: Network Engineer. Include functional checks, log review, and required remedial actions if deviations are found.",2025-08-02,8.0,517,1000.0,2025-05-04 06:58:00,2025-05-04 20:58:00,false,Network Maintenance,IDF Room 2 - DN-21,Network Operations,Network Engineer,,Edge-Switch-DN-21,,,false,,,2025-05-04 06:58:00
Optimize antenna alignment and sector KPIs - 5G-Antenna-DN-21,IN_PROGRESS,HIGH,"Optimize antenna alignment and sector kpis for Ericsson AIR 6488 Massive MIMO Antenna installed at Telecom Mast - DN-21. Assigned owner: Field Technician. Include functional checks, log review, and required remedial actions if deviations are found.",2025-11-30,3.0,518,412.5,2025-08-16 09:28:00,2025-08-17 00:28:00,false,Cellular Maintenance,Telecom Mast - DN-21,Cellular Maintenance,Field Technician,,5G-Antenna-DN-21,,,false,,,2025-08-16 09:28:00
Review baseband alarms and software health - Baseband-Unit-DN-21,DONE,HIGH,"Review baseband alarms and software health for Nokia AirScale Baseband Unit installed at Base Station - DN-21. Assigned owner: Field Technician. Include functional checks, log review, and required remedial actions if deviations are found.",2026-02-17,6.0,519,900.0,2026-01-31 08:50:00,2026-02-06 14:50:00,false,Cellular Maintenance,Base Station - DN-21,Cellular Maintenance,Field Technician,,Baseband-Unit-DN-21,Son Pham,2026-02-06 14:50:00,false,Inspection completed and no critical issues were found.,,2026-01-31 08:50:00
Inspect RRU connectors and weather sealing - Radio-Unit-DN-21,ON_HOLD,HIGH,"Inspect rru connectors and weather sealing for Ericsson Radio 4422 Remote Radio Unit installed at Antenna Array - DN-21. Assigned owner: Field Technician. Include functional checks, log review, and required remedial actions if deviations are found.",2026-02-07,2.0,520,325.0,2025-10-21 22:02:00,2025-10-22 15:02:00,true,Cellular Maintenance,Antenna Array - DN-21,Cellular Maintenance,Field Technician,,Radio-Unit-DN-21,,,false,,,2025-10-21 22:02:00
Validate gateway sensor polling and packet delivery - Sensor-Gateway-DN-21,IN_PROGRESS,MEDIUM,"Validate gateway sensor polling and packet delivery for Advantech WISE-6610 IoT Gateway installed at Storage Room - DN-21. Assigned owner: Facilities Supervisor. Include functional checks, log review, and required remedial actions if deviations are found.",2025-08-29,4.0,521,300.0,2025-06-24 23:02:00,2025-06-25 17:02:00,false,Preventive Maintenance,Storage Room - DN-21,Facilities,Facilities Supervisor,,Sensor-Gateway-DN-21,,,false,,,2025-06-24 23:02:00
Tune wireless controller profiles and client balancing - WiFi-Controller-DN-21,DONE,HIGH,"Tune wireless controller profiles and client balancing for Cisco Catalyst 9800-L Wireless Controller installed at Office Floor 1 - DN-21. Assigned owner: Network Engineer. Include functional checks, log review, and required remedial actions if deviations are found.",2025-02-04,3.0,522,262.5,2025-01-10 19:26:00,2025-01-13 02:26:00,true,Network Maintenance,Office Floor 1 - DN-21,Network Operations,Network Engineer,,WiFi-Controller-DN-21,Anh Hoang,2025-01-13 02:26:00,false,Maintenance completed successfully. Performance is stable after service.,,2025-01-10 19:26:00
Validate AP channel plan and client coverage - Access-Point-DN-21,DONE,HIGH,"Validate ap channel plan and client coverage for Aruba AP-515 Wireless Access Point installed at Office Floor 2 - DN-21. Assigned owner: Network Engineer. Include functional checks, log review, and required remedial actions if deviations are found.",2026-03-10,1.0,523,100.0,2026-02-22 23:59:00,2026-03-03 03:59:00,false,Network Maintenance,Office Floor 2 - DN-21,Network Operations,Network Engineer,,Access-Point-DN-21,Tuan Vo,2026-03-03 03:59:00,false,Maintenance completed successfully. Performance is stable after service.,,2026-02-22 23:59:00
Review GPU thermals and update AI server firmware - AI-Analytics-Server-DN-21,ON_HOLD,HIGH,"Review gpu thermals and update ai server firmware for NVIDIA DGX A100 AI Analytics Server installed at Lab A - DN-21. Assigned owner: AI Specialist. Include functional checks, log review, and required remedial actions if deviations are found.",2025-09-21,1.0,524,112.5,2025-06-27 16:33:00,2025-06-28 13:33:00,true,Server Maintenance,Lab A - DN-21,AI Operations,AI Specialist,,AI-Analytics-Server-DN-21,,,false,,,2025-06-27 16:33:00
Verify monitoring appliance calibration and alerting - Monitoring-Appliance-DN-21,OPEN,HIGH,"Verify monitoring appliance calibration and alerting for Fluke OptiView XG Network Monitoring Appliance installed at Workshop - DN-21. Assigned owner: Network Engineer. Include functional checks, log review, and required remedial actions if deviations are found.",2025-04-24,4.0,525,500.0,2025-02-19 18:52:00,2025-02-20 16:52:00,true,Calibration,Workshop - DN-21,Network Operations,Network Engineer,,Monitoring-Appliance-DN-21,,,false,,,2025-02-19 18:52:00
Calibrate monitoring thresholds - Monitoring-System-HP-22,OPEN,HIGH,"Calibrate monitoring thresholds for SolarWinds Hybrid Cloud Observability Appliance installed at Infrastructure Site - HP-22. Assigned owner: Network Engineer. Include functional checks, log review, and required remedial actions if deviations are found.",2026-03-02,2.0,526,275.0,2026-02-22 09:10:00,2026-02-23 08:10:00,true,Calibration,Infrastructure Site - HP-22,Network Operations,Network Engineer,,Monitoring-System-HP-22,,,false,,,2026-02-22 09:10:00
Quarterly preventive maintenance on core router - Core-Router-HP-22,IN_PROGRESS,MEDIUM,"Quarterly preventive maintenance on core router for Cisco ASR 9904 Core Router installed at Network Operations Center (NOC) - HP-22. Assigned owner: Network Engineer. Include functional checks, log review, and required remedial actions if deviations are found.",2025-09-30,1.0,527,150.0,2025-06-17 07:46:00,2025-06-18 07:46:00,false,Network Maintenance,Network Operations Center (NOC) - HP-22,Network Operations,Network Engineer,,Core-Router-HP-22,,,false,,,2025-06-17 07:46:00
Review VMS storage health and recording retention - Security-VMS-Server-HP-22,DONE,MEDIUM,"Review vms storage health and recording retention for Milestone Husky IVO 350R Video Management Server installed at Security Operations Center (SOC) - HP-22. Assigned owner: Security Officer. Include functional checks, log review, and required remedial actions if deviations are found.",2025-06-03,8.0,528,1300.0,2025-06-01 15:18:00,2025-06-03 15:18:00,false,Security Maintenance,Security Operations Center (SOC) - HP-22,Security Operations,Security Officer,,Security-VMS-Server-HP-22,Long Pham,2025-06-03 15:18:00,false,Work order closed after verification by the site operations team.,,2025-06-01 15:18:00
Patch hypervisor host and validate cluster health - Virtualization-Host-HP-22,IN_PROGRESS,URGENT,"Patch hypervisor host and validate cluster health for Dell PowerEdge R750 Virtualization Host installed at Server Room A - HP-22. Assigned owner: System Administrator. Include functional checks, log review, and required remedial actions if deviations are found.",2025-11-30,3.0,529,225.0,2025-08-09 17:35:00,2025-08-10 19:35:00,true,Server Maintenance,Server Room A - HP-22,Server Operations,System Administrator,,Virtualization-Host-HP-22,,,false,,,2025-08-09 17:35:00
Inspect storage array alerts and firmware status - Storage-Array-HP-22,DONE,LOW,"Inspect storage array alerts and firmware status for NetApp AFF A250 Storage Array installed at Server Room B - HP-22. Assigned owner: Storage Administrator. Include functional checks, log review, and required remedial actions if deviations are found.",2026-02-01,8.0,530,700.0,2026-01-15 01:09:00,2026-01-21 04:09:00,false,Server Maintenance,Server Room B - HP-22,Server Operations,Storage Administrator,,Storage-Array-HP-22,Nhat Le,2026-01-21 04:09:00,false,Task completed successfully. Asset is operating within expected thresholds.,,2026-01-15 01:09:00
Validate switch port configuration and error counters - Access-Switch-HP-22,DONE,MEDIUM,"Validate switch port configuration and error counters for Juniper EX4300 Access Switch installed at Network Closet - HP-22. Assigned owner: Network Engineer. Include functional checks, log review, and required remedial actions if deviations are found.",2025-12-19,2.0,531,200.0,2025-12-11 13:48:00,2025-12-15 17:48:00,false,Network Maintenance,Network Closet - HP-22,Network Operations,Network Engineer,,Access-Switch-HP-22,Quoc Pham,2025-12-15 17:48:00,false,Inspection completed and no critical issues were found.,,2025-12-11 13:48:00
Update access control firmware and credential sync - Access-Control-Panel-HP-22,IN_PROGRESS,LOW,"Update access control firmware and credential sync for Paxton Net2 Plus Access Control Panel installed at Access Control Room - HP-22. Assigned owner: Security Officer. Include functional checks, log review, and required remedial actions if deviations are found.",2026-01-22,3.0,532,337.5,2026-01-02 20:23:00,2026-01-04 01:23:00,false,Security Maintenance,Access Control Room - HP-22,Security Operations,Security Officer,,Access-Control-Panel-HP-22,,,false,,,2026-01-02 20:23:00
Inspect NVR recording capacity and camera retention - NVR-HP-22,DONE,HIGH,"Inspect nvr recording capacity and camera retention for Hikvision DS-9632NI-M8 Network Video Recorder installed at Video Surveillance Room - HP-22. Assigned owner: Security Officer. Include functional checks, log review, and required remedial actions if deviations are found.",2025-05-26,2.0,533,250.0,2025-05-14 18:09:00,2025-05-26 18:09:00,false,Security Maintenance,Video Surveillance Room - HP-22,Security Operations,Security Officer,,NVR-HP-22,Tuan Hoang,2025-05-26 18:09:00,false,Maintenance completed successfully. Performance is stable after service.,,2025-05-14 18:09:00
Perform UPS battery health check and load test - UPS-HP-22,IN_PROGRESS,MEDIUM,"Perform ups battery health check and load test for APC Smart-UPS SRT 3000VA installed at UPS Room - HP-22. Assigned owner: Electrician. Include functional checks, log review, and required remedial actions if deviations are found.",2025-12-01,4.0,534,550.0,2025-08-25 03:51:00,2025-08-26 10:51:00,false,Power Maintenance,UPS Room - HP-22,Facilities,Electrician,,UPS-HP-22,,,false,,,2025-08-25 03:51:00
Test ATS failover sequence - ATS-Panel-HP-22,OPEN,URGENT,"Test ats failover sequence for Schneider EasyPact Automatic Transfer Switch installed at Electrical Room - HP-22. Assigned owner: Electrician. Include functional checks, log review, and required remedial actions if deviations are found.",2026-02-01,2.0,535,300.0,2025-11-21 07:44:00,2025-11-22 15:44:00,false,Power Maintenance,Electrical Room - HP-22,Facilities,Electrician,,ATS-Panel-HP-22,,,false,,Alpha Secure Systems,2025-11-21 07:44:00
Replace filters and inspect cooling performance - CRAC-Unit-HP-22,IN_PROGRESS,HIGH,"Replace filters and inspect cooling performance for Vertiv Liebert PDX Precision Cooling Unit installed at HVAC Plant - HP-22. Assigned owner: HVAC Technician. Include functional checks, log review, and required remedial actions if deviations are found.",2026-03-01,3.0,536,487.5,2025-11-29 09:08:00,2025-11-30 18:08:00,true,Preventive Maintenance,HVAC Plant - HP-22,Facilities,HVAC Technician,,CRAC-Unit-HP-22,,,false,,,2025-11-29 09:08:00
Monthly backup generator test run - Generator-HP-22,DONE,URGENT,"Monthly backup generator test run for Cummins C275D5 Backup Generator installed at Generator Yard - HP-22. Assigned owner: Electrician. Include functional checks, log review, and required remedial actions if deviations are found.",2026-02-03,1.0,537,75.0,2026-01-08 21:56:00,2026-01-25 01:56:00,false,Power Maintenance,Generator Yard - HP-22,Facilities,Electrician,,Generator-HP-22,Khanh Truong,2026-01-25 01:56:00,false,Maintenance completed successfully. Performance is stable after service.,,2026-01-08 21:56:00
Clean and validate visitor kiosk peripherals - Visitor-Kiosk-HP-22,IN_PROGRESS,MEDIUM,"Clean and validate visitor kiosk peripherals for ZKTeco SpeedFace-V5L Visitor Kiosk installed at Reception - HP-22. Assigned owner: Security Officer. Include functional checks, log review, and required remedial actions if deviations are found.",2025-12-28,4.0,538,350.0,2025-09-24 12:14:00,2025-09-25 23:14:00,false,Preventive Maintenance,Reception - HP-22,Security Operations,Security Officer,,Visitor-Kiosk-HP-22,,,false,,,2025-09-24 12:14:00
Clean camera lens and verify image quality - Loading-Bay-Camera-HP-22,DONE,HIGH,"Clean camera lens and verify image quality for Hikvision DS-2CD2686G2 Bullet Camera installed at Loading Bay - HP-22. Assigned owner: Security Officer. Include functional checks, log review, and required remedial actions if deviations are found.",2025-12-07,3.0,539,300.0,2025-11-18 17:22:00,2025-12-07 02:22:00,true,Security Maintenance,Loading Bay - HP-22,Security Operations,Security Officer,,Loading-Bay-Camera-HP-22,Tuan Hoang,2025-12-07 02:22:00,false,Maintenance completed successfully. Performance is stable after service.,Metro Cabling Partners,2025-11-18 17:22:00
Inspect backhaul alignment and RSSI stability - Microwave-Radio-HP-22,IN_PROGRESS,URGENT,"Inspect backhaul alignment and rssi stability for Ceragon IP-20C Microwave Radio installed at Roof - HP-22. Assigned owner: Field Technician. Include functional checks, log review, and required remedial actions if deviations are found.",2025-11-19,8.0,540,900.0,2025-09-02 04:39:00,2025-09-03 17:39:00,false,Network Maintenance,Roof - HP-22,Cellular Maintenance,Field Technician,,Microwave-Radio-HP-22,,,false,,,2025-09-02 04:39:00
Inspect and clean fiber terminations - Fiber-Patch-Panel-HP-22,DONE,HIGH,"Inspect and clean fiber terminations for Corning EDGE Fiber Patch Panel installed at IDF Room 1 - HP-22. Assigned owner: Cabling Technician. Include functional checks, log review, and required remedial actions if deviations are found.",2025-06-25,4.0,541,500.0,2025-06-04 21:21:00,2025-06-06 00:21:00,false,Preventive Maintenance,IDF Room 1 - HP-22,Infrastructure,Cabling Technician,,Fiber-Patch-Panel-HP-22,Loc Nguyen,2025-06-06 00:21:00,true,Work order closed after verification by the site operations team.,,2025-06-04 21:21:00
Verify edge switch firmware and uplink stability - Edge-Switch-HP-22,DONE,LOW,"Verify edge switch firmware and uplink stability for Cisco Catalyst 9300 Edge Switch installed at IDF Room 2 - HP-22. Assigned owner: Network Engineer. Include functional checks, log review, and required remedial actions if deviations are found.",2026-02-17,4.0,542,550.0,2026-02-15 18:02:00,2026-02-17 18:02:00,false,Network Maintenance,IDF Room 2 - HP-22,Network Operations,Network Engineer,,Edge-Switch-HP-22,Quoc Pham,2026-02-17 18:02:00,false,Task completed successfully. Asset is operating within expected thresholds.,,2026-02-15 18:02:00
Optimize antenna alignment and sector KPIs - 5G-Antenna-HP-22,IN_PROGRESS,MEDIUM,"Optimize antenna alignment and sector kpis for Ericsson AIR 6488 Massive MIMO Antenna installed at Telecom Mast - HP-22. Assigned owner: Field Technician. Include functional checks, log review, and required remedial actions if deviations are found.",2026-02-12,2.0,543,300.0,2026-01-18 11:43:00,2026-01-20 03:43:00,false,Cellular Maintenance,Telecom Mast - HP-22,Cellular Maintenance,Field Technician,,5G-Antenna-HP-22,,,false,,,2026-01-18 11:43:00
Review baseband alarms and software health - Baseband-Unit-HP-22,DONE,MEDIUM,"Review baseband alarms and software health for Nokia AirScale Baseband Unit installed at Base Station - HP-22. Assigned owner: Field Technician. Include functional checks, log review, and required remedial actions if deviations are found.",2025-04-18,2.0,544,325.0,2025-03-29 14:04:00,2025-04-14 00:04:00,false,Cellular Maintenance,Base Station - HP-22,Cellular Maintenance,Field Technician,,Baseband-Unit-HP-22,Duc Nguyen,2025-04-14 00:04:00,false,Inspection completed and no critical issues were found.,,2025-03-29 14:04:00
Inspect RRU connectors and weather sealing - Radio-Unit-HP-22,DONE,MEDIUM,"Inspect rru connectors and weather sealing for Ericsson Radio 4422 Remote Radio Unit installed at Antenna Array - HP-22. Assigned owner: Field Technician. Include functional checks, log review, and required remedial actions if deviations are found.",2026-01-20,2.0,545,150.0,2025-12-29 01:33:00,2026-01-09 03:33:00,false,Cellular Maintenance,Antenna Array - HP-22,Cellular Maintenance,Field Technician,,Radio-Unit-HP-22,Duc Nguyen,2026-01-09 03:33:00,false,Inspection completed and no critical issues were found.,,2025-12-29 01:33:00
Validate gateway sensor polling and packet delivery - Sensor-Gateway-HP-22,IN_PROGRESS,HIGH,"Validate gateway sensor polling and packet delivery for Advantech WISE-6610 IoT Gateway installed at Storage Room - HP-22. Assigned owner: Facilities Supervisor. Include functional checks, log review, and required remedial actions if deviations are found.",2026-02-22,4.0,546,350.0,2025-12-03 04:28:00,2025-12-04 23:28:00,false,Preventive Maintenance,Storage Room - HP-22,Facilities,Facilities Supervisor,,Sensor-Gateway-HP-22,,,false,,,2025-12-03 04:28:00
Tune wireless controller profiles and client balancing - WiFi-Controller-HP-22,DONE,HIGH,"Tune wireless controller profiles and client balancing for Cisco Catalyst 9800-L Wireless Controller installed at Office Floor 1 - HP-22. Assigned owner: Network Engineer. Include functional checks, log review, and required remedial actions if deviations are found.",2025-08-09,4.0,547,400.0,2025-07-21 09:22:00,2025-07-28 19:22:00,true,Network Maintenance,Office Floor 1 - HP-22,Network Operations,Network Engineer,,WiFi-Controller-HP-22,Minh Tran,2025-07-28 19:22:00,false,Corrective action implemented and follow-up checks were satisfactory.,,2025-07-21 09:22:00
Validate AP channel plan and client coverage - Access-Point-HP-22,DONE,LOW,"Validate ap channel plan and client coverage for Aruba AP-515 Wireless Access Point installed at Office Floor 2 - HP-22. Assigned owner: Network Engineer. Include functional checks, log review, and required remedial actions if deviations are found.",2025-06-17,1.0,548,112.5,2025-05-22 09:01:00,2025-05-27 18:01:00,false,Network Maintenance,Office Floor 2 - HP-22,Network Operations,Network Engineer,,Access-Point-HP-22,Bao Nguyen,2025-05-27 18:01:00,true,Task completed successfully. Asset is operating within expected thresholds.,,2025-05-22 09:01:00
Review GPU thermals and update AI server firmware - AI-Analytics-Server-HP-22,OPEN,LOW,"Review gpu thermals and update ai server firmware for NVIDIA DGX A100 AI Analytics Server installed at Lab A - HP-22. Assigned owner: AI Specialist. Include functional checks, log review, and required remedial actions if deviations are found.",2025-08-17,4.0,549,500.0,2025-06-12 12:26:00,2025-06-14 10:26:00,false,Server Maintenance,Lab A - HP-22,AI Operations,AI Specialist,,AI-Analytics-Server-HP-22,,,false,,,2025-06-12 12:26:00
Verify monitoring appliance calibration and alerting - Monitoring-Appliance-HP-22,IN_PROGRESS,HIGH,"Verify monitoring appliance calibration and alerting for Fluke OptiView XG Network Monitoring Appliance installed at Workshop - HP-22. Assigned owner: Network Engineer. Include functional checks, log review, and required remedial actions if deviations are found.",2025-06-26,8.0,550,1100.0,2025-04-06 22:56:00,2025-04-08 21:56:00,false,Calibration,Workshop - HP-22,Network Operations,Network Engineer,,Monitoring-Appliance-HP-22,,,false,,,2025-04-06 22:56:00
Calibrate monitoring thresholds - Monitoring-System-CT-23,DONE,HIGH,"Calibrate monitoring thresholds for SolarWinds Hybrid Cloud Observability Appliance installed at Infrastructure Site - CT-23. Assigned owner: Network Engineer. Include functional checks, log review, and required remedial actions if deviations are found.",2025-06-14,2.0,551,300.0,2025-06-10 01:15:00,2025-06-14 01:15:00,false,Calibration,Infrastructure Site - CT-23,Network Operations,Network Engineer,,Monitoring-System-CT-23,Quoc Pham,2025-06-14 01:15:00,false,Task completed successfully. Asset is operating within expected thresholds.,,2025-06-10 01:15:00
Quarterly preventive maintenance on core router - Core-Router-CT-23,IN_PROGRESS,HIGH,"Quarterly preventive maintenance on core router for Cisco ASR 9904 Core Router installed at Network Operations Center (NOC) - CT-23. Assigned owner: Network Engineer. Include functional checks, log review, and required remedial actions if deviations are found.",2026-01-16,3.0,552,487.5,2025-10-06 16:52:00,2025-10-08 17:52:00,false,Network Maintenance,Network Operations Center (NOC) - CT-23,Network Operations,Network Engineer,,Core-Router-CT-23,,,false,,,2025-10-06 16:52:00
Review VMS storage health and recording retention - Security-VMS-Server-CT-23,DONE,LOW,"Review vms storage health and recording retention for Milestone Husky IVO 350R Video Management Server installed at Security Operations Center (SOC) - CT-23. Assigned owner: Security Officer. Include functional checks, log review, and required remedial actions if deviations are found.",2025-01-18,6.0,553,450.0,2025-01-13 20:58:00,2025-01-18 20:58:00,false,Security Maintenance,Security Operations Center (SOC) - CT-23,Security Operations,Security Officer,,Security-VMS-Server-CT-23,Vy Do,2025-01-18 20:58:00,false,Task completed successfully. Asset is operating within expected thresholds.,,2025-01-13 20:58:00
Patch hypervisor host and validate cluster health - Virtualization-Host-CT-23,DONE,HIGH,"Patch hypervisor host and validate cluster health for Dell PowerEdge R750 Virtualization Host installed at Server Room A - CT-23. Assigned owner: System Administrator. Include functional checks, log review, and required remedial actions if deviations are found.",2025-03-09,8.0,554,700.0,2025-03-07 22:17:00,2025-03-09 22:17:00,false,Server Maintenance,Server Room A - CT-23,Server Operations,System Administrator,,Virtualization-Host-CT-23,Long Do,2025-03-09 22:17:00,true,Inspection completed and no critical issues were found.,,2025-03-07 22:17:00
Inspect storage array alerts and firmware status - Storage-Array-CT-23,DONE,HIGH,"Inspect storage array alerts and firmware status for NetApp AFF A250 Storage Array installed at Server Room B - CT-23. Assigned owner: Storage Administrator. Include functional checks, log review, and required remedial actions if deviations are found.",2025-05-11,1.0,555,100.0,2025-04-20 05:53:00,2025-04-30 11:53:00,false,Server Maintenance,Server Room B - CT-23,Server Operations,Storage Administrator,,Storage-Array-CT-23,Trang Pham,2025-04-30 11:53:00,false,Inspection completed and no critical issues were found.,,2025-04-20 05:53:00
Validate switch port configuration and error counters - Access-Switch-CT-23,DONE,MEDIUM,"Validate switch port configuration and error counters for Juniper EX4300 Access Switch installed at Network Closet - CT-23. Assigned owner: Network Engineer. Include functional checks, log review, and required remedial actions if deviations are found.",2025-05-24,2.0,556,225.0,2025-05-22 09:32:00,2025-05-24 09:32:00,false,Network Maintenance,Network Closet - CT-23,Network Operations,Network Engineer,,Access-Switch-CT-23,Quoc Pham,2025-05-24 09:32:00,true,Maintenance completed successfully. Performance is stable after service.,,2025-05-22 09:32:00
Update access control firmware and credential sync - Access-Control-Panel-CT-23,ON_HOLD,LOW,"Update access control firmware and credential sync for Paxton Net2 Plus Access Control Panel installed at Access Control Room - CT-23. Assigned owner: Security Officer. Include functional checks, log review, and required remedial actions if deviations are found.",2025-11-04,2.0,557,250.0,2025-09-15 21:08:00,2025-09-18 03:08:00,false,Security Maintenance,Access Control Room - CT-23,Security Operations,Security Officer,,Access-Control-Panel-CT-23,,,false,,,2025-09-15 21:08:00
Inspect NVR recording capacity and camera retention - NVR-CT-23,OPEN,LOW,"Inspect nvr recording capacity and camera retention for Hikvision DS-9632NI-M8 Network Video Recorder installed at Video Surveillance Room - CT-23. Assigned owner: Security Officer. Include functional checks, log review, and required remedial actions if deviations are found.",2025-08-08,3.0,558,412.5,2025-05-13 04:11:00,2025-05-15 11:11:00,false,Security Maintenance,Video Surveillance Room - CT-23,Security Operations,Security Officer,,NVR-CT-23,,,false,,,2025-05-13 04:11:00
Perform UPS battery health check and load test - UPS-CT-23,DONE,MEDIUM,"Perform ups battery health check and load test for APC Smart-UPS SRT 3000VA installed at UPS Room - CT-23. Assigned owner: Electrician. Include functional checks, log review, and required remedial actions if deviations are found.",2026-03-05,1.0,559,150.0,2026-02-22 05:19:00,2026-03-05 05:19:00,false,Power Maintenance,UPS Room - CT-23,Facilities,Electrician,,UPS-CT-23,Khanh Truong,2026-03-05 05:19:00,false,UPS battery strings passed the load test and runtime remained within target.,,2026-02-22 05:19:00
Test ATS failover sequence - ATS-Panel-CT-23,DONE,MEDIUM,"Test ats failover sequence for Schneider EasyPact Automatic Transfer Switch installed at Electrical Room - CT-23. Assigned owner: Electrician. Include functional checks, log review, and required remedial actions if deviations are found.",2025-03-23,3.0,560,487.5,2025-03-17 04:59:00,2025-03-22 08:59:00,false,Power Maintenance,Electrical Room - CT-23,Facilities,Electrician,,ATS-Panel-CT-23,Dat Le,2025-03-22 08:59:00,false,Task completed successfully. Asset is operating within expected thresholds.,HaNoi Cooling Services,2025-03-17 04:59:00
Replace filters and inspect cooling performance - CRAC-Unit-CT-23,ON_HOLD,URGENT,"Replace filters and inspect cooling performance for Vertiv Liebert PDX Precision Cooling Unit installed at HVAC Plant - CT-23. Assigned owner: HVAC Technician. Include functional checks, log review, and required remedial actions if deviations are found.",2025-11-13,4.0,561,300.0,2025-06-26 01:06:00,2025-06-28 11:06:00,false,Preventive Maintenance,HVAC Plant - CT-23,Facilities,HVAC Technician,,CRAC-Unit-CT-23,,,false,,Red River Power Co.,2025-06-26 01:06:00
Monthly backup generator test run - Generator-CT-23,OPEN,MEDIUM,"Monthly backup generator test run for Cummins C275D5 Backup Generator installed at Generator Yard - CT-23. Assigned owner: Electrician. Include functional checks, log review, and required remedial actions if deviations are found.",2026-01-01,1.0,562,87.5,2025-10-27 09:28:00,2025-10-29 20:28:00,false,Power Maintenance,Generator Yard - CT-23,Facilities,Electrician,,Generator-CT-23,,,false,,,2025-10-27 09:28:00
Clean and validate visitor kiosk peripherals - Visitor-Kiosk-CT-23,IN_PROGRESS,HIGH,"Clean and validate visitor kiosk peripherals for ZKTeco SpeedFace-V5L Visitor Kiosk installed at Reception - CT-23. Assigned owner: Security Officer. Include functional checks, log review, and required remedial actions if deviations are found.",2026-01-28,6.0,563,600.0,2026-01-12 03:31:00,2026-01-14 15:31:00,false,Preventive Maintenance,Reception - CT-23,Security Operations,Security Officer,,Visitor-Kiosk-CT-23,,,false,,,2026-01-12 03:31:00
Clean camera lens and verify image quality - Loading-Bay-Camera-CT-23,DONE,HIGH,"Clean camera lens and verify image quality for Hikvision DS-2CD2686G2 Bullet Camera installed at Loading Bay - CT-23. Assigned owner: Security Officer. Include functional checks, log review, and required remedial actions if deviations are found.",2025-08-18,4.0,564,450.0,2025-08-06 06:37:00,2025-08-18 06:37:00,false,Security Maintenance,Loading Bay - CT-23,Security Operations,Security Officer,,Loading-Bay-Camera-CT-23,An Nguyen,2025-08-18 06:37:00,true,Task completed successfully. Asset is operating within expected thresholds.,Red River Power Co.,2025-08-06 06:37:00
Inspect backhaul alignment and RSSI stability - Microwave-Radio-CT-23,OPEN,MEDIUM,"Inspect backhaul alignment and rssi stability for Ceragon IP-20C Microwave Radio installed at Roof - CT-23. Assigned owner: Field Technician. Include functional checks, log review, and required remedial actions if deviations are found.",2025-12-15,2.0,565,250.0,2025-10-12 03:57:00,2025-10-14 17:57:00,false,Network Maintenance,Roof - CT-23,Cellular Maintenance,Field Technician,,Microwave-Radio-CT-23,,,false,,,2025-10-12 03:57:00
Inspect and clean fiber terminations - Fiber-Patch-Panel-CT-23,IN_PROGRESS,LOW,"Inspect and clean fiber terminations for Corning EDGE Fiber Patch Panel installed at IDF Room 1 - CT-23. Assigned owner: Cabling Technician. Include functional checks, log review, and required remedial actions if deviations are found.",2025-12-12,8.0,566,1100.0,2025-08-19 00:29:00,2025-08-21 15:29:00,false,Preventive Maintenance,IDF Room 1 - CT-23,Infrastructure,Cabling Technician,,Fiber-Patch-Panel-CT-23,,,false,,,2025-08-19 00:29:00
Verify edge switch firmware and uplink stability - Edge-Switch-CT-23,IN_PROGRESS,HIGH,"Verify edge switch firmware and uplink stability for Cisco Catalyst 9300 Edge Switch installed at IDF Room 2 - CT-23. Assigned owner: Network Engineer. Include functional checks, log review, and required remedial actions if deviations are found.",2026-01-28,1.0,567,150.0,2025-11-06 03:01:00,2025-11-08 19:01:00,false,Network Maintenance,IDF Room 2 - CT-23,Network Operations,Network Engineer,,Edge-Switch-CT-23,,,false,,,2025-11-06 03:01:00
Optimize antenna alignment and sector KPIs - 5G-Antenna-CT-23,DONE,LOW,"Optimize antenna alignment and sector kpis for Ericsson AIR 6488 Massive MIMO Antenna installed at Telecom Mast - CT-23. Assigned owner: Field Technician. Include functional checks, log review, and required remedial actions if deviations are found.",2026-03-09,3.0,568,487.5,2026-02-13 03:33:00,2026-03-02 06:33:00,false,Cellular Maintenance,Telecom Mast - CT-23,Cellular Maintenance,Field Technician,,5G-Antenna-CT-23,Tien Bui,2026-03-02 06:33:00,false,Sector alignment improved signal quality and throughput remained stable after tuning.,,2026-02-13 03:33:00
Review baseband alarms and software health - Baseband-Unit-CT-23,ON_HOLD,URGENT,"Review baseband alarms and software health for Nokia AirScale Baseband Unit installed at Base Station - CT-23. Assigned owner: Field Technician. Include functional checks, log review, and required remedial actions if deviations are found.",2025-09-25,3.0,569,225.0,2025-06-26 01:44:00,2025-06-28 19:44:00,true,Cellular Maintenance,Base Station - CT-23,Cellular Maintenance,Field Technician,,Baseband-Unit-CT-23,,,false,,,2025-06-26 01:44:00
Inspect RRU connectors and weather sealing - Radio-Unit-CT-23,OPEN,MEDIUM,"Inspect rru connectors and weather sealing for Ericsson Radio 4422 Remote Radio Unit installed at Antenna Array - CT-23. Assigned owner: Field Technician. Include functional checks, log review, and required remedial actions if deviations are found.",2026-01-10,1.0,570,87.5,2026-01-06 11:27:00,2026-01-09 06:27:00,false,Cellular Maintenance,Antenna Array - CT-23,Cellular Maintenance,Field Technician,,Radio-Unit-CT-23,,,false,,,2026-01-06 11:27:00
Validate gateway sensor polling and packet delivery - Sensor-Gateway-CT-23,OPEN,LOW,"Validate gateway sensor polling and packet delivery for Advantech WISE-6610 IoT Gateway installed at Storage Room - CT-23. Assigned owner: Facilities Supervisor. Include functional checks, log review, and required remedial actions if deviations are found.",2025-05-11,8.0,571,800.0,2025-02-22 05:31:00,2025-02-25 01:31:00,false,Preventive Maintenance,Storage Room - CT-23,Facilities,Facilities Supervisor,,Sensor-Gateway-CT-23,,,false,,,2025-02-22 05:31:00
Tune wireless controller profiles and client balancing - WiFi-Controller-CT-23,IN_PROGRESS,MEDIUM,"Tune wireless controller profiles and client balancing for Cisco Catalyst 9800-L Wireless Controller installed at Office Floor 1 - CT-23. Assigned owner: Network Engineer. Include functional checks, log review, and required remedial actions if deviations are found.",2026-01-02,4.0,572,450.0,2025-11-01 00:45:00,2025-11-03 21:45:00,false,Network Maintenance,Office Floor 1 - CT-23,Network Operations,Network Engineer,,WiFi-Controller-CT-23,,,false,,,2025-11-01 00:45:00
Validate AP channel plan and client coverage - Access-Point-CT-23,OPEN,LOW,"Validate ap channel plan and client coverage for Aruba AP-515 Wireless Access Point installed at Office Floor 2 - CT-23. Assigned owner: Network Engineer. Include functional checks, log review, and required remedial actions if deviations are found.",2025-08-04,4.0,573,500.0,2025-04-29 06:37:00,2025-05-02 04:37:00,false,Network Maintenance,Office Floor 2 - CT-23,Network Operations,Network Engineer,,Access-Point-CT-23,,,false,,,2025-04-29 06:37:00
Review GPU thermals and update AI server firmware - AI-Analytics-Server-CT-23,DONE,HIGH,"Review gpu thermals and update ai server firmware for NVIDIA DGX A100 AI Analytics Server installed at Lab A - CT-23. Assigned owner: AI Specialist. Include functional checks, log review, and required remedial actions if deviations are found.",2025-04-14,3.0,574,412.5,2025-03-22 00:49:00,2025-03-26 09:49:00,true,Server Maintenance,Lab A - CT-23,AI Operations,AI Specialist,,AI-Analytics-Server-CT-23,Quang Pham,2025-03-26 09:49:00,false,GPU temperatures normalized after maintenance and all accelerators passed diagnostics.,,2025-03-22 00:49:00
Verify monitoring appliance calibration and alerting - Monitoring-Appliance-CT-23,DONE,HIGH,"Verify monitoring appliance calibration and alerting for Fluke OptiView XG Network Monitoring Appliance installed at Workshop - CT-23. Assigned owner: Network Engineer. Include functional checks, log review, and required remedial actions if deviations are found.",2025-10-07,1.0,575,150.0,2025-09-23 11:43:00,2025-10-02 13:43:00,false,Calibration,Workshop - CT-23,Network Operations,Network Engineer,,Monitoring-Appliance-CT-23,Quoc Pham,2025-10-02 13:43:00,false,Work order closed after verification by the site operations team.,,2025-09-23 11:43:00
Calibrate monitoring thresholds - Monitoring-System-BD-24,IN_PROGRESS,HIGH,"Calibrate monitoring thresholds for SolarWinds Hybrid Cloud Observability Appliance installed at Infrastructure Site - BD-24. Assigned owner: Network Engineer. Include functional checks, log review, and required remedial actions if deviations are found.",2026-01-18,2.0,576,325.0,2026-01-14 20:00:00,2026-01-17 21:00:00,false,Calibration,Infrastructure Site - BD-24,Network Operations,Network Engineer,,Monitoring-System-BD-24,,,false,,,2026-01-14 20:00:00
Quarterly preventive maintenance on core router - Core-Router-BD-24,DONE,HIGH,"Quarterly preventive maintenance on core router for Cisco ASR 9904 Core Router installed at Network Operations Center (NOC) - BD-24. Assigned owner: Network Engineer. Include functional checks, log review, and required remedial actions if deviations are found.",2026-01-23,6.0,577,450.0,2026-01-20 10:44:00,2026-01-23 10:44:00,false,Network Maintenance,Network Operations Center (NOC) - BD-24,Network Operations,Network Engineer,,Core-Router-BD-24,Tuan Vo,2026-01-23 10:44:00,false,Maintenance completed successfully. Router performance and routing tables are stable.,,2026-01-20 10:44:00
Review VMS storage health and recording retention - Security-VMS-Server-BD-24,OPEN,URGENT,"Review vms storage health and recording retention for Milestone Husky IVO 350R Video Management Server installed at Security Operations Center (SOC) - BD-24. Assigned owner: Security Officer. Include functional checks, log review, and required remedial actions if deviations are found.",2025-10-08,2.0,578,175.0,2025-07-15 11:37:00,2025-07-15 14:37:00,false,Security Maintenance,Security Operations Center (SOC) - BD-24,Security Operations,Security Officer,,Security-VMS-Server-BD-24,,,false,,,2025-07-15 11:37:00
Patch hypervisor host and validate cluster health - Virtualization-Host-BD-24,DONE,LOW,"Patch hypervisor host and validate cluster health for Dell PowerEdge R750 Virtualization Host installed at Server Room A - BD-24. Assigned owner: System Administrator. Include functional checks, log review, and required remedial actions if deviations are found.",2025-08-14,8.0,579,800.0,2025-07-26 18:01:00,2025-08-14 18:01:00,false,Server Maintenance,Server Room A - BD-24,Server Operations,System Administrator,,Virtualization-Host-BD-24,Mai Vu,2025-08-14 18:01:00,true,Corrective action implemented and follow-up checks were satisfactory.,,2025-07-26 18:01:00
Inspect storage array alerts and firmware status - Storage-Array-BD-24,OPEN,MEDIUM,"Inspect storage array alerts and firmware status for NetApp AFF A250 Storage Array installed at Server Room B - BD-24. Assigned owner: Storage Administrator. Include functional checks, log review, and required remedial actions if deviations are found.",2025-07-13,3.0,580,337.5,2025-03-18 21:36:00,2025-03-19 02:36:00,false,Server Maintenance,Server Room B - BD-24,Server Operations,Storage Administrator,,Storage-Array-BD-24,,,false,,,2025-03-18 21:36:00
Validate switch port configuration and error counters - Access-Switch-BD-24,OPEN,HIGH,"Validate switch port configuration and error counters for Juniper EX4300 Access Switch installed at Network Closet - BD-24. Assigned owner: Network Engineer. Include functional checks, log review, and required remedial actions if deviations are found.",2026-02-23,8.0,581,1000.0,2025-11-03 03:56:00,2025-11-03 09:56:00,false,Network Maintenance,Network Closet - BD-24,Network Operations,Network Engineer,,Access-Switch-BD-24,,,false,,,2025-11-03 03:56:00
Update access control firmware and credential sync - Access-Control-Panel-BD-24,OPEN,HIGH,"Update access control firmware and credential sync for Paxton Net2 Plus Access Control Panel installed at Access Control Room - BD-24. Assigned owner: Security Officer. Include functional checks, log review, and required remedial actions if deviations are found.",2026-02-14,2.0,582,275.0,2025-12-02 17:17:00,2025-12-03 00:17:00,false,Security Maintenance,Access Control Room - BD-24,Security Operations,Security Officer,,Access-Control-Panel-BD-24,,,false,,,2025-12-02 17:17:00
Inspect NVR recording capacity and camera retention - NVR-BD-24,IN_PROGRESS,HIGH,"Inspect nvr recording capacity and camera retention for Hikvision DS-9632NI-M8 Network Video Recorder installed at Video Surveillance Room - BD-24. Assigned owner: Security Officer. Include functional checks, log review, and required remedial actions if deviations are found.",2026-01-04,4.0,583,600.0,2025-12-22 00:04:00,2025-12-22 08:04:00,false,Security Maintenance,Video Surveillance Room - BD-24,Security Operations,Security Officer,,NVR-BD-24,,,false,,,2025-12-22 00:04:00
Perform UPS battery health check and load test - UPS-BD-24,DONE,HIGH,"Perform ups battery health check and load test for APC Smart-UPS SRT 3000VA installed at UPS Room - BD-24. Assigned owner: Electrician. Include functional checks, log review, and required remedial actions if deviations are found.",2025-12-31,2.0,584,325.0,2025-12-23 05:33:00,2025-12-31 05:33:00,false,Power Maintenance,UPS Room - BD-24,Facilities,Electrician,,UPS-BD-24,Phong Pham,2025-12-31 05:33:00,false,UPS battery strings passed the load test and runtime remained within target.,,2025-12-23 05:33:00
Test ATS failover sequence - ATS-Panel-BD-24,OPEN,HIGH,"Test ats failover sequence for Schneider EasyPact Automatic Transfer Switch installed at Electrical Room - BD-24. Assigned owner: Electrician. Include functional checks, log review, and required remedial actions if deviations are found.",2026-02-21,4.0,585,300.0,2026-01-24 13:37:00,2026-01-24 23:37:00,true,Power Maintenance,Electrical Room - BD-24,Facilities,Electrician,,ATS-Panel-BD-24,,,false,,,2026-01-24 13:37:00
Replace filters and inspect cooling performance - CRAC-Unit-BD-24,IN_PROGRESS,HIGH,"Replace filters and inspect cooling performance for Vertiv Liebert PDX Precision Cooling Unit installed at HVAC Plant - BD-24. Assigned owner: HVAC Technician. Include functional checks, log review, and required remedial actions if deviations are found.",2025-08-22,8.0,586,700.0,2025-05-25 22:52:00,2025-05-26 09:52:00,true,Preventive Maintenance,HVAC Plant - BD-24,Facilities,HVAC Technician,,CRAC-Unit-BD-24,,,false,,,2025-05-25 22:52:00
Monthly backup generator test run - Generator-BD-24,DONE,MEDIUM,"Monthly backup generator test run for Cummins C275D5 Backup Generator installed at Generator Yard - BD-24. Assigned owner: Electrician. Include functional checks, log review, and required remedial actions if deviations are found.",2025-06-23,4.0,587,400.0,2025-05-28 17:56:00,2025-06-04 00:56:00,false,Power Maintenance,Generator Yard - BD-24,Facilities,Electrician,,Generator-BD-24,Phong Pham,2025-06-04 00:56:00,false,Task completed successfully. Asset is operating within expected thresholds.,,2025-05-28 17:56:00
Clean and validate visitor kiosk peripherals - Visitor-Kiosk-BD-24,OPEN,HIGH,"Clean and validate visitor kiosk peripherals for ZKTeco SpeedFace-V5L Visitor Kiosk installed at Reception - BD-24. Assigned owner: Security Officer. Include functional checks, log review, and required remedial actions if deviations are found.",2026-01-16,4.0,588,450.0,2025-11-11 14:58:00,2025-11-12 03:58:00,true,Preventive Maintenance,Reception - BD-24,Security Operations,Security Officer,,Visitor-Kiosk-BD-24,,,false,,,2025-11-11 14:58:00
Clean camera lens and verify image quality - Loading-Bay-Camera-BD-24,DONE,MEDIUM,"Clean camera lens and verify image quality for Hikvision DS-2CD2686G2 Bullet Camera installed at Loading Bay - BD-24. Assigned owner: Security Officer. Include functional checks, log review, and required remedial actions if deviations are found.",2025-08-26,4.0,589,500.0,2025-08-17 14:55:00,2025-08-19 18:55:00,false,Security Maintenance,Loading Bay - BD-24,Security Operations,Security Officer,,Loading-Bay-Camera-BD-24,An Nguyen,2025-08-19 18:55:00,true,Maintenance completed successfully. Performance is stable after service.,,2025-08-17 14:55:00
Inspect backhaul alignment and RSSI stability - Microwave-Radio-BD-24,ON_HOLD,HIGH,"Inspect backhaul alignment and rssi stability for Ceragon IP-20C Microwave Radio installed at Roof - BD-24. Assigned owner: Field Technician. Include functional checks, log review, and required remedial actions if deviations are found.",2025-09-15,3.0,590,412.5,2025-07-10 21:41:00,2025-07-11 12:41:00,true,Network Maintenance,Roof - BD-24,Cellular Maintenance,Field Technician,,Microwave-Radio-BD-24,,,false,,,2025-07-10 21:41:00
Inspect and clean fiber terminations - Fiber-Patch-Panel-BD-24,DONE,MEDIUM,"Inspect and clean fiber terminations for Corning EDGE Fiber Patch Panel installed at IDF Room 1 - BD-24. Assigned owner: Cabling Technician. Include functional checks, log review, and required remedial actions if deviations are found.",2025-12-04,3.0,591,450.0,2025-11-19 07:19:00,2025-11-25 16:19:00,false,Preventive Maintenance,IDF Room 1 - BD-24,Infrastructure,Cabling Technician,,Fiber-Patch-Panel-BD-24,Kiet Tran,2025-11-25 16:19:00,false,Corrective action implemented and follow-up checks were satisfactory.,,2025-11-19 07:19:00
Verify edge switch firmware and uplink stability - Edge-Switch-BD-24,DONE,HIGH,"Verify edge switch firmware and uplink stability for Cisco Catalyst 9300 Edge Switch installed at IDF Room 2 - BD-24. Assigned owner: Network Engineer. Include functional checks, log review, and required remedial actions if deviations are found.",2025-08-07,4.0,592,650.0,2025-07-23 10:34:00,2025-07-31 16:34:00,true,Network Maintenance,IDF Room 2 - BD-24,Network Operations,Network Engineer,,Edge-Switch-BD-24,Quoc Pham,2025-07-31 16:34:00,true,Task completed successfully. Asset is operating within expected thresholds.,,2025-07-23 10:34:00
Optimize antenna alignment and sector KPIs - 5G-Antenna-BD-24,ON_HOLD,URGENT,"Optimize antenna alignment and sector kpis for Ericsson AIR 6488 Massive MIMO Antenna installed at Telecom Mast - BD-24. Assigned owner: Field Technician. Include functional checks, log review, and required remedial actions if deviations are found.",2025-11-01,4.0,593,300.0,2025-07-12 02:27:00,2025-07-12 20:27:00,false,Cellular Maintenance,Telecom Mast - BD-24,Cellular Maintenance,Field Technician,,5G-Antenna-BD-24,,,false,,,2025-07-12 02:27:00
Review baseband alarms and software health - Baseband-Unit-BD-24,IN_PROGRESS,HIGH,"Review baseband alarms and software health for Nokia AirScale Baseband Unit installed at Base Station - BD-24. Assigned owner: Field Technician. Include functional checks, log review, and required remedial actions if deviations are found.",2026-03-27,4.0,594,350.0,2026-03-07 16:39:00,2026-03-08 11:39:00,false,Cellular Maintenance,Base Station - BD-24,Cellular Maintenance,Field Technician,,Baseband-Unit-BD-24,,,false,,,2026-03-07 16:39:00
Inspect RRU connectors and weather sealing - Radio-Unit-BD-24,OPEN,URGENT,"Inspect rru connectors and weather sealing for Ericsson Radio 4422 Remote Radio Unit installed at Antenna Array - BD-24. Assigned owner: Field Technician. Include functional checks, log review, and required remedial actions if deviations are found.",2025-05-24,8.0,595,800.0,2025-02-20 13:18:00,2025-02-21 09:18:00,false,Cellular Maintenance,Antenna Array - BD-24,Cellular Maintenance,Field Technician,,Radio-Unit-BD-24,,,false,,,2025-02-20 13:18:00
Validate gateway sensor polling and packet delivery - Sensor-Gateway-BD-24,DONE,LOW,"Validate gateway sensor polling and packet delivery for Advantech WISE-6610 IoT Gateway installed at Storage Room - BD-24. Assigned owner: Facilities Supervisor. Include functional checks, log review, and required remedial actions if deviations are found.",2025-10-28,4.0,596,450.0,2025-10-03 14:43:00,2025-10-05 00:43:00,false,Preventive Maintenance,Storage Room - BD-24,Facilities,Facilities Supervisor,,Sensor-Gateway-BD-24,Uyen Pham,2025-10-05 00:43:00,false,Work order closed after verification by the site operations team.,,2025-10-03 14:43:00
Tune wireless controller profiles and client balancing - WiFi-Controller-BD-24,IN_PROGRESS,HIGH,"Tune wireless controller profiles and client balancing for Cisco Catalyst 9800-L Wireless Controller installed at Office Floor 1 - BD-24. Assigned owner: Network Engineer. Include functional checks, log review, and required remedial actions if deviations are found.",2025-10-02,4.0,597,500.0,2025-06-17 11:41:00,2025-06-18 09:41:00,true,Network Maintenance,Office Floor 1 - BD-24,Network Operations,Network Engineer,,WiFi-Controller-BD-24,,,false,,,2025-06-17 11:41:00
Validate AP channel plan and client coverage - Access-Point-BD-24,DONE,HIGH,"Validate ap channel plan and client coverage for Aruba AP-515 Wireless Access Point installed at Office Floor 2 - BD-24. Assigned owner: Network Engineer. Include functional checks, log review, and required remedial actions if deviations are found.",2025-09-26,1.0,598,137.5,2025-09-02 13:55:00,2025-09-21 15:55:00,false,Network Maintenance,Office Floor 2 - BD-24,Network Operations,Network Engineer,,Access-Point-BD-24,Quoc Pham,2025-09-21 15:55:00,false,Task completed successfully. Asset is operating within expected thresholds.,,2025-09-02 13:55:00
Review GPU thermals and update AI server firmware - AI-Analytics-Server-BD-24,DONE,MEDIUM,"Review gpu thermals and update ai server firmware for NVIDIA DGX A100 AI Analytics Server installed at Lab A - BD-24. Assigned owner: AI Specialist. Include functional checks, log review, and required remedial actions if deviations are found.",2025-06-29,2.0,599,300.0,2025-06-01 11:57:00,2025-06-07 12:57:00,false,Server Maintenance,Lab A - BD-24,AI Operations,AI Specialist,,AI-Analytics-Server-BD-24,Quang Pham,2025-06-07 12:57:00,false,GPU temperatures normalized after maintenance and all accelerators passed diagnostics.,,2025-06-01 11:57:00
Verify monitoring appliance calibration and alerting - Monitoring-Appliance-BD-24,OPEN,URGENT,"Verify monitoring appliance calibration and alerting for Fluke OptiView XG Network Monitoring Appliance installed at Workshop - BD-24. Assigned owner: Network Engineer. Include functional checks, log review, and required remedial actions if deviations are found.",2026-01-08,8.0,600,1300.0,2025-11-10 18:48:00,2025-11-11 19:48:00,false,Calibration,Workshop - BD-24,Network Operations,Network Engineer,,Monitoring-Appliance-BD-24,,,false,,,2025-11-10 18:48:00
Calibrate monitoring thresholds - Monitoring-System-HN-25,IN_PROGRESS,MEDIUM,"Calibrate monitoring thresholds for SolarWinds Hybrid Cloud Observability Appliance installed at Infrastructure Site - HN-25. Assigned owner: Network Engineer. Include functional checks, log review, and required remedial actions if deviations are found.",2025-09-21,6.0,601,450.0,2025-07-16 01:53:00,2025-07-17 03:53:00,false,Calibration,Infrastructure Site - HN-25,Network Operations,Network Engineer,,Monitoring-System-HN-25,,,false,,,2025-07-16 01:53:00
Quarterly preventive maintenance on core router - Core-Router-HN-25,DONE,HIGH,"Quarterly preventive maintenance on core router for Cisco ASR 9904 Core Router installed at Network Operations Center (NOC) - HN-25. Assigned owner: Network Engineer. Include functional checks, log review, and required remedial actions if deviations are found.",2026-01-08,1.0,602,87.5,2025-12-18 04:48:00,2026-01-05 05:48:00,true,Network Maintenance,Network Operations Center (NOC) - HN-25,Network Operations,Network Engineer,,Core-Router-HN-25,Nam Le,2026-01-05 05:48:00,false,Maintenance completed successfully. Router performance and routing tables are stable.,,2025-12-18 04:48:00
Review VMS storage health and recording retention - Security-VMS-Server-HN-25,ON_HOLD,URGENT,"Review vms storage health and recording retention for Milestone Husky IVO 350R Video Management Server installed at Security Operations Center (SOC) - HN-25. Assigned owner: Security Officer. Include functional checks, log review, and required remedial actions if deviations are found.",2025-05-07,2.0,603,200.0,2025-01-11 02:28:00,2025-01-12 06:28:00,true,Security Maintenance,Security Operations Center (SOC) - HN-25,Security Operations,Security Officer,,Security-VMS-Server-HN-25,,,false,,,2025-01-11 02:28:00
Patch hypervisor host and validate cluster health - Virtualization-Host-HN-25,DONE,HIGH,"Patch hypervisor host and validate cluster health for Dell PowerEdge R750 Virtualization Host installed at Server Room A - HN-25. Assigned owner: System Administrator. Include functional checks, log review, and required remedial actions if deviations are found.",2025-04-06,4.0,604,450.0,2025-03-17 15:34:00,2025-04-01 18:34:00,true,Server Maintenance,Server Room A - HN-25,Server Operations,System Administrator,,Virtualization-Host-HN-25,Long Do,2025-04-01 18:34:00,true,Work order closed after verification by the site operations team.,,2025-03-17 15:34:00
Inspect storage array alerts and firmware status - Storage-Array-HN-25,OPEN,URGENT,"Inspect storage array alerts and firmware status for NetApp AFF A250 Storage Array installed at Server Room B - HN-25. Assigned owner: Storage Administrator. Include functional checks, log review, and required remedial actions if deviations are found.",2025-12-21,2.0,605,250.0,2025-08-31 09:51:00,2025-09-01 15:51:00,true,Server Maintenance,Server Room B - HN-25,Server Operations,Storage Administrator,,Storage-Array-HN-25,,,false,,,2025-08-31 09:51:00
Validate switch port configuration and error counters - Access-Switch-HN-25,DONE,HIGH,"Validate switch port configuration and error counters for Juniper EX4300 Access Switch installed at Network Closet - HN-25. Assigned owner: Network Engineer. Include functional checks, log review, and required remedial actions if deviations are found.",2026-03-25,2.0,606,275.0,2026-03-02 23:05:00,2026-03-14 03:05:00,false,Network Maintenance,Network Closet - HN-25,Network Operations,Network Engineer,,Access-Switch-HN-25,Bao Nguyen,2026-03-14 03:05:00,false,Maintenance completed successfully. Performance is stable after service.,,2026-03-02 23:05:00
Update access control firmware and credential sync - Access-Control-Panel-HN-25,OPEN,LOW,"Update access control firmware and credential sync for Paxton Net2 Plus Access Control Panel installed at Access Control Room - HN-25. Assigned owner: Security Officer. Include functional checks, log review, and required remedial actions if deviations are found.",2026-04-01,8.0,607,1200.0,2025-11-11 08:24:00,2025-11-12 16:24:00,false,Security Maintenance,Access Control Room - HN-25,Security Operations,Security Officer,,Access-Control-Panel-HN-25,,,false,,,2025-11-11 08:24:00
Inspect NVR recording capacity and camera retention - NVR-HN-25,ON_HOLD,HIGH,"Inspect nvr recording capacity and camera retention for Hikvision DS-9632NI-M8 Network Video Recorder installed at Video Surveillance Room - HN-25. Assigned owner: Security Officer. Include functional checks, log review, and required remedial actions if deviations are found.",2025-12-14,3.0,608,487.5,2025-09-07 07:32:00,2025-09-08 16:32:00,true,Security Maintenance,Video Surveillance Room - HN-25,Security Operations,Security Officer,,NVR-HN-25,,,false,,,2025-09-07 07:32:00
Perform UPS battery health check and load test - UPS-HN-25,ON_HOLD,MEDIUM,"Perform ups battery health check and load test for APC Smart-UPS SRT 3000VA installed at UPS Room - HN-25. Assigned owner: Electrician. Include functional checks, log review, and required remedial actions if deviations are found.",2026-02-19,8.0,609,600.0,2025-12-05 07:34:00,2025-12-06 17:34:00,false,Power Maintenance,UPS Room - HN-25,Facilities,Electrician,,UPS-HN-25,,,false,,,2025-12-05 07:34:00
Test ATS failover sequence - ATS-Panel-HN-25,IN_PROGRESS,HIGH,"Test ats failover sequence for Schneider EasyPact Automatic Transfer Switch installed at Electrical Room - HN-25. Assigned owner: Electrician. Include functional checks, log review, and required remedial actions if deviations are found.",2025-12-04,2.0,610,175.0,2025-08-12 09:40:00,2025-08-13 20:40:00,false,Power Maintenance,Electrical Room - HN-25,Facilities,Electrician,,ATS-Panel-HN-25,,,false,,,2025-08-12 09:40:00
Replace filters and inspect cooling performance - CRAC-Unit-HN-25,IN_PROGRESS,LOW,"Replace filters and inspect cooling performance for Vertiv Liebert PDX Precision Cooling Unit installed at HVAC Plant - HN-25. Assigned owner: HVAC Technician. Include functional checks, log review, and required remedial actions if deviations are found.",2025-03-13,3.0,611,300.0,2025-01-23 01:16:00,2025-01-24 13:16:00,false,Preventive Maintenance,HVAC Plant - HN-25,Facilities,HVAC Technician,,CRAC-Unit-HN-25,,,false,,,2025-01-23 01:16:00
Monthly backup generator test run - Generator-HN-25,DONE,MEDIUM,"Monthly backup generator test run for Cummins C275D5 Backup Generator installed at Generator Yard - HN-25. Assigned owner: Electrician. Include functional checks, log review, and required remedial actions if deviations are found.",2026-02-05,3.0,612,337.5,2026-01-31 11:42:00,2026-02-05 11:42:00,false,Power Maintenance,Generator Yard - HN-25,Facilities,Electrician,,Generator-HN-25,Tien Nguyen,2026-02-05 11:42:00,false,Maintenance completed successfully. Performance is stable after service.,,2026-01-31 11:42:00
Clean and validate visitor kiosk peripherals - Visitor-Kiosk-HN-25,IN_PROGRESS,LOW,"Clean and validate visitor kiosk peripherals for ZKTeco SpeedFace-V5L Visitor Kiosk installed at Reception - HN-25. Assigned owner: Security Officer. Include functional checks, log review, and required remedial actions if deviations are found.",2025-02-23,2.0,613,250.0,2025-01-13 10:40:00,2025-01-15 00:40:00,false,Preventive Maintenance,Reception - HN-25,Security Operations,Security Officer,,Visitor-Kiosk-HN-25,,,false,,,2025-01-13 10:40:00
Clean camera lens and verify image quality - Loading-Bay-Camera-HN-25,DONE,URGENT,"Clean camera lens and verify image quality for Hikvision DS-2CD2686G2 Bullet Camera installed at Loading Bay - HN-25. Assigned owner: Security Officer. Include functional checks, log review, and required remedial actions if deviations are found.",2025-06-15,4.0,614,550.0,2025-05-18 20:35:00,2025-06-08 01:35:00,true,Security Maintenance,Loading Bay - HN-25,Security Operations,Security Officer,,Loading-Bay-Camera-HN-25,Tuan Hoang,2025-06-08 01:35:00,false,Work order closed after verification by the site operations team.,Alpha Secure Systems,2025-05-18 20:35:00
Inspect backhaul alignment and RSSI stability - Microwave-Radio-HN-25,DONE,URGENT,"Inspect backhaul alignment and rssi stability for Ceragon IP-20C Microwave Radio installed at Roof - HN-25. Assigned owner: Field Technician. Include functional checks, log review, and required remedial actions if deviations are found.",2025-06-24,4.0,615,600.0,2025-06-09 11:10:00,2025-06-23 18:10:00,false,Network Maintenance,Roof - HN-25,Cellular Maintenance,Field Technician,,Microwave-Radio-HN-25,Tien Bui,2025-06-23 18:10:00,true,Inspection completed and no critical issues were found.,,2025-06-09 11:10:00
Inspect and clean fiber terminations - Fiber-Patch-Panel-HN-25,DONE,LOW,"Inspect and clean fiber terminations for Corning EDGE Fiber Patch Panel installed at IDF Room 1 - HN-25. Assigned owner: Cabling Technician. Include functional checks, log review, and required remedial actions if deviations are found.",2025-11-27,2.0,616,325.0,2025-11-04 12:04:00,2025-11-12 14:04:00,false,Preventive Maintenance,IDF Room 1 - HN-25,Infrastructure,Cabling Technician,,Fiber-Patch-Panel-HN-25,Phong Le,2025-11-12 14:04:00,false,Task completed successfully. Asset is operating within expected thresholds.,,2025-11-04 12:04:00
Verify edge switch firmware and uplink stability - Edge-Switch-HN-25,OPEN,MEDIUM,"Verify edge switch firmware and uplink stability for Cisco Catalyst 9300 Edge Switch installed at IDF Room 2 - HN-25. Assigned owner: Network Engineer. Include functional checks, log review, and required remedial actions if deviations are found.",2025-09-09,6.0,617,450.0,2025-05-23 18:03:00,2025-05-25 12:03:00,false,Network Maintenance,IDF Room 2 - HN-25,Network Operations,Network Engineer,,Edge-Switch-HN-25,,,false,,,2025-05-23 18:03:00
Optimize antenna alignment and sector KPIs - 5G-Antenna-HN-25,DONE,MEDIUM,"Optimize antenna alignment and sector kpis for Ericsson AIR 6488 Massive MIMO Antenna installed at Telecom Mast - HN-25. Assigned owner: Field Technician. Include functional checks, log review, and required remedial actions if deviations are found.",2025-04-08,3.0,618,262.5,2025-04-04 01:47:00,2025-04-08 01:47:00,false,Cellular Maintenance,Telecom Mast - HN-25,Cellular Maintenance,Field Technician,,5G-Antenna-HN-25,Son Pham,2025-04-08 01:47:00,true,Sector alignment improved signal quality and throughput remained stable after tuning.,,2025-04-04 01:47:00
Review baseband alarms and software health - Baseband-Unit-HN-25,DONE,MEDIUM,"Review baseband alarms and software health for Nokia AirScale Baseband Unit installed at Base Station - HN-25. Assigned owner: Field Technician. Include functional checks, log review, and required remedial actions if deviations are found.",2025-04-01,2.0,619,200.0,2025-03-28 20:46:00,2025-04-01 00:46:00,false,Cellular Maintenance,Base Station - HN-25,Cellular Maintenance,Field Technician,,Baseband-Unit-HN-25,Tien Bui,2025-04-01 00:46:00,true,Maintenance completed successfully. Performance is stable after service.,,2025-03-28 20:46:00
Inspect RRU connectors and weather sealing - Radio-Unit-HN-25,IN_PROGRESS,HIGH,"Inspect rru connectors and weather sealing for Ericsson Radio 4422 Remote Radio Unit installed at Antenna Array - HN-25. Assigned owner: Field Technician. Include functional checks, log review, and required remedial actions if deviations are found.",2026-02-21,3.0,620,337.5,2026-01-27 12:08:00,2026-01-29 09:08:00,true,Cellular Maintenance,Antenna Array - HN-25,Cellular Maintenance,Field Technician,,Radio-Unit-HN-25,,,false,,,2026-01-27 12:08:00
Validate gateway sensor polling and packet delivery - Sensor-Gateway-HN-25,IN_PROGRESS,URGENT,"Validate gateway sensor polling and packet delivery for Advantech WISE-6610 IoT Gateway installed at Storage Room - HN-25. Assigned owner: Facilities Supervisor. Include functional checks, log review, and required remedial actions if deviations are found.",2025-10-23,3.0,621,375.0,2025-07-15 03:17:00,2025-07-17 01:17:00,true,Preventive Maintenance,Storage Room - HN-25,Facilities,Facilities Supervisor,,Sensor-Gateway-HN-25,,,false,,,2025-07-15 03:17:00
Tune wireless controller profiles and client balancing - WiFi-Controller-HN-25,IN_PROGRESS,MEDIUM,"Tune wireless controller profiles and client balancing for Cisco Catalyst 9800-L Wireless Controller installed at Office Floor 1 - HN-25. Assigned owner: Network Engineer. Include functional checks, log review, and required remedial actions if deviations are found.",2025-08-20,8.0,622,1100.0,2025-05-24 05:19:00,2025-05-26 04:19:00,false,Network Maintenance,Office Floor 1 - HN-25,Network Operations,Network Engineer,,WiFi-Controller-HN-25,,,false,,,2025-05-24 05:19:00
Validate AP channel plan and client coverage - Access-Point-HN-25,DONE,LOW,"Validate ap channel plan and client coverage for Aruba AP-515 Wireless Access Point installed at Office Floor 2 - HN-25. Assigned owner: Network Engineer. Include functional checks, log review, and required remedial actions if deviations are found.",2026-03-12,4.0,623,600.0,2026-03-09 20:29:00,2026-03-12 20:29:00,false,Network Maintenance,Office Floor 2 - HN-25,Network Operations,Network Engineer,,Access-Point-HN-25,Minh Tran,2026-03-12 20:29:00,false,Work order closed after verification by the site operations team.,,2026-03-09 20:29:00
Review GPU thermals and update AI server firmware - AI-Analytics-Server-HN-25,DONE,LOW,"Review gpu thermals and update ai server firmware for NVIDIA DGX A100 AI Analytics Server installed at Lab A - HN-25. Assigned owner: AI Specialist. Include functional checks, log review, and required remedial actions if deviations are found.",2025-10-18,3.0,624,487.5,2025-10-16 00:14:00,2025-10-18 00:14:00,false,Server Maintenance,Lab A - HN-25,AI Operations,AI Specialist,,AI-Analytics-Server-HN-25,Quang Pham,2025-10-18 00:14:00,false,GPU temperatures normalized after maintenance and all accelerators passed diagnostics.,,2025-10-16 00:14:00
Verify monitoring appliance calibration and alerting - Monitoring-Appliance-HN-25,DONE,HIGH,"Verify monitoring appliance calibration and alerting for Fluke OptiView XG Network Monitoring Appliance installed at Workshop - HN-25. Assigned owner: Network Engineer. Include functional checks, log review, and required remedial actions if deviations are found.",2025-04-24,1.0,625,75.0,2025-04-04 06:17:00,2025-04-05 14:17:00,false,Calibration,Workshop - HN-25,Network Operations,Network Engineer,,Monitoring-Appliance-HN-25,Tuan Vo,2025-04-05 14:17:00,false,Work order closed after verification by the site operations team.,,2025-04-04 06:17:00
Calibrate monitoring thresholds - Monitoring-System-HN-26,DONE,HIGH,"Calibrate monitoring thresholds for SolarWinds Hybrid Cloud Observability Appliance installed at Infrastructure Site - HN-26. Assigned owner: Network Engineer. Include functional checks, log review, and required remedial actions if deviations are found.",2025-07-26,4.0,626,350.0,2025-07-04 22:28:00,2025-07-10 06:28:00,true,Calibration,Infrastructure Site - HN-26,Network Operations,Network Engineer,,Monitoring-System-HN-26,Nam Le,2025-07-10 06:28:00,true,Maintenance completed successfully. Performance is stable after service.,,2025-07-04 22:28:00
Quarterly preventive maintenance on core router - Core-Router-HN-26,DONE,URGENT,"Quarterly preventive maintenance on core router for Cisco ASR 9904 Core Router installed at Network Operations Center (NOC) - HN-26. Assigned owner: Network Engineer. Include functional checks, log review, and required remedial actions if deviations are found.",2025-11-24,4.0,627,400.0,2025-10-30 01:15:00,2025-11-09 04:15:00,true,Network Maintenance,Network Operations Center (NOC) - HN-26,Network Operations,Network Engineer,,Core-Router-HN-26,Bao Nguyen,2025-11-09 04:15:00,false,Maintenance completed successfully. Router performance and routing tables are stable.,,2025-10-30 01:15:00
Review VMS storage health and recording retention - Security-VMS-Server-HN-26,OPEN,URGENT,"Review vms storage health and recording retention for Milestone Husky IVO 350R Video Management Server installed at Security Operations Center (SOC) - HN-26. Assigned owner: Security Officer. Include functional checks, log review, and required remedial actions if deviations are found.",2025-09-25,4.0,628,450.0,2025-06-26 15:19:00,2025-06-28 20:19:00,false,Security Maintenance,Security Operations Center (SOC) - HN-26,Security Operations,Security Officer,,Security-VMS-Server-HN-26,,,false,,,2025-06-26 15:19:00
Patch hypervisor host and validate cluster health - Virtualization-Host-HN-26,IN_PROGRESS,MEDIUM,"Patch hypervisor host and validate cluster health for Dell PowerEdge R750 Virtualization Host installed at Server Room A - HN-26. Assigned owner: System Administrator. Include functional checks, log review, and required remedial actions if deviations are found.",2026-01-02,6.0,629,750.0,2025-12-27 08:35:00,2025-12-29 14:35:00,false,Server Maintenance,Server Room A - HN-26,Server Operations,System Administrator,,Virtualization-Host-HN-26,,,false,,,2025-12-27 08:35:00
Inspect storage array alerts and firmware status - Storage-Array-HN-26,DONE,URGENT,"Inspect storage array alerts and firmware status for NetApp AFF A250 Storage Array installed at Server Room B - HN-26. Assigned owner: Storage Administrator. Include functional checks, log review, and required remedial actions if deviations are found.",2025-06-17,4.0,630,550.0,2025-06-01 11:38:00,2025-06-15 17:38:00,false,Server Maintenance,Server Room B - HN-26,Server Operations,Storage Administrator,,Storage-Array-HN-26,Trang Pham,2025-06-15 17:38:00,false,Inspection completed and no critical issues were found.,,2025-06-01 11:38:00
Validate switch port configuration and error counters - Access-Switch-HN-26,DONE,MEDIUM,"Validate switch port configuration and error counters for Juniper EX4300 Access Switch installed at Network Closet - HN-26. Assigned owner: Network Engineer. Include functional checks, log review, and required remedial actions if deviations are found.",2025-12-21,6.0,631,900.0,2025-12-18 15:51:00,2025-12-21 15:51:00,false,Network Maintenance,Network Closet - HN-26,Network Operations,Network Engineer,,Access-Switch-HN-26,Quoc Pham,2025-12-21 15:51:00,false,Maintenance completed successfully. Performance is stable after service.,,2025-12-18 15:51:00
Update access control firmware and credential sync - Access-Control-Panel-HN-26,ON_HOLD,LOW,"Update access control firmware and credential sync for Paxton Net2 Plus Access Control Panel installed at Access Control Room - HN-26. Assigned owner: Security Officer. Include functional checks, log review, and required remedial actions if deviations are found.",2026-04-16,6.0,632,975.0,2025-12-02 17:02:00,2025-12-05 02:02:00,false,Security Maintenance,Access Control Room - HN-26,Security Operations,Security Officer,,Access-Control-Panel-HN-26,,,false,,,2025-12-02 17:02:00
Inspect NVR recording capacity and camera retention - NVR-HN-26,DONE,HIGH,"Inspect nvr recording capacity and camera retention for Hikvision DS-9632NI-M8 Network Video Recorder installed at Video Surveillance Room - HN-26. Assigned owner: Security Officer. Include functional checks, log review, and required remedial actions if deviations are found.",2025-05-08,3.0,633,225.0,2025-05-02 09:21:00,2025-05-08 09:21:00,true,Security Maintenance,Video Surveillance Room - HN-26,Security Operations,Security Officer,,NVR-HN-26,Tuan Hoang,2025-05-08 09:21:00,false,Inspection completed and no critical issues were found.,,2025-05-02 09:21:00
Perform UPS battery health check and load test - UPS-HN-26,DONE,HIGH,"Perform ups battery health check and load test for APC Smart-UPS SRT 3000VA installed at UPS Room - HN-26. Assigned owner: Electrician. Include functional checks, log review, and required remedial actions if deviations are found.",2026-03-16,2.0,634,175.0,2026-02-17 10:52:00,2026-02-18 11:52:00,true,Power Maintenance,UPS Room - HN-26,Facilities,Electrician,,UPS-HN-26,Tien Nguyen,2026-02-18 11:52:00,false,UPS battery strings passed the load test and runtime remained within target.,,2026-02-17 10:52:00
Test ATS failover sequence - ATS-Panel-HN-26,OPEN,LOW,"Test ats failover sequence for Schneider EasyPact Automatic Transfer Switch installed at Electrical Room - HN-26. Assigned owner: Electrician. Include functional checks, log review, and required remedial actions if deviations are found.",2025-12-31,3.0,635,300.0,2025-10-05 09:18:00,2025-10-07 21:18:00,false,Power Maintenance,Electrical Room - HN-26,Facilities,Electrician,,ATS-Panel-HN-26,,,false,,,2025-10-05 09:18:00
Replace filters and inspect cooling performance - CRAC-Unit-HN-26,IN_PROGRESS,HIGH,"Replace filters and inspect cooling performance for Vertiv Liebert PDX Precision Cooling Unit installed at HVAC Plant - HN-26. Assigned owner: HVAC Technician. Include functional checks, log review, and required remedial actions if deviations are found.",2025-12-06,2.0,636,225.0,2025-09-21 08:20:00,2025-09-23 21:20:00,false,Preventive Maintenance,HVAC Plant - HN-26,Facilities,HVAC Technician,,CRAC-Unit-HN-26,,,false,,,2025-09-21 08:20:00
Monthly backup generator test run - Generator-HN-26,DONE,LOW,"Monthly backup generator test run for Cummins C275D5 Backup Generator installed at Generator Yard - HN-26. Assigned owner: Electrician. Include functional checks, log review, and required remedial actions if deviations are found.",2025-12-09,8.0,637,1000.0,2025-11-15 12:59:00,2025-11-23 14:59:00,false,Power Maintenance,Generator Yard - HN-26,Facilities,Electrician,,Generator-HN-26,Phong Pham,2025-11-23 14:59:00,false,Inspection completed and no critical issues were found.,,2025-11-15 12:59:00
Clean and validate visitor kiosk peripherals - Visitor-Kiosk-HN-26,ON_HOLD,MEDIUM,"Clean and validate visitor kiosk peripherals for ZKTeco SpeedFace-V5L Visitor Kiosk installed at Reception - HN-26. Assigned owner: Security Officer. Include functional checks, log review, and required remedial actions if deviations are found.",2026-03-11,1.0,638,137.5,2025-10-24 05:24:00,2025-10-26 20:24:00,false,Preventive Maintenance,Reception - HN-26,Security Operations,Security Officer,,Visitor-Kiosk-HN-26,,,false,,,2025-10-24 05:24:00
Clean camera lens and verify image quality - Loading-Bay-Camera-HN-26,DONE,HIGH,"Clean camera lens and verify image quality for Hikvision DS-2CD2686G2 Bullet Camera installed at Loading Bay - HN-26. Assigned owner: Security Officer. Include functional checks, log review, and required remedial actions if deviations are found.",2025-12-26,4.0,639,600.0,2025-12-14 18:53:00,2025-12-17 21:53:00,false,Security Maintenance,Loading Bay - HN-26,Security Operations,Security Officer,,Loading-Bay-Camera-HN-26,Vy Do,2025-12-17 21:53:00,false,Inspection completed and no critical issues were found.,,2025-12-14 18:53:00
Inspect backhaul alignment and RSSI stability - Microwave-Radio-HN-26,OPEN,URGENT,"Inspect backhaul alignment and rssi stability for Ceragon IP-20C Microwave Radio installed at Roof - HN-26. Assigned owner: Field Technician. Include functional checks, log review, and required remedial actions if deviations are found.",2025-05-18,4.0,640,650.0,2025-03-28 12:39:00,2025-03-31 05:39:00,false,Network Maintenance,Roof - HN-26,Cellular Maintenance,Field Technician,,Microwave-Radio-HN-26,,,false,,,2025-03-28 12:39:00
Inspect and clean fiber terminations - Fiber-Patch-Panel-HN-26,IN_PROGRESS,URGENT,"Inspect and clean fiber terminations for Corning EDGE Fiber Patch Panel installed at IDF Room 1 - HN-26. Assigned owner: Cabling Technician. Include functional checks, log review, and required remedial actions if deviations are found.",2026-03-05,4.0,641,300.0,2025-11-21 19:12:00,2025-11-24 13:12:00,false,Preventive Maintenance,IDF Room 1 - HN-26,Infrastructure,Cabling Technician,,Fiber-Patch-Panel-HN-26,,,false,,,2025-11-21 19:12:00
Verify edge switch firmware and uplink stability - Edge-Switch-HN-26,IN_PROGRESS,HIGH,"Verify edge switch firmware and uplink stability for Cisco Catalyst 9300 Edge Switch installed at IDF Room 2 - HN-26. Assigned owner: Network Engineer. Include functional checks, log review, and required remedial actions if deviations are found.",2025-10-30,4.0,642,350.0,2025-07-05 19:37:00,2025-07-08 14:37:00,true,Network Maintenance,IDF Room 2 - HN-26,Network Operations,Network Engineer,,Edge-Switch-HN-26,,,false,,,2025-07-05 19:37:00
Optimize antenna alignment and sector KPIs - 5G-Antenna-HN-26,DONE,HIGH,"Optimize antenna alignment and sector kpis for Ericsson AIR 6488 Massive MIMO Antenna installed at Telecom Mast - HN-26. Assigned owner: Field Technician. Include functional checks, log review, and required remedial actions if deviations are found.",2025-05-07,1.0,643,100.0,2025-04-12 19:29:00,2025-04-23 02:29:00,false,Cellular Maintenance,Telecom Mast - HN-26,Cellular Maintenance,Field Technician,,5G-Antenna-HN-26,Hieu Do,2025-04-23 02:29:00,true,Sector alignment improved signal quality and throughput remained stable after tuning.,,2025-04-12 19:29:00
Review baseband alarms and software health - Baseband-Unit-HN-26,IN_PROGRESS,HIGH,"Review baseband alarms and software health for Nokia AirScale Baseband Unit installed at Base Station - HN-26. Assigned owner: Field Technician. Include functional checks, log review, and required remedial actions if deviations are found.",2025-09-29,6.0,644,675.0,2025-07-30 06:27:00,2025-08-02 03:27:00,false,Cellular Maintenance,Base Station - HN-26,Cellular Maintenance,Field Technician,,Baseband-Unit-HN-26,,,false,,,2025-07-30 06:27:00
Inspect RRU connectors and weather sealing - Radio-Unit-HN-26,DONE,MEDIUM,"Inspect rru connectors and weather sealing for Ericsson Radio 4422 Remote Radio Unit installed at Antenna Array - HN-26. Assigned owner: Field Technician. Include functional checks, log review, and required remedial actions if deviations are found.",2025-09-04,2.0,645,250.0,2025-08-08 02:10:00,2025-08-19 11:10:00,false,Cellular Maintenance,Antenna Array - HN-26,Cellular Maintenance,Field Technician,,Radio-Unit-HN-26,Son Pham,2025-08-19 11:10:00,false,Task completed successfully. Asset is operating within expected thresholds.,,2025-08-08 02:10:00
Validate gateway sensor polling and packet delivery - Sensor-Gateway-HN-26,OPEN,MEDIUM,"Validate gateway sensor polling and packet delivery for Advantech WISE-6610 IoT Gateway installed at Storage Room - HN-26. Assigned owner: Facilities Supervisor. Include functional checks, log review, and required remedial actions if deviations are found.",2025-07-24,3.0,646,412.5,2025-05-18 21:31:00,2025-05-21 20:31:00,false,Preventive Maintenance,Storage Room - HN-26,Facilities,Facilities Supervisor,,Sensor-Gateway-HN-26,,,false,,,2025-05-18 21:31:00
Tune wireless controller profiles and client balancing - WiFi-Controller-HN-26,DONE,HIGH,"Tune wireless controller profiles and client balancing for Cisco Catalyst 9800-L Wireless Controller installed at Office Floor 1 - HN-26. Assigned owner: Network Engineer. Include functional checks, log review, and required remedial actions if deviations are found.",2025-10-13,2.0,647,300.0,2025-09-23 07:12:00,2025-10-08 13:12:00,false,Network Maintenance,Office Floor 1 - HN-26,Network Operations,Network Engineer,,WiFi-Controller-HN-26,Minh Tran,2025-10-08 13:12:00,false,Task completed successfully. Asset is operating within expected thresholds.,,2025-09-23 07:12:00
Validate AP channel plan and client coverage - Access-Point-HN-26,DONE,LOW,"Validate ap channel plan and client coverage for Aruba AP-515 Wireless Access Point installed at Office Floor 2 - HN-26. Assigned owner: Network Engineer. Include functional checks, log review, and required remedial actions if deviations are found.",2025-03-07,2.0,648,325.0,2025-03-05 08:51:00,2025-03-07 08:51:00,false,Network Maintenance,Office Floor 2 - HN-26,Network Operations,Network Engineer,,Access-Point-HN-26,Tuan Vo,2025-03-07 08:51:00,true,Task completed successfully. Asset is operating within expected thresholds.,,2025-03-05 08:51:00
Review GPU thermals and update AI server firmware - AI-Analytics-Server-HN-26,ON_HOLD,HIGH,"Review gpu thermals and update ai server firmware for NVIDIA DGX A100 AI Analytics Server installed at Lab A - HN-26. Assigned owner: AI Specialist. Include functional checks, log review, and required remedial actions if deviations are found.",2025-10-14,2.0,649,150.0,2025-06-03 13:56:00,2025-06-03 15:56:00,true,Server Maintenance,Lab A - HN-26,AI Operations,AI Specialist,,AI-Analytics-Server-HN-26,,,false,,,2025-06-03 13:56:00
Verify monitoring appliance calibration and alerting - Monitoring-Appliance-HN-26,OPEN,LOW,"Verify monitoring appliance calibration and alerting for Fluke OptiView XG Network Monitoring Appliance installed at Workshop - HN-26. Assigned owner: Network Engineer. Include functional checks, log review, and required remedial actions if deviations are found.",2026-02-09,3.0,650,262.5,2026-01-30 14:03:00,2026-01-30 17:03:00,false,Calibration,Workshop - HN-26,Network Operations,Network Engineer,,Monitoring-Appliance-HN-26,,,false,,,2026-01-30 14:03:00
Calibrate monitoring thresholds - Monitoring-System-HCM-27,OPEN,HIGH,"Calibrate monitoring thresholds for SolarWinds Hybrid Cloud Observability Appliance installed at Infrastructure Site - HCM-27. Assigned owner: Network Engineer. Include functional checks, log review, and required remedial actions if deviations are found.",2025-06-17,2.0,651,200.0,2025-04-07 15:43:00,2025-04-07 19:43:00,false,Calibration,Infrastructure Site - HCM-27,Network Operations,Network Engineer,,Monitoring-System-HCM-27,,,false,,,2025-04-07 15:43:00
Quarterly preventive maintenance on core router - Core-Router-HCM-27,IN_PROGRESS,MEDIUM,"Quarterly preventive maintenance on core router for Cisco ASR 9904 Core Router installed at Network Operations Center (NOC) - HCM-27. Assigned owner: Network Engineer. Include functional checks, log review, and required remedial actions if deviations are found.",2026-02-09,6.0,652,675.0,2025-11-17 13:29:00,2025-11-17 18:29:00,false,Network Maintenance,Network Operations Center (NOC) - HCM-27,Network Operations,Network Engineer,,Core-Router-HCM-27,,,false,,,2025-11-17 13:29:00
Review VMS storage health and recording retention - Security-VMS-Server-HCM-27,OPEN,MEDIUM,"Review vms storage health and recording retention for Milestone Husky IVO 350R Video Management Server installed at Security Operations Center (SOC) - HCM-27. Assigned owner: Security Officer. Include functional checks, log review, and required remedial actions if deviations are found.",2025-10-20,1.0,653,125.0,2025-07-15 19:26:00,2025-07-16 01:26:00,false,Security Maintenance,Security Operations Center (SOC) - HCM-27,Security Operations,Security Officer,,Security-VMS-Server-HCM-27,,,false,,,2025-07-15 19:26:00
Patch hypervisor host and validate cluster health - Virtualization-Host-HCM-27,DONE,LOW,"Patch hypervisor host and validate cluster health for Dell PowerEdge R750 Virtualization Host installed at Server Room A - HCM-27. Assigned owner: System Administrator. Include functional checks, log review, and required remedial actions if deviations are found.",2025-12-03,8.0,654,1100.0,2025-12-01 09:32:00,2025-12-03 09:32:00,false,Server Maintenance,Server Room A - HCM-27,Server Operations,System Administrator,,Virtualization-Host-HCM-27,Phuong Nguyen,2025-12-03 09:32:00,false,Corrective action implemented and follow-up checks were satisfactory.,,2025-12-01 09:32:00
Inspect storage array alerts and firmware status - Storage-Array-HCM-27,DONE,MEDIUM,"Inspect storage array alerts and firmware status for NetApp AFF A250 Storage Array installed at Server Room B - HCM-27. Assigned owner: Storage Administrator. Include functional checks, log review, and required remedial actions if deviations are found.",2026-04-01,8.0,655,1200.0,2026-03-19 10:40:00,2026-04-01 10:40:00,false,Server Maintenance,Server Room B - HCM-27,Server Operations,Storage Administrator,,Storage-Array-HCM-27,Nhat Le,2026-04-01 10:40:00,false,Work order closed after verification by the site operations team.,,2026-03-19 10:40:00
Validate switch port configuration and error counters - Access-Switch-HCM-27,OPEN,MEDIUM,"Validate switch port configuration and error counters for Juniper EX4300 Access Switch installed at Network Closet - HCM-27. Assigned owner: Network Engineer. Include functional checks, log review, and required remedial actions if deviations are found.",2025-09-10,4.0,656,650.0,2025-05-29 03:10:00,2025-05-29 12:10:00,false,Network Maintenance,Network Closet - HCM-27,Network Operations,Network Engineer,,Access-Switch-HCM-27,,,false,,,2025-05-29 03:10:00
Update access control firmware and credential sync - Access-Control-Panel-HCM-27,ON_HOLD,URGENT,"Update access control firmware and credential sync for Paxton Net2 Plus Access Control Panel installed at Access Control Room - HCM-27. Assigned owner: Security Officer. Include functional checks, log review, and required remedial actions if deviations are found.",2026-03-09,6.0,657,450.0,2025-12-27 10:34:00,2025-12-27 20:34:00,false,Security Maintenance,Access Control Room - HCM-27,Security Operations,Security Officer,,Access-Control-Panel-HCM-27,,,false,,,2025-12-27 10:34:00
Inspect NVR recording capacity and camera retention - NVR-HCM-27,DONE,LOW,"Inspect nvr recording capacity and camera retention for Hikvision DS-9632NI-M8 Network Video Recorder installed at Video Surveillance Room - HCM-27. Assigned owner: Security Officer. Include functional checks, log review, and required remedial actions if deviations are found.",2025-10-18,2.0,658,175.0,2025-10-12 09:19:00,2025-10-18 09:19:00,false,Security Maintenance,Video Surveillance Room - HCM-27,Security Operations,Security Officer,,NVR-HCM-27,An Nguyen,2025-10-18 09:19:00,false,Inspection completed and no critical issues were found.,,2025-10-12 09:19:00
Perform UPS battery health check and load test - UPS-HCM-27,ON_HOLD,LOW,"Perform ups battery health check and load test for APC Smart-UPS SRT 3000VA installed at UPS Room - HCM-27. Assigned owner: Electrician. Include functional checks, log review, and required remedial actions if deviations are found.",2026-01-09,2.0,659,200.0,2025-09-20 08:00:00,2025-09-20 20:00:00,false,Power Maintenance,UPS Room - HCM-27,Facilities,Electrician,,UPS-HCM-27,,,false,,,2025-09-20 08:00:00
Test ATS failover sequence - ATS-Panel-HCM-27,DONE,MEDIUM,"Test ats failover sequence for Schneider EasyPact Automatic Transfer Switch installed at Electrical Room - HCM-27. Assigned owner: Electrician. Include functional checks, log review, and required remedial actions if deviations are found.",2026-02-10,2.0,660,225.0,2026-01-24 00:35:00,2026-01-26 06:35:00,false,Power Maintenance,Electrical Room - HCM-27,Facilities,Electrician,,ATS-Panel-HCM-27,Dat Le,2026-01-26 06:35:00,false,Task completed successfully. Asset is operating within expected thresholds.,,2026-01-24 00:35:00
Replace filters and inspect cooling performance - CRAC-Unit-HCM-27,DONE,LOW,"Replace filters and inspect cooling performance for Vertiv Liebert PDX Precision Cooling Unit installed at HVAC Plant - HCM-27. Assigned owner: HVAC Technician. Include functional checks, log review, and required remedial actions if deviations are found.",2025-09-10,8.0,661,1000.0,2025-08-14 01:21:00,2025-08-15 06:21:00,false,Preventive Maintenance,HVAC Plant - HCM-27,Facilities,HVAC Technician,,CRAC-Unit-HCM-27,Son Nguyen,2025-08-15 06:21:00,false,Maintenance completed successfully. Performance is stable after service.,Danang Engineering Works,2025-08-14 01:21:00
Monthly backup generator test run - Generator-HCM-27,ON_HOLD,HIGH,"Monthly backup generator test run for Cummins C275D5 Backup Generator installed at Generator Yard - HCM-27. Assigned owner: Electrician. Include functional checks, log review, and required remedial actions if deviations are found.",2025-07-17,4.0,662,550.0,2025-04-11 20:42:00,2025-04-12 11:42:00,false,Power Maintenance,Generator Yard - HCM-27,Facilities,Electrician,,Generator-HCM-27,,,false,,Danang Engineering Works,2025-04-11 20:42:00
Clean and validate visitor kiosk peripherals - Visitor-Kiosk-HCM-27,DONE,HIGH,"Clean and validate visitor kiosk peripherals for ZKTeco SpeedFace-V5L Visitor Kiosk installed at Reception - HCM-27. Assigned owner: Security Officer. Include functional checks, log review, and required remedial actions if deviations are found.",2025-07-28,8.0,663,1200.0,2025-07-01 15:36:00,2025-07-13 01:36:00,true,Preventive Maintenance,Reception - HCM-27,Security Operations,Security Officer,,Visitor-Kiosk-HCM-27,An Nguyen,2025-07-13 01:36:00,false,Inspection completed and no critical issues were found.,,2025-07-01 15:36:00
Clean camera lens and verify image quality - Loading-Bay-Camera-HCM-27,DONE,HIGH,"Clean camera lens and verify image quality for Hikvision DS-2CD2686G2 Bullet Camera installed at Loading Bay - HCM-27. Assigned owner: Security Officer. Include functional checks, log review, and required remedial actions if deviations are found.",2025-07-15,3.0,664,487.5,2025-06-28 03:30:00,2025-07-09 12:30:00,false,Security Maintenance,Loading Bay - HCM-27,Security Operations,Security Officer,,Loading-Bay-Camera-HCM-27,Tuan Hoang,2025-07-09 12:30:00,false,Work order closed after verification by the site operations team.,,2025-06-28 03:30:00
Inspect backhaul alignment and RSSI stability - Microwave-Radio-HCM-27,DONE,MEDIUM,"Inspect backhaul alignment and rssi stability for Ceragon IP-20C Microwave Radio installed at Roof - HCM-27. Assigned owner: Field Technician. Include functional checks, log review, and required remedial actions if deviations are found.",2025-12-30,4.0,665,300.0,2025-12-26 17:09:00,2025-12-30 17:09:00,false,Network Maintenance,Roof - HCM-27,Cellular Maintenance,Field Technician,,Microwave-Radio-HCM-27,Khoa Le,2025-12-30 17:09:00,false,Inspection completed and no critical issues were found.,,2025-12-26 17:09:00
Inspect and clean fiber terminations - Fiber-Patch-Panel-HCM-27,DONE,MEDIUM,"Inspect and clean fiber terminations for Corning EDGE Fiber Patch Panel installed at IDF Room 1 - HCM-27. Assigned owner: Cabling Technician. Include functional checks, log review, and required remedial actions if deviations are found.",2026-01-17,4.0,666,350.0,2026-01-04 07:16:00,2026-01-17 07:16:00,false,Preventive Maintenance,IDF Room 1 - HCM-27,Infrastructure,Cabling Technician,,Fiber-Patch-Panel-HCM-27,Loc Nguyen,2026-01-17 07:16:00,false,Corrective action implemented and follow-up checks were satisfactory.,,2026-01-04 07:16:00
Verify edge switch firmware and uplink stability - Edge-Switch-HCM-27,DONE,MEDIUM,"Verify edge switch firmware and uplink stability for Cisco Catalyst 9300 Edge Switch installed at IDF Room 2 - HCM-27. Assigned owner: Network Engineer. Include functional checks, log review, and required remedial actions if deviations are found.",2025-09-23,3.0,667,300.0,2025-09-02 08:31:00,2025-09-22 10:31:00,false,Network Maintenance,IDF Room 2 - HCM-27,Network Operations,Network Engineer,,Edge-Switch-HCM-27,Bao Nguyen,2025-09-22 10:31:00,false,Maintenance completed successfully. Performance is stable after service.,,2025-09-02 08:31:00
Optimize antenna alignment and sector KPIs - 5G-Antenna-HCM-27,IN_PROGRESS,MEDIUM,"Optimize antenna alignment and sector kpis for Ericsson AIR 6488 Massive MIMO Antenna installed at Telecom Mast - HCM-27. Assigned owner: Field Technician. Include functional checks, log review, and required remedial actions if deviations are found.",2025-10-21,1.0,668,112.5,2025-08-08 17:21:00,2025-08-09 14:21:00,false,Cellular Maintenance,Telecom Mast - HCM-27,Cellular Maintenance,Field Technician,,5G-Antenna-HCM-27,,,false,,,2025-08-08 17:21:00
Review baseband alarms and software health - Baseband-Unit-HCM-27,ON_HOLD,LOW,"Review baseband alarms and software health for Nokia AirScale Baseband Unit installed at Base Station - HCM-27. Assigned owner: Field Technician. Include functional checks, log review, and required remedial actions if deviations are found.",2026-03-30,2.0,669,250.0,2025-11-24 15:53:00,2025-11-25 13:53:00,false,Cellular Maintenance,Base Station - HCM-27,Cellular Maintenance,Field Technician,,Baseband-Unit-HCM-27,,,false,,,2025-11-24 15:53:00
Inspect RRU connectors and weather sealing - Radio-Unit-HCM-27,IN_PROGRESS,LOW,"Inspect rru connectors and weather sealing for Ericsson Radio 4422 Remote Radio Unit installed at Antenna Array - HCM-27. Assigned owner: Field Technician. Include functional checks, log review, and required remedial actions if deviations are found.",2026-01-08,4.0,670,550.0,2025-09-02 07:00:00,2025-09-03 06:00:00,false,Cellular Maintenance,Antenna Array - HCM-27,Cellular Maintenance,Field Technician,,Radio-Unit-HCM-27,,,false,,,2025-09-02 07:00:00
Validate gateway sensor polling and packet delivery - Sensor-Gateway-HCM-27,OPEN,URGENT,"Validate gateway sensor polling and packet delivery for Advantech WISE-6610 IoT Gateway installed at Storage Room - HCM-27. Assigned owner: Facilities Supervisor. Include functional checks, log review, and required remedial actions if deviations are found.",2025-11-15,4.0,671,600.0,2025-09-09 01:29:00,2025-09-10 01:29:00,true,Preventive Maintenance,Storage Room - HCM-27,Facilities,Facilities Supervisor,,Sensor-Gateway-HCM-27,,,false,,,2025-09-09 01:29:00
Tune wireless controller profiles and client balancing - WiFi-Controller-HCM-27,IN_PROGRESS,URGENT,"Tune wireless controller profiles and client balancing for Cisco Catalyst 9800-L Wireless Controller installed at Office Floor 1 - HCM-27. Assigned owner: Network Engineer. Include functional checks, log review, and required remedial actions if deviations are found.",2026-01-28,4.0,672,650.0,2025-12-04 15:11:00,2025-12-05 16:11:00,false,Network Maintenance,Office Floor 1 - HCM-27,Network Operations,Network Engineer,,WiFi-Controller-HCM-27,,,false,,,2025-12-04 15:11:00
Validate AP channel plan and client coverage - Access-Point-HCM-27,OPEN,LOW,"Validate ap channel plan and client coverage for Aruba AP-515 Wireless Access Point installed at Office Floor 2 - HCM-27. Assigned owner: Network Engineer. Include functional checks, log review, and required remedial actions if deviations are found.",2026-01-27,2.0,673,150.0,2026-01-22 02:43:00,2026-01-23 04:43:00,false,Network Maintenance,Office Floor 2 - HCM-27,Network Operations,Network Engineer,,Access-Point-HCM-27,,,false,,,2026-01-22 02:43:00
Review GPU thermals and update AI server firmware - AI-Analytics-Server-HCM-27,IN_PROGRESS,MEDIUM,"Review gpu thermals and update ai server firmware for NVIDIA DGX A100 AI Analytics Server installed at Lab A - HCM-27. Assigned owner: AI Specialist. Include functional checks, log review, and required remedial actions if deviations are found.",2026-01-11,2.0,674,175.0,2025-10-05 16:28:00,2025-10-06 19:28:00,false,Server Maintenance,Lab A - HCM-27,AI Operations,AI Specialist,,AI-Analytics-Server-HCM-27,,,false,,,2025-10-05 16:28:00
Verify monitoring appliance calibration and alerting - Monitoring-Appliance-HCM-27,DONE,HIGH,"Verify monitoring appliance calibration and alerting for Fluke OptiView XG Network Monitoring Appliance installed at Workshop - HCM-27. Assigned owner: Network Engineer. Include functional checks, log review, and required remedial actions if deviations are found.",2025-12-02,2.0,675,200.0,2025-11-04 21:47:00,2025-11-10 23:47:00,true,Calibration,Workshop - HCM-27,Network Operations,Network Engineer,,Monitoring-Appliance-HCM-27,Tuan Vo,2025-11-10 23:47:00,false,Maintenance completed successfully. Performance is stable after service.,,2025-11-04 21:47:00
Calibrate monitoring thresholds - Monitoring-System-HCM-28,DONE,LOW,"Calibrate monitoring thresholds for SolarWinds Hybrid Cloud Observability Appliance installed at Infrastructure Site - HCM-28. Assigned owner: Network Engineer. Include functional checks, log review, and required remedial actions if deviations are found.",2025-02-06,3.0,676,337.5,2025-01-20 03:35:00,2025-01-22 04:35:00,false,Calibration,Infrastructure Site - HCM-28,Network Operations,Network Engineer,,Monitoring-System-HCM-28,Bao Nguyen,2025-01-22 04:35:00,true,Inspection completed and no critical issues were found.,,2025-01-20 03:35:00
Quarterly preventive maintenance on core router - Core-Router-HCM-28,DONE,MEDIUM,"Quarterly preventive maintenance on core router for Cisco ASR 9904 Core Router installed at Network Operations Center (NOC) - HCM-28. Assigned owner: Network Engineer. Include functional checks, log review, and required remedial actions if deviations are found.",2025-09-11,6.0,677,750.0,2025-09-09 04:13:00,2025-09-11 04:13:00,false,Network Maintenance,Network Operations Center (NOC) - HCM-28,Network Operations,Network Engineer,,Core-Router-HCM-28,Bao Nguyen,2025-09-11 04:13:00,false,Maintenance completed successfully. Router performance and routing tables are stable.,,2025-09-09 04:13:00
Review VMS storage health and recording retention - Security-VMS-Server-HCM-28,IN_PROGRESS,LOW,"Review vms storage health and recording retention for Milestone Husky IVO 350R Video Management Server installed at Security Operations Center (SOC) - HCM-28. Assigned owner: Security Officer. Include functional checks, log review, and required remedial actions if deviations are found.",2026-03-12,1.0,678,137.5,2026-03-04 13:19:00,2026-03-05 20:19:00,false,Security Maintenance,Security Operations Center (SOC) - HCM-28,Security Operations,Security Officer,,Security-VMS-Server-HCM-28,,,false,,,2026-03-04 13:19:00
Patch hypervisor host and validate cluster health - Virtualization-Host-HCM-28,IN_PROGRESS,MEDIUM,"Patch hypervisor host and validate cluster health for Dell PowerEdge R750 Virtualization Host installed at Server Room A - HCM-28. Assigned owner: System Administrator. Include functional checks, log review, and required remedial actions if deviations are found.",2025-05-14,2.0,679,300.0,2025-03-04 23:00:00,2025-03-06 07:00:00,false,Server Maintenance,Server Room A - HCM-28,Server Operations,System Administrator,,Virtualization-Host-HCM-28,,,false,,,2025-03-04 23:00:00
Inspect storage array alerts and firmware status - Storage-Array-HCM-28,IN_PROGRESS,MEDIUM,"Inspect storage array alerts and firmware status for NetApp AFF A250 Storage Array installed at Server Room B - HCM-28. Assigned owner: Storage Administrator. Include functional checks, log review, and required remedial actions if deviations are found.",2025-10-08,6.0,680,975.0,2025-08-07 21:59:00,2025-08-09 06:59:00,false,Server Maintenance,Server Room B - HCM-28,Server Operations,Storage Administrator,,Storage-Array-HCM-28,,,false,,,2025-08-07 21:59:00
Validate switch port configuration and error counters - Access-Switch-HCM-28,IN_PROGRESS,LOW,"Validate switch port configuration and error counters for Juniper EX4300 Access Switch installed at Network Closet - HCM-28. Assigned owner: Network Engineer. Include functional checks, log review, and required remedial actions if deviations are found.",2026-03-05,1.0,681,75.0,2025-11-02 07:11:00,2025-11-03 17:11:00,false,Network Maintenance,Network Closet - HCM-28,Network Operations,Network Engineer,,Access-Switch-HCM-28,,,false,,,2025-11-02 07:11:00
Update access control firmware and credential sync - Access-Control-Panel-HCM-28,OPEN,MEDIUM,"Update access control firmware and credential sync for Paxton Net2 Plus Access Control Panel installed at Access Control Room - HCM-28. Assigned owner: Security Officer. Include functional checks, log review, and required remedial actions if deviations are found.",2025-05-23,3.0,682,262.5,2025-02-02 16:36:00,2025-02-04 03:36:00,false,Security Maintenance,Access Control Room - HCM-28,Security Operations,Security Officer,,Access-Control-Panel-HCM-28,,,false,,,2025-02-02 16:36:00
Inspect NVR recording capacity and camera retention - NVR-HCM-28,OPEN,MEDIUM,"Inspect nvr recording capacity and camera retention for Hikvision DS-9632NI-M8 Network Video Recorder installed at Video Surveillance Room - HCM-28. Assigned owner: Security Officer. Include functional checks, log review, and required remedial actions if deviations are found.",2025-11-14,3.0,683,300.0,2025-08-24 23:14:00,2025-08-26 11:14:00,false,Security Maintenance,Video Surveillance Room - HCM-28,Security Operations,Security Officer,,NVR-HCM-28,,,false,,,2025-08-24 23:14:00
Perform UPS battery health check and load test - UPS-HCM-28,IN_PROGRESS,HIGH,"Perform ups battery health check and load test for APC Smart-UPS SRT 3000VA installed at UPS Room - HCM-28. Assigned owner: Electrician. Include functional checks, log review, and required remedial actions if deviations are found.",2025-09-03,6.0,684,675.0,2025-05-21 20:34:00,2025-05-23 09:34:00,true,Power Maintenance,UPS Room - HCM-28,Facilities,Electrician,,UPS-HCM-28,,,false,,,2025-05-21 20:34:00
Test ATS failover sequence - ATS-Panel-HCM-28,DONE,HIGH,"Test ats failover sequence for Schneider EasyPact Automatic Transfer Switch installed at Electrical Room - HCM-28. Assigned owner: Electrician. Include functional checks, log review, and required remedial actions if deviations are found.",2025-08-14,3.0,685,375.0,2025-08-10 23:10:00,2025-08-12 09:10:00,false,Power Maintenance,Electrical Room - HCM-28,Facilities,Electrician,,ATS-Panel-HCM-28,Phong Pham,2025-08-12 09:10:00,true,Task completed successfully. Asset is operating within expected thresholds.,,2025-08-10 23:10:00
Replace filters and inspect cooling performance - CRAC-Unit-HCM-28,OPEN,URGENT,"Replace filters and inspect cooling performance for Vertiv Liebert PDX Precision Cooling Unit installed at HVAC Plant - HCM-28. Assigned owner: HVAC Technician. Include functional checks, log review, and required remedial actions if deviations are found.",2026-03-26,4.0,686,550.0,2026-03-18 14:21:00,2026-03-20 05:21:00,false,Preventive Maintenance,HVAC Plant - HCM-28,Facilities,HVAC Technician,,CRAC-Unit-HCM-28,,,false,,,2026-03-18 14:21:00
Monthly backup generator test run - Generator-HCM-28,DONE,HIGH,"Monthly backup generator test run for Cummins C275D5 Backup Generator installed at Generator Yard - HCM-28. Assigned owner: Electrician. Include functional checks, log review, and required remedial actions if deviations are found.",2025-08-26,4.0,687,600.0,2025-08-20 09:14:00,2025-08-26 09:14:00,true,Power Maintenance,Generator Yard - HCM-28,Facilities,Electrician,,Generator-HCM-28,Dat Le,2025-08-26 09:14:00,false,Task completed successfully. Asset is operating within expected thresholds.,,2025-08-20 09:14:00
Clean and validate visitor kiosk peripherals - Visitor-Kiosk-HCM-28,DONE,MEDIUM,"Clean and validate visitor kiosk peripherals for ZKTeco SpeedFace-V5L Visitor Kiosk installed at Reception - HCM-28. Assigned owner: Security Officer. Include functional checks, log review, and required remedial actions if deviations are found.",2025-07-12,4.0,688,650.0,2025-07-02 17:02:00,2025-07-04 03:02:00,false,Preventive Maintenance,Reception - HCM-28,Security Operations,Security Officer,,Visitor-Kiosk-HCM-28,An Nguyen,2025-07-04 03:02:00,true,Inspection completed and no critical issues were found.,,2025-07-02 17:02:00
Clean camera lens and verify image quality - Loading-Bay-Camera-HCM-28,DONE,MEDIUM,"Clean camera lens and verify image quality for Hikvision DS-2CD2686G2 Bullet Camera installed at Loading Bay - HCM-28. Assigned owner: Security Officer. Include functional checks, log review, and required remedial actions if deviations are found.",2025-02-06,6.0,689,450.0,2025-01-30 04:44:00,2025-02-06 04:44:00,false,Security Maintenance,Loading Bay - HCM-28,Security Operations,Security Officer,,Loading-Bay-Camera-HCM-28,Tuan Hoang,2025-02-06 04:44:00,false,Maintenance completed successfully. Performance is stable after service.,,2025-01-30 04:44:00
Inspect backhaul alignment and RSSI stability - Microwave-Radio-HCM-28,DONE,HIGH,"Inspect backhaul alignment and rssi stability for Ceragon IP-20C Microwave Radio installed at Roof - HCM-28. Assigned owner: Field Technician. Include functional checks, log review, and required remedial actions if deviations are found.",2025-01-29,3.0,690,262.5,2025-01-20 07:05:00,2025-01-21 08:05:00,false,Network Maintenance,Roof - HCM-28,Cellular Maintenance,Field Technician,,Microwave-Radio-HCM-28,Son Pham,2025-01-21 08:05:00,false,Work order closed after verification by the site operations team.,,2025-01-20 07:05:00
Inspect and clean fiber terminations - Fiber-Patch-Panel-HCM-28,OPEN,MEDIUM,"Inspect and clean fiber terminations for Corning EDGE Fiber Patch Panel installed at IDF Room 1 - HCM-28. Assigned owner: Cabling Technician. Include functional checks, log review, and required remedial actions if deviations are found.",2025-05-24,4.0,691,400.0,2025-02-07 01:38:00,2025-02-08 21:38:00,false,Preventive Maintenance,IDF Room 1 - HCM-28,Infrastructure,Cabling Technician,,Fiber-Patch-Panel-HCM-28,,,false,,,2025-02-07 01:38:00
Verify edge switch firmware and uplink stability - Edge-Switch-HCM-28,IN_PROGRESS,MEDIUM,"Verify edge switch firmware and uplink stability for Cisco Catalyst 9300 Edge Switch installed at IDF Room 2 - HCM-28. Assigned owner: Network Engineer. Include functional checks, log review, and required remedial actions if deviations are found.",2026-03-12,6.0,692,675.0,2026-03-05 07:49:00,2026-03-07 04:49:00,false,Network Maintenance,IDF Room 2 - HCM-28,Network Operations,Network Engineer,,Edge-Switch-HCM-28,,,false,,,2026-03-05 07:49:00
Optimize antenna alignment and sector KPIs - 5G-Antenna-HCM-28,DONE,LOW,"Optimize antenna alignment and sector kpis for Ericsson AIR 6488 Massive MIMO Antenna installed at Telecom Mast - HCM-28. Assigned owner: Field Technician. Include functional checks, log review, and required remedial actions if deviations are found.",2025-09-08,8.0,693,1000.0,2025-08-16 11:39:00,2025-09-03 18:39:00,false,Cellular Maintenance,Telecom Mast - HCM-28,Cellular Maintenance,Field Technician,,5G-Antenna-HCM-28,Tien Bui,2025-09-03 18:39:00,false,Sector alignment improved signal quality and throughput remained stable after tuning.,,2025-08-16 11:39:00
Review baseband alarms and software health - Baseband-Unit-HCM-28,IN_PROGRESS,MEDIUM,"Review baseband alarms and software health for Nokia AirScale Baseband Unit installed at Base Station - HCM-28. Assigned owner: Field Technician. Include functional checks, log review, and required remedial actions if deviations are found.",2025-08-11,8.0,694,1100.0,2025-04-18 05:49:00,2025-04-20 04:49:00,false,Cellular Maintenance,Base Station - HCM-28,Cellular Maintenance,Field Technician,,Baseband-Unit-HCM-28,,,false,,,2025-04-18 05:49:00
Inspect RRU connectors and weather sealing - Radio-Unit-HCM-28,DONE,MEDIUM,"Inspect rru connectors and weather sealing for Ericsson Radio 4422 Remote Radio Unit installed at Antenna Array - HCM-28. Assigned owner: Field Technician. Include functional checks, log review, and required remedial actions if deviations are found.",2025-05-20,2.0,695,300.0,2025-04-23 23:56:00,2025-05-13 02:56:00,false,Cellular Maintenance,Antenna Array - HCM-28,Cellular Maintenance,Field Technician,,Radio-Unit-HCM-28,Khoa Le,2025-05-13 02:56:00,false,Inspection completed and no critical issues were found.,,2025-04-23 23:56:00
Validate gateway sensor polling and packet delivery - Sensor-Gateway-HCM-28,DONE,URGENT,"Validate gateway sensor polling and packet delivery for Advantech WISE-6610 IoT Gateway installed at Storage Room - HCM-28. Assigned owner: Facilities Supervisor. Include functional checks, log review, and required remedial actions if deviations are found.",2025-04-18,2.0,696,325.0,2025-03-29 05:35:00,2025-04-16 08:35:00,true,Preventive Maintenance,Storage Room - HCM-28,Facilities,Facilities Supervisor,,Sensor-Gateway-HCM-28,Diem Nguyen,2025-04-16 08:35:00,false,Maintenance completed successfully. Performance is stable after service.,,2025-03-29 05:35:00
Tune wireless controller profiles and client balancing - WiFi-Controller-HCM-28,IN_PROGRESS,MEDIUM,"Tune wireless controller profiles and client balancing for Cisco Catalyst 9800-L Wireless Controller installed at Office Floor 1 - HCM-28. Assigned owner: Network Engineer. Include functional checks, log review, and required remedial actions if deviations are found.",2026-02-07,6.0,697,450.0,2025-10-18 07:13:00,2025-10-20 09:13:00,false,Network Maintenance,Office Floor 1 - HCM-28,Network Operations,Network Engineer,,WiFi-Controller-HCM-28,,,false,,,2025-10-18 07:13:00
Validate AP channel plan and client coverage - Access-Point-HCM-28,ON_HOLD,HIGH,"Validate ap channel plan and client coverage for Aruba AP-515 Wireless Access Point installed at Office Floor 2 - HCM-28. Assigned owner: Network Engineer. Include functional checks, log review, and required remedial actions if deviations are found.",2025-10-21,3.0,698,262.5,2025-06-25 17:29:00,2025-06-27 20:29:00,true,Network Maintenance,Office Floor 2 - HCM-28,Network Operations,Network Engineer,,Access-Point-HCM-28,,,false,,,2025-06-25 17:29:00
Review GPU thermals and update AI server firmware - AI-Analytics-Server-HCM-28,IN_PROGRESS,MEDIUM,"Review gpu thermals and update ai server firmware for NVIDIA DGX A100 AI Analytics Server installed at Lab A - HCM-28. Assigned owner: AI Specialist. Include functional checks, log review, and required remedial actions if deviations are found.",2025-11-17,2.0,699,200.0,2025-08-27 10:37:00,2025-08-29 14:37:00,false,Server Maintenance,Lab A - HCM-28,AI Operations,AI Specialist,,AI-Analytics-Server-HCM-28,,,false,,,2025-08-27 10:37:00
Verify monitoring appliance calibration and alerting - Monitoring-Appliance-HCM-28,OPEN,HIGH,"Verify monitoring appliance calibration and alerting for Fluke OptiView XG Network Monitoring Appliance installed at Workshop - HCM-28. Assigned owner: Network Engineer. Include functional checks, log review, and required remedial actions if deviations are found.",2025-07-08,6.0,700,675.0,2025-05-25 13:57:00,2025-05-27 18:57:00,false,Calibration,Workshop - HCM-28,Network Operations,Network Engineer,,Monitoring-Appliance-HCM-28,,,false,,,2025-05-25 13:57:00
Calibrate monitoring thresholds - Monitoring-System-DN-29,DONE,MEDIUM,"Calibrate monitoring thresholds for SolarWinds Hybrid Cloud Observability Appliance installed at Infrastructure Site - DN-29. Assigned owner: Network Engineer. Include functional checks, log review, and required remedial actions if deviations are found.",2025-07-05,1.0,701,125.0,2025-06-12 05:45:00,2025-06-28 06:45:00,false,Calibration,Infrastructure Site - DN-29,Network Operations,Network Engineer,,Monitoring-System-DN-29,Anh Hoang,2025-06-28 06:45:00,true,Maintenance completed successfully. Performance is stable after service.,,2025-06-12 05:45:00
Quarterly preventive maintenance on core router - Core-Router-DN-29,DONE,HIGH,"Quarterly preventive maintenance on core router for Cisco ASR 9904 Core Router installed at Network Operations Center (NOC) - DN-29. Assigned owner: Network Engineer. Include functional checks, log review, and required remedial actions if deviations are found.",2025-11-19,6.0,702,825.0,2025-10-26 09:43:00,2025-11-07 17:43:00,false,Network Maintenance,Network Operations Center (NOC) - DN-29,Network Operations,Network Engineer,,Core-Router-DN-29,Minh Tran,2025-11-07 17:43:00,false,Maintenance completed successfully. Router performance and routing tables are stable.,,2025-10-26 09:43:00
Review VMS storage health and recording retention - Security-VMS-Server-DN-29,DONE,MEDIUM,"Review vms storage health and recording retention for Milestone Husky IVO 350R Video Management Server installed at Security Operations Center (SOC) - DN-29. Assigned owner: Security Officer. Include functional checks, log review, and required remedial actions if deviations are found.",2025-03-18,2.0,703,300.0,2025-03-09 18:36:00,2025-03-14 02:36:00,false,Security Maintenance,Security Operations Center (SOC) - DN-29,Security Operations,Security Officer,,Security-VMS-Server-DN-29,Long Pham,2025-03-14 02:36:00,true,Maintenance completed successfully. Performance is stable after service.,,2025-03-09 18:36:00
Patch hypervisor host and validate cluster health - Virtualization-Host-DN-29,DONE,MEDIUM,"Patch hypervisor host and validate cluster health for Dell PowerEdge R750 Virtualization Host installed at Server Room A - DN-29. Assigned owner: System Administrator. Include functional checks, log review, and required remedial actions if deviations are found.",2025-09-06,8.0,704,1300.0,2025-08-29 23:20:00,2025-09-06 23:20:00,false,Server Maintenance,Server Room A - DN-29,Server Operations,System Administrator,,Virtualization-Host-DN-29,Linh Bui,2025-09-06 23:20:00,false,Task completed successfully. Asset is operating within expected thresholds.,,2025-08-29 23:20:00
Inspect storage array alerts and firmware status - Storage-Array-DN-29,ON_HOLD,URGENT,"Inspect storage array alerts and firmware status for NetApp AFF A250 Storage Array installed at Server Room B - DN-29. Assigned owner: Storage Administrator. Include functional checks, log review, and required remedial actions if deviations are found.",2025-05-21,2.0,705,150.0,2025-01-23 06:21:00,2025-01-25 16:21:00,true,Server Maintenance,Server Room B - DN-29,Server Operations,Storage Administrator,,Storage-Array-DN-29,,,false,,,2025-01-23 06:21:00
Validate switch port configuration and error counters - Access-Switch-DN-29,IN_PROGRESS,URGENT,"Validate switch port configuration and error counters for Juniper EX4300 Access Switch installed at Network Closet - DN-29. Assigned owner: Network Engineer. Include functional checks, log review, and required remedial actions if deviations are found.",2025-06-01,4.0,706,350.0,2025-02-08 04:06:00,2025-02-10 15:06:00,true,Network Maintenance,Network Closet - DN-29,Network Operations,Network Engineer,,Access-Switch-DN-29,,,false,,,2025-02-08 04:06:00
Update access control firmware and credential sync - Access-Control-Panel-DN-29,IN_PROGRESS,MEDIUM,"Update access control firmware and credential sync for Paxton Net2 Plus Access Control Panel installed at Access Control Room - DN-29. Assigned owner: Security Officer. Include functional checks, log review, and required remedial actions if deviations are found.",2025-10-21,6.0,707,600.0,2025-06-04 23:55:00,2025-06-07 11:55:00,false,Security Maintenance,Access Control Room - DN-29,Security Operations,Security Officer,,Access-Control-Panel-DN-29,,,false,,,2025-06-04 23:55:00
Inspect NVR recording capacity and camera retention - NVR-DN-29,DONE,MEDIUM,"Inspect nvr recording capacity and camera retention for Hikvision DS-9632NI-M8 Network Video Recorder installed at Video Surveillance Room - DN-29. Assigned owner: Security Officer. Include functional checks, log review, and required remedial actions if deviations are found.",2025-07-02,8.0,708,900.0,2025-06-23 20:54:00,2025-07-02 20:54:00,false,Security Maintenance,Video Surveillance Room - DN-29,Security Operations,Security Officer,,NVR-DN-29,Tuan Hoang,2025-07-02 20:54:00,true,Inspection completed and no critical issues were found.,,2025-06-23 20:54:00
Perform UPS battery health check and load test - UPS-DN-29,IN_PROGRESS,MEDIUM,"Perform ups battery health check and load test for APC Smart-UPS SRT 3000VA installed at UPS Room - DN-29. Assigned owner: Electrician. Include functional checks, log review, and required remedial actions if deviations are found.",2025-05-21,6.0,709,750.0,2025-01-19 17:23:00,2025-01-22 07:23:00,false,Power Maintenance,UPS Room - DN-29,Facilities,Electrician,,UPS-DN-29,,,false,,,2025-01-19 17:23:00
Test ATS failover sequence - ATS-Panel-DN-29,DONE,MEDIUM,"Test ats failover sequence for Schneider EasyPact Automatic Transfer Switch installed at Electrical Room - DN-29. Assigned owner: Electrician. Include functional checks, log review, and required remedial actions if deviations are found.",2025-01-31,6.0,710,825.0,2025-01-27 09:10:00,2025-01-31 09:10:00,false,Power Maintenance,Electrical Room - DN-29,Facilities,Electrician,,ATS-Panel-DN-29,Dat Le,2025-01-31 09:10:00,true,Inspection completed and no critical issues were found.,Metro Cabling Partners,2025-01-27 09:10:00
Replace filters and inspect cooling performance - CRAC-Unit-DN-29,ON_HOLD,HIGH,"Replace filters and inspect cooling performance for Vertiv Liebert PDX Precision Cooling Unit installed at HVAC Plant - DN-29. Assigned owner: HVAC Technician. Include functional checks, log review, and required remedial actions if deviations are found.",2025-09-26,4.0,711,600.0,2025-05-26 10:01:00,2025-05-29 02:01:00,true,Preventive Maintenance,HVAC Plant - DN-29,Facilities,HVAC Technician,,CRAC-Unit-DN-29,,,false,,HaNoi Cooling Services,2025-05-26 10:01:00
Monthly backup generator test run - Generator-DN-29,DONE,MEDIUM,"Monthly backup generator test run for Cummins C275D5 Backup Generator installed at Generator Yard - DN-29. Assigned owner: Electrician. Include functional checks, log review, and required remedial actions if deviations are found.",2025-04-27,6.0,712,975.0,2025-04-25 19:29:00,2025-04-27 19:29:00,false,Power Maintenance,Generator Yard - DN-29,Facilities,Electrician,,Generator-DN-29,Tien Nguyen,2025-04-27 19:29:00,true,Maintenance completed successfully. Performance is stable after service.,,2025-04-25 19:29:00
Clean and validate visitor kiosk peripherals - Visitor-Kiosk-DN-29,IN_PROGRESS,MEDIUM,"Clean and validate visitor kiosk peripherals for ZKTeco SpeedFace-V5L Visitor Kiosk installed at Reception - DN-29. Assigned owner: Security Officer. Include functional checks, log review, and required remedial actions if deviations are found.",2025-07-10,8.0,713,600.0,2025-04-17 19:01:00,2025-04-20 13:01:00,false,Preventive Maintenance,Reception - DN-29,Security Operations,Security Officer,,Visitor-Kiosk-DN-29,,,false,,,2025-04-17 19:01:00
Clean camera lens and verify image quality - Loading-Bay-Camera-DN-29,DONE,LOW,"Clean camera lens and verify image quality for Hikvision DS-2CD2686G2 Bullet Camera installed at Loading Bay - DN-29. Assigned owner: Security Officer. Include functional checks, log review, and required remedial actions if deviations are found.",2025-03-25,2.0,714,175.0,2025-03-19 06:22:00,2025-03-25 06:22:00,false,Security Maintenance,Loading Bay - DN-29,Security Operations,Security Officer,,Loading-Bay-Camera-DN-29,Tuan Hoang,2025-03-25 06:22:00,false,Task completed successfully. Asset is operating within expected thresholds.,,2025-03-19 06:22:00
Inspect backhaul alignment and RSSI stability - Microwave-Radio-DN-29,DONE,MEDIUM,"Inspect backhaul alignment and rssi stability for Ceragon IP-20C Microwave Radio installed at Roof - DN-29. Assigned owner: Field Technician. Include functional checks, log review, and required remedial actions if deviations are found.",2025-05-18,4.0,715,400.0,2025-05-09 06:50:00,2025-05-18 06:50:00,false,Network Maintenance,Roof - DN-29,Cellular Maintenance,Field Technician,,Microwave-Radio-DN-29,Hieu Do,2025-05-18 06:50:00,true,Work order closed after verification by the site operations team.,,2025-05-09 06:50:00
Inspect and clean fiber terminations - Fiber-Patch-Panel-DN-29,DONE,HIGH,"Inspect and clean fiber terminations for Corning EDGE Fiber Patch Panel installed at IDF Room 1 - DN-29. Assigned owner: Cabling Technician. Include functional checks, log review, and required remedial actions if deviations are found.",2025-06-15,6.0,716,675.0,2025-05-30 22:25:00,2025-06-08 01:25:00,false,Preventive Maintenance,IDF Room 1 - DN-29,Infrastructure,Cabling Technician,,Fiber-Patch-Panel-DN-29,Kiet Tran,2025-06-08 01:25:00,true,Corrective action implemented and follow-up checks were satisfactory.,,2025-05-30 22:25:00
Verify edge switch firmware and uplink stability - Edge-Switch-DN-29,IN_PROGRESS,MEDIUM,"Verify edge switch firmware and uplink stability for Cisco Catalyst 9300 Edge Switch installed at IDF Room 2 - DN-29. Assigned owner: Network Engineer. Include functional checks, log review, and required remedial actions if deviations are found.",2025-11-05,2.0,717,250.0,2025-07-07 18:54:00,2025-07-10 16:54:00,false,Network Maintenance,IDF Room 2 - DN-29,Network Operations,Network Engineer,,Edge-Switch-DN-29,,,false,,,2025-07-07 18:54:00
Optimize antenna alignment and sector KPIs - 5G-Antenna-DN-29,OPEN,HIGH,"Optimize antenna alignment and sector kpis for Ericsson AIR 6488 Massive MIMO Antenna installed at Telecom Mast - DN-29. Assigned owner: Field Technician. Include functional checks, log review, and required remedial actions if deviations are found.",2025-08-29,4.0,718,550.0,2025-04-24 09:30:00,2025-04-27 08:30:00,true,Cellular Maintenance,Telecom Mast - DN-29,Cellular Maintenance,Field Technician,,5G-Antenna-DN-29,,,false,,,2025-04-24 09:30:00
Review baseband alarms and software health - Baseband-Unit-DN-29,ON_HOLD,HIGH,"Review baseband alarms and software health for Nokia AirScale Baseband Unit installed at Base Station - DN-29. Assigned owner: Field Technician. Include functional checks, log review, and required remedial actions if deviations are found.",2026-01-07,8.0,719,1200.0,2025-08-28 16:10:00,2025-08-31 16:10:00,false,Cellular Maintenance,Base Station - DN-29,Cellular Maintenance,Field Technician,,Baseband-Unit-DN-29,,,false,,,2025-08-28 16:10:00
Inspect RRU connectors and weather sealing - Radio-Unit-DN-29,IN_PROGRESS,LOW,"Inspect rru connectors and weather sealing for Ericsson Radio 4422 Remote Radio Unit installed at Antenna Array - DN-29. Assigned owner: Field Technician. Include functional checks, log review, and required remedial actions if deviations are found.",2026-04-11,4.0,720,650.0,2026-03-23 03:54:00,2026-03-26 04:54:00,false,Cellular Maintenance,Antenna Array - DN-29,Cellular Maintenance,Field Technician,,Radio-Unit-DN-29,,,false,,,2026-03-23 03:54:00
Validate gateway sensor polling and packet delivery - Sensor-Gateway-DN-29,DONE,URGENT,"Validate gateway sensor polling and packet delivery for Advantech WISE-6610 IoT Gateway installed at Storage Room - DN-29. Assigned owner: Facilities Supervisor. Include functional checks, log review, and required remedial actions if deviations are found.",2025-08-09,3.0,721,225.0,2025-07-28 15:49:00,2025-08-08 19:49:00,false,Preventive Maintenance,Storage Room - DN-29,Facilities,Facilities Supervisor,,Sensor-Gateway-DN-29,Diem Nguyen,2025-08-08 19:49:00,false,Maintenance completed successfully. Performance is stable after service.,,2025-07-28 15:49:00
Tune wireless controller profiles and client balancing - WiFi-Controller-DN-29,DONE,MEDIUM,"Tune wireless controller profiles and client balancing for Cisco Catalyst 9800-L Wireless Controller installed at Office Floor 1 - DN-29. Assigned owner: Network Engineer. Include functional checks, log review, and required remedial actions if deviations are found.",2025-12-12,3.0,722,262.5,2025-11-16 23:38:00,2025-12-07 02:38:00,false,Network Maintenance,Office Floor 1 - DN-29,Network Operations,Network Engineer,,WiFi-Controller-DN-29,Nam Le,2025-12-07 02:38:00,false,Maintenance completed successfully. Performance is stable after service.,,2025-11-16 23:38:00
Validate AP channel plan and client coverage - Access-Point-DN-29,DONE,MEDIUM,"Validate ap channel plan and client coverage for Aruba AP-515 Wireless Access Point installed at Office Floor 2 - DN-29. Assigned owner: Network Engineer. Include functional checks, log review, and required remedial actions if deviations are found.",2026-03-11,2.0,723,200.0,2026-03-06 18:51:00,2026-03-11 18:51:00,false,Network Maintenance,Office Floor 2 - DN-29,Network Operations,Network Engineer,,Access-Point-DN-29,Bao Nguyen,2026-03-11 18:51:00,false,Inspection completed and no critical issues were found.,,2026-03-06 18:51:00
Review GPU thermals and update AI server firmware - AI-Analytics-Server-DN-29,ON_HOLD,URGENT,"Review gpu thermals and update ai server firmware for NVIDIA DGX A100 AI Analytics Server installed at Lab A - DN-29. Assigned owner: AI Specialist. Include functional checks, log review, and required remedial actions if deviations are found.",2025-12-03,4.0,724,450.0,2025-10-19 14:28:00,2025-10-19 19:28:00,true,Server Maintenance,Lab A - DN-29,AI Operations,AI Specialist,,AI-Analytics-Server-DN-29,,,false,,,2025-10-19 14:28:00
Verify monitoring appliance calibration and alerting - Monitoring-Appliance-DN-29,IN_PROGRESS,LOW,"Verify monitoring appliance calibration and alerting for Fluke OptiView XG Network Monitoring Appliance installed at Workshop - DN-29. Assigned owner: Network Engineer. Include functional checks, log review, and required remedial actions if deviations are found.",2026-02-15,4.0,725,500.0,2025-11-02 15:33:00,2025-11-02 21:33:00,false,Calibration,Workshop - DN-29,Network Operations,Network Engineer,,Monitoring-Appliance-DN-29,,,false,,,2025-11-02 15:33:00
Calibrate monitoring thresholds - Monitoring-System-HP-30,OPEN,LOW,"Calibrate monitoring thresholds for SolarWinds Hybrid Cloud Observability Appliance installed at Infrastructure Site - HP-30. Assigned owner: Network Engineer. Include functional checks, log review, and required remedial actions if deviations are found.",2026-03-17,6.0,726,825.0,2025-11-23 22:33:00,2025-11-24 05:33:00,false,Calibration,Infrastructure Site - HP-30,Network Operations,Network Engineer,,Monitoring-System-HP-30,,,false,,,2025-11-23 22:33:00
Quarterly preventive maintenance on core router - Core-Router-HP-30,OPEN,LOW,"Quarterly preventive maintenance on core router for Cisco ASR 9904 Core Router installed at Network Operations Center (NOC) - HP-30. Assigned owner: Network Engineer. Include functional checks, log review, and required remedial actions if deviations are found.",2025-05-15,1.0,727,150.0,2025-04-04 02:36:00,2025-04-04 10:36:00,false,Network Maintenance,Network Operations Center (NOC) - HP-30,Network Operations,Network Engineer,,Core-Router-HP-30,,,false,,,2025-04-04 02:36:00
Review VMS storage health and recording retention - Security-VMS-Server-HP-30,DONE,URGENT,"Review vms storage health and recording retention for Milestone Husky IVO 350R Video Management Server installed at Security Operations Center (SOC) - HP-30. Assigned owner: Security Officer. Include functional checks, log review, and required remedial actions if deviations are found.",2025-03-19,3.0,728,487.5,2025-03-16 19:31:00,2025-03-19 19:31:00,false,Security Maintenance,Security Operations Center (SOC) - HP-30,Security Operations,Security Officer,,Security-VMS-Server-HP-30,Vy Do,2025-03-19 19:31:00,true,Maintenance completed successfully. Performance is stable after service.,,2025-03-16 19:31:00
Patch hypervisor host and validate cluster health - Virtualization-Host-HP-30,DONE,MEDIUM,"Patch hypervisor host and validate cluster health for Dell PowerEdge R750 Virtualization Host installed at Server Room A - HP-30. Assigned owner: System Administrator. Include functional checks, log review, and required remedial actions if deviations are found.",2025-07-18,4.0,729,300.0,2025-06-29 08:36:00,2025-07-11 12:36:00,false,Server Maintenance,Server Room A - HP-30,Server Operations,System Administrator,,Virtualization-Host-HP-30,Mai Vu,2025-07-11 12:36:00,true,Corrective action implemented and follow-up checks were satisfactory.,,2025-06-29 08:36:00
Inspect storage array alerts and firmware status - Storage-Array-HP-30,OPEN,MEDIUM,"Inspect storage array alerts and firmware status for NetApp AFF A250 Storage Array installed at Server Room B - HP-30. Assigned owner: Storage Administrator. Include functional checks, log review, and required remedial actions if deviations are found.",2025-09-23,2.0,730,175.0,2025-06-08 02:49:00,2025-06-08 13:49:00,false,Server Maintenance,Server Room B - HP-30,Server Operations,Storage Administrator,,Storage-Array-HP-30,,,false,,,2025-06-08 02:49:00
Validate switch port configuration and error counters - Access-Switch-HP-30,IN_PROGRESS,LOW,"Validate switch port configuration and error counters for Juniper EX4300 Access Switch installed at Network Closet - HP-30. Assigned owner: Network Engineer. Include functional checks, log review, and required remedial actions if deviations are found.",2026-01-23,6.0,731,600.0,2026-01-14 00:29:00,2026-01-14 12:29:00,false,Network Maintenance,Network Closet - HP-30,Network Operations,Network Engineer,,Access-Switch-HP-30,,,false,,,2026-01-14 00:29:00
Update access control firmware and credential sync - Access-Control-Panel-HP-30,OPEN,MEDIUM,"Update access control firmware and credential sync for Paxton Net2 Plus Access Control Panel installed at Access Control Room - HP-30. Assigned owner: Security Officer. Include functional checks, log review, and required remedial actions if deviations are found.",2025-10-18,4.0,732,450.0,2025-06-21 11:27:00,2025-06-22 00:27:00,false,Security Maintenance,Access Control Room - HP-30,Security Operations,Security Officer,,Access-Control-Panel-HP-30,,,false,,,2025-06-21 11:27:00
Inspect NVR recording capacity and camera retention - NVR-HP-30,IN_PROGRESS,HIGH,"Inspect nvr recording capacity and camera retention for Hikvision DS-9632NI-M8 Network Video Recorder installed at Video Surveillance Room - HP-30. Assigned owner: Security Officer. Include functional checks, log review, and required remedial actions if deviations are found.",2025-06-23,8.0,733,1000.0,2025-03-20 06:58:00,2025-03-20 20:58:00,true,Security Maintenance,Video Surveillance Room - HP-30,Security Operations,Security Officer,,NVR-HP-30,,,false,,,2025-03-20 06:58:00
Perform UPS battery health check and load test - UPS-HP-30,DONE,MEDIUM,"Perform ups battery health check and load test for APC Smart-UPS SRT 3000VA installed at UPS Room - HP-30. Assigned owner: Electrician. Include functional checks, log review, and required remedial actions if deviations are found.",2026-01-30,4.0,734,550.0,2026-01-18 02:35:00,2026-01-19 10:35:00,false,Power Maintenance,UPS Room - HP-30,Facilities,Electrician,,UPS-HP-30,Tien Nguyen,2026-01-19 10:35:00,false,UPS battery strings passed the load test and runtime remained within target.,,2026-01-18 02:35:00
Test ATS failover sequence - ATS-Panel-HP-30,DONE,HIGH,"Test ats failover sequence for Schneider EasyPact Automatic Transfer Switch installed at Electrical Room - HP-30. Assigned owner: Electrician. Include functional checks, log review, and required remedial actions if deviations are found.",2025-04-30,6.0,735,900.0,2025-04-23 13:58:00,2025-04-30 13:58:00,false,Power Maintenance,Electrical Room - HP-30,Facilities,Electrician,,ATS-Panel-HP-30,Tien Nguyen,2025-04-30 13:58:00,true,Maintenance completed successfully. Performance is stable after service.,Red River Power Co.,2025-04-23 13:58:00
Replace filters and inspect cooling performance - CRAC-Unit-HP-30,DONE,MEDIUM,"Replace filters and inspect cooling performance for Vertiv Liebert PDX Precision Cooling Unit installed at HVAC Plant - HP-30. Assigned owner: HVAC Technician. Include functional checks, log review, and required remedial actions if deviations are found.",2026-04-07,8.0,736,1300.0,2026-03-14 20:50:00,2026-03-28 06:50:00,false,Preventive Maintenance,HVAC Plant - HP-30,Facilities,HVAC Technician,,CRAC-Unit-HP-30,Lam Ho,2026-03-28 06:50:00,false,Maintenance completed successfully. Performance is stable after service.,,2026-03-14 20:50:00
Monthly backup generator test run - Generator-HP-30,OPEN,HIGH,"Monthly backup generator test run for Cummins C275D5 Backup Generator installed at Generator Yard - HP-30. Assigned owner: Electrician. Include functional checks, log review, and required remedial actions if deviations are found.",2026-02-27,4.0,737,300.0,2025-12-13 05:30:00,2025-12-13 23:30:00,true,Power Maintenance,Generator Yard - HP-30,Facilities,Electrician,,Generator-HP-30,,,false,,,2025-12-13 05:30:00
Clean and validate visitor kiosk peripherals - Visitor-Kiosk-HP-30,DONE,MEDIUM,"Clean and validate visitor kiosk peripherals for ZKTeco SpeedFace-V5L Visitor Kiosk installed at Reception - HP-30. Assigned owner: Security Officer. Include functional checks, log review, and required remedial actions if deviations are found.",2026-02-21,1.0,738,87.5,2026-02-07 00:44:00,2026-02-19 01:44:00,false,Preventive Maintenance,Reception - HP-30,Security Operations,Security Officer,,Visitor-Kiosk-HP-30,An Nguyen,2026-02-19 01:44:00,false,Inspection completed and no critical issues were found.,,2026-02-07 00:44:00
Clean camera lens and verify image quality - Loading-Bay-Camera-HP-30,OPEN,LOW,"Clean camera lens and verify image quality for Hikvision DS-2CD2686G2 Bullet Camera installed at Loading Bay - HP-30. Assigned owner: Security Officer. Include functional checks, log review, and required remedial actions if deviations are found.",2026-03-22,4.0,739,400.0,2026-03-06 17:23:00,2026-03-07 13:23:00,false,Security Maintenance,Loading Bay - HP-30,Security Operations,Security Officer,,Loading-Bay-Camera-HP-30,,,false,,HaNoi Cooling Services,2026-03-06 17:23:00
Inspect backhaul alignment and RSSI stability - Microwave-Radio-HP-30,IN_PROGRESS,HIGH,"Inspect backhaul alignment and rssi stability for Ceragon IP-20C Microwave Radio installed at Roof - HP-30. Assigned owner: Field Technician. Include functional checks, log review, and required remedial actions if deviations are found.",2026-02-18,2.0,740,225.0,2025-11-15 08:58:00,2025-11-16 05:58:00,false,Network Maintenance,Roof - HP-30,Cellular Maintenance,Field Technician,,Microwave-Radio-HP-30,,,false,,,2025-11-15 08:58:00
Inspect and clean fiber terminations - Fiber-Patch-Panel-HP-30,OPEN,LOW,"Inspect and clean fiber terminations for Corning EDGE Fiber Patch Panel installed at IDF Room 1 - HP-30. Assigned owner: Cabling Technician. Include functional checks, log review, and required remedial actions if deviations are found.",2025-05-05,2.0,741,250.0,2025-03-02 04:16:00,2025-03-03 02:16:00,false,Preventive Maintenance,IDF Room 1 - HP-30,Infrastructure,Cabling Technician,,Fiber-Patch-Panel-HP-30,,,false,,,2025-03-02 04:16:00
Verify edge switch firmware and uplink stability - Edge-Switch-HP-30,IN_PROGRESS,MEDIUM,"Verify edge switch firmware and uplink stability for Cisco Catalyst 9300 Edge Switch installed at IDF Room 2 - HP-30. Assigned owner: Network Engineer. Include functional checks, log review, and required remedial actions if deviations are found.",2025-07-01,1.0,742,137.5,2025-04-29 22:52:00,2025-04-30 21:52:00,false,Network Maintenance,IDF Room 2 - HP-30,Network Operations,Network Engineer,,Edge-Switch-HP-30,,,false,,,2025-04-29 22:52:00
Optimize antenna alignment and sector KPIs - 5G-Antenna-HP-30,OPEN,MEDIUM,"Optimize antenna alignment and sector kpis for Ericsson AIR 6488 Massive MIMO Antenna installed at Telecom Mast - HP-30. Assigned owner: Field Technician. Include functional checks, log review, and required remedial actions if deviations are found.",2025-04-07,8.0,743,1200.0,2025-02-14 11:45:00,2025-02-15 11:45:00,false,Cellular Maintenance,Telecom Mast - HP-30,Cellular Maintenance,Field Technician,,5G-Antenna-HP-30,,,false,,,2025-02-14 11:45:00
Review baseband alarms and software health - Baseband-Unit-HP-30,ON_HOLD,MEDIUM,"Review baseband alarms and software health for Nokia AirScale Baseband Unit installed at Base Station - HP-30. Assigned owner: Field Technician. Include functional checks, log review, and required remedial actions if deviations are found.",2025-10-30,2.0,744,325.0,2025-08-06 06:06:00,2025-08-07 07:06:00,false,Cellular Maintenance,Base Station - HP-30,Cellular Maintenance,Field Technician,,Baseband-Unit-HP-30,,,false,,,2025-08-06 06:06:00
Inspect RRU connectors and weather sealing - Radio-Unit-HP-30,IN_PROGRESS,LOW,"Inspect rru connectors and weather sealing for Ericsson Radio 4422 Remote Radio Unit installed at Antenna Array - HP-30. Assigned owner: Field Technician. Include functional checks, log review, and required remedial actions if deviations are found.",2026-02-01,8.0,745,600.0,2025-10-21 11:42:00,2025-10-22 13:42:00,false,Cellular Maintenance,Antenna Array - HP-30,Cellular Maintenance,Field Technician,,Radio-Unit-HP-30,,,false,,,2025-10-21 11:42:00
Validate gateway sensor polling and packet delivery - Sensor-Gateway-HP-30,DONE,URGENT,"Validate gateway sensor polling and packet delivery for Advantech WISE-6610 IoT Gateway installed at Storage Room - HP-30. Assigned owner: Facilities Supervisor. Include functional checks, log review, and required remedial actions if deviations are found.",2026-01-25,4.0,746,350.0,2025-12-29 18:25:00,2026-01-11 23:25:00,false,Preventive Maintenance,Storage Room - HP-30,Facilities,Facilities Supervisor,,Sensor-Gateway-HP-30,Diem Nguyen,2026-01-11 23:25:00,false,Corrective action implemented and follow-up checks were satisfactory.,,2025-12-29 18:25:00
Tune wireless controller profiles and client balancing - WiFi-Controller-HP-30,DONE,LOW,"Tune wireless controller profiles and client balancing for Cisco Catalyst 9800-L Wireless Controller installed at Office Floor 1 - HP-30. Assigned owner: Network Engineer. Include functional checks, log review, and required remedial actions if deviations are found.",2025-02-26,4.0,747,400.0,2025-01-29 14:51:00,2025-02-08 16:51:00,false,Network Maintenance,Office Floor 1 - HP-30,Network Operations,Network Engineer,,WiFi-Controller-HP-30,Quoc Pham,2025-02-08 16:51:00,false,Work order closed after verification by the site operations team.,,2025-01-29 14:51:00
Validate AP channel plan and client coverage - Access-Point-HP-30,OPEN,LOW,"Validate ap channel plan and client coverage for Aruba AP-515 Wireless Access Point installed at Office Floor 2 - HP-30. Assigned owner: Network Engineer. Include functional checks, log review, and required remedial actions if deviations are found.",2026-02-09,6.0,748,675.0,2026-01-14 18:28:00,2026-01-15 23:28:00,false,Network Maintenance,Office Floor 2 - HP-30,Network Operations,Network Engineer,,Access-Point-HP-30,,,false,,,2026-01-14 18:28:00
Review GPU thermals and update AI server firmware - AI-Analytics-Server-HP-30,IN_PROGRESS,HIGH,"Review gpu thermals and update ai server firmware for NVIDIA DGX A100 AI Analytics Server installed at Lab A - HP-30. Assigned owner: AI Specialist. Include functional checks, log review, and required remedial actions if deviations are found.",2025-06-23,3.0,749,375.0,2025-04-19 22:54:00,2025-04-21 04:54:00,true,Server Maintenance,Lab A - HP-30,AI Operations,AI Specialist,,AI-Analytics-Server-HP-30,,,false,,,2025-04-19 22:54:00
Verify monitoring appliance calibration and alerting - Monitoring-Appliance-HP-30,IN_PROGRESS,MEDIUM,"Verify monitoring appliance calibration and alerting for Fluke OptiView XG Network Monitoring Appliance installed at Workshop - HP-30. Assigned owner: Network Engineer. Include functional checks, log review, and required remedial actions if deviations are found.",2026-01-12,2.0,750,275.0,2025-12-28 16:02:00,2025-12-29 23:02:00,false,Calibration,Workshop - HP-30,Network Operations,Network Engineer,,Monitoring-Appliance-HP-30,,,false,,,2025-12-28 16:02:00
Calibrate monitoring thresholds - Monitoring-System-CT-31,OPEN,MEDIUM,"Calibrate monitoring thresholds for SolarWinds Hybrid Cloud Observability Appliance installed at Infrastructure Site - CT-31. Assigned owner: Network Engineer. Include functional checks, log review, and required remedial actions if deviations are found.",2025-07-26,8.0,751,1200.0,2025-03-21 00:05:00,2025-03-22 08:05:00,false,Calibration,Infrastructure Site - CT-31,Network Operations,Network Engineer,,Monitoring-System-CT-31,,,false,,,2025-03-21 00:05:00
Quarterly preventive maintenance on core router - Core-Router-CT-31,OPEN,MEDIUM,"Quarterly preventive maintenance on core router for Cisco ASR 9904 Core Router installed at Network Operations Center (NOC) - CT-31. Assigned owner: Network Engineer. Include functional checks, log review, and required remedial actions if deviations are found.",2026-02-07,8.0,752,1300.0,2026-02-03 10:50:00,2026-02-04 19:50:00,false,Network Maintenance,Network Operations Center (NOC) - CT-31,Network Operations,Network Engineer,,Core-Router-CT-31,,,false,,,2026-02-03 10:50:00
Review VMS storage health and recording retention - Security-VMS-Server-CT-31,OPEN,LOW,"Review vms storage health and recording retention for Milestone Husky IVO 350R Video Management Server installed at Security Operations Center (SOC) - CT-31. Assigned owner: Security Officer. Include functional checks, log review, and required remedial actions if deviations are found.",2025-06-15,4.0,753,300.0,2025-05-10 05:26:00,2025-05-11 15:26:00,false,Security Maintenance,Security Operations Center (SOC) - CT-31,Security Operations,Security Officer,,Security-VMS-Server-CT-31,,,false,,,2025-05-10 05:26:00
Patch hypervisor host and validate cluster health - Virtualization-Host-CT-31,DONE,MEDIUM,"Patch hypervisor host and validate cluster health for Dell PowerEdge R750 Virtualization Host installed at Server Room A - CT-31. Assigned owner: System Administrator. Include functional checks, log review, and required remedial actions if deviations are found.",2025-12-28,8.0,754,700.0,2025-12-15 14:00:00,2025-12-28 14:00:00,false,Server Maintenance,Server Room A - CT-31,Server Operations,System Administrator,,Virtualization-Host-CT-31,Mai Vu,2025-12-28 14:00:00,false,Maintenance completed successfully. Performance is stable after service.,,2025-12-15 14:00:00
Inspect storage array alerts and firmware status - Storage-Array-CT-31,ON_HOLD,HIGH,"Inspect storage array alerts and firmware status for NetApp AFF A250 Storage Array installed at Server Room B - CT-31. Assigned owner: Storage Administrator. Include functional checks, log review, and required remedial actions if deviations are found.",2026-04-11,1.0,755,100.0,2025-12-07 20:19:00,2025-12-09 08:19:00,false,Server Maintenance,Server Room B - CT-31,Server Operations,Storage Administrator,,Storage-Array-CT-31,,,false,,,2025-12-07 20:19:00
Validate switch port configuration and error counters - Access-Switch-CT-31,DONE,MEDIUM,"Validate switch port configuration and error counters for Juniper EX4300 Access Switch installed at Network Closet - CT-31. Assigned owner: Network Engineer. Include functional checks, log review, and required remedial actions if deviations are found.",2025-10-27,4.0,756,450.0,2025-10-21 21:01:00,2025-10-27 01:01:00,false,Network Maintenance,Network Closet - CT-31,Network Operations,Network Engineer,,Access-Switch-CT-31,Tuan Vo,2025-10-27 01:01:00,false,Task completed successfully. Asset is operating within expected thresholds.,,2025-10-21 21:01:00
Update access control firmware and credential sync - Access-Control-Panel-CT-31,DONE,MEDIUM,"Update access control firmware and credential sync for Paxton Net2 Plus Access Control Panel installed at Access Control Room - CT-31. Assigned owner: Security Officer. Include functional checks, log review, and required remedial actions if deviations are found.",2025-02-19,3.0,757,375.0,2025-02-04 12:28:00,2025-02-19 12:28:00,false,Security Maintenance,Access Control Room - CT-31,Security Operations,Security Officer,,Access-Control-Panel-CT-31,Ha Tran,2025-02-19 12:28:00,true,Inspection completed and no critical issues were found.,,2025-02-04 12:28:00
Inspect NVR recording capacity and camera retention - NVR-CT-31,OPEN,LOW,"Inspect nvr recording capacity and camera retention for Hikvision DS-9632NI-M8 Network Video Recorder installed at Video Surveillance Room - CT-31. Assigned owner: Security Officer. Include functional checks, log review, and required remedial actions if deviations are found.",2025-09-22,1.0,758,137.5,2025-06-13 22:09:00,2025-06-15 13:09:00,false,Security Maintenance,Video Surveillance Room - CT-31,Security Operations,Security Officer,,NVR-CT-31,,,false,,,2025-06-13 22:09:00
Perform UPS battery health check and load test - UPS-CT-31,DONE,LOW,"Perform ups battery health check and load test for APC Smart-UPS SRT 3000VA installed at UPS Room - CT-31. Assigned owner: Electrician. Include functional checks, log review, and required remedial actions if deviations are found.",2026-02-09,4.0,759,600.0,2026-01-19 15:10:00,2026-01-31 23:10:00,false,Power Maintenance,UPS Room - CT-31,Facilities,Electrician,,UPS-CT-31,Khanh Truong,2026-01-31 23:10:00,false,UPS battery strings passed the load test and runtime remained within target.,,2026-01-19 15:10:00
Test ATS failover sequence - ATS-Panel-CT-31,IN_PROGRESS,MEDIUM,"Test ats failover sequence for Schneider EasyPact Automatic Transfer Switch installed at Electrical Room - CT-31. Assigned owner: Electrician. Include functional checks, log review, and required remedial actions if deviations are found.",2026-01-21,2.0,760,325.0,2025-09-15 02:49:00,2025-09-16 19:49:00,false,Power Maintenance,Electrical Room - CT-31,Facilities,Electrician,,ATS-Panel-CT-31,,,false,,,2025-09-15 02:49:00
Replace filters and inspect cooling performance - CRAC-Unit-CT-31,ON_HOLD,HIGH,"Replace filters and inspect cooling performance for Vertiv Liebert PDX Precision Cooling Unit installed at HVAC Plant - CT-31. Assigned owner: HVAC Technician. Include functional checks, log review, and required remedial actions if deviations are found.",2025-08-13,4.0,761,300.0,2025-06-26 00:39:00,2025-06-27 18:39:00,false,Preventive Maintenance,HVAC Plant - CT-31,Facilities,HVAC Technician,,CRAC-Unit-CT-31,,,false,,Mekong Telecom Services,2025-06-26 00:39:00
Monthly backup generator test run - Generator-CT-31,DONE,MEDIUM,"Monthly backup generator test run for Cummins C275D5 Backup Generator installed at Generator Yard - CT-31. Assigned owner: Electrician. Include functional checks, log review, and required remedial actions if deviations are found.",2026-03-24,3.0,762,262.5,2026-03-08 10:12:00,2026-03-12 19:12:00,false,Power Maintenance,Generator Yard - CT-31,Facilities,Electrician,,Generator-CT-31,Dat Le,2026-03-12 19:12:00,false,Corrective action implemented and follow-up checks were satisfactory.,,2026-03-08 10:12:00
Clean and validate visitor kiosk peripherals - Visitor-Kiosk-CT-31,IN_PROGRESS,MEDIUM,"Clean and validate visitor kiosk peripherals for ZKTeco SpeedFace-V5L Visitor Kiosk installed at Reception - CT-31. Assigned owner: Security Officer. Include functional checks, log review, and required remedial actions if deviations are found.",2025-11-15,8.0,763,800.0,2025-09-15 14:15:00,2025-09-17 10:15:00,false,Preventive Maintenance,Reception - CT-31,Security Operations,Security Officer,,Visitor-Kiosk-CT-31,,,false,,,2025-09-15 14:15:00
Clean camera lens and verify image quality - Loading-Bay-Camera-CT-31,ON_HOLD,LOW,"Clean camera lens and verify image quality for Hikvision DS-2CD2686G2 Bullet Camera installed at Loading Bay - CT-31. Assigned owner: Security Officer. Include functional checks, log review, and required remedial actions if deviations are found.",2026-01-29,1.0,764,112.5,2025-12-03 00:11:00,2025-12-04 21:11:00,false,Security Maintenance,Loading Bay - CT-31,Security Operations,Security Officer,,Loading-Bay-Camera-CT-31,,,false,,,2025-12-03 00:11:00
Inspect backhaul alignment and RSSI stability - Microwave-Radio-CT-31,IN_PROGRESS,MEDIUM,"Inspect backhaul alignment and rssi stability for Ceragon IP-20C Microwave Radio installed at Roof - CT-31. Assigned owner: Field Technician. Include functional checks, log review, and required remedial actions if deviations are found.",2026-01-16,3.0,765,375.0,2025-11-05 04:24:00,2025-11-07 02:24:00,false,Network Maintenance,Roof - CT-31,Cellular Maintenance,Field Technician,,Microwave-Radio-CT-31,,,false,,,2025-11-05 04:24:00
Inspect and clean fiber terminations - Fiber-Patch-Panel-CT-31,ON_HOLD,HIGH,"Inspect and clean fiber terminations for Corning EDGE Fiber Patch Panel installed at IDF Room 1 - CT-31. Assigned owner: Cabling Technician. Include functional checks, log review, and required remedial actions if deviations are found.",2025-12-20,2.0,766,275.0,2025-10-21 00:56:00,2025-10-22 23:56:00,true,Preventive Maintenance,IDF Room 1 - CT-31,Infrastructure,Cabling Technician,,Fiber-Patch-Panel-CT-31,,,false,,,2025-10-21 00:56:00
Verify edge switch firmware and uplink stability - Edge-Switch-CT-31,OPEN,LOW,"Verify edge switch firmware and uplink stability for Cisco Catalyst 9300 Edge Switch installed at IDF Room 2 - CT-31. Assigned owner: Network Engineer. Include functional checks, log review, and required remedial actions if deviations are found.",2026-01-25,4.0,767,600.0,2026-01-02 07:57:00,2026-01-04 07:57:00,false,Network Maintenance,IDF Room 2 - CT-31,Network Operations,Network Engineer,,Edge-Switch-CT-31,,,false,,,2026-01-02 07:57:00
Optimize antenna alignment and sector KPIs - 5G-Antenna-CT-31,OPEN,MEDIUM,"Optimize antenna alignment and sector kpis for Ericsson AIR 6488 Massive MIMO Antenna installed at Telecom Mast - CT-31. Assigned owner: Field Technician. Include functional checks, log review, and required remedial actions if deviations are found.",2025-12-18,2.0,768,325.0,2025-08-29 22:28:00,2025-08-31 23:28:00,false,Cellular Maintenance,Telecom Mast - CT-31,Cellular Maintenance,Field Technician,,5G-Antenna-CT-31,,,false,,,2025-08-29 22:28:00
Review baseband alarms and software health - Baseband-Unit-CT-31,ON_HOLD,HIGH,"Review baseband alarms and software health for Nokia AirScale Baseband Unit installed at Base Station - CT-31. Assigned owner: Field Technician. Include functional checks, log review, and required remedial actions if deviations are found.",2026-02-25,4.0,769,300.0,2025-10-31 22:14:00,2025-11-03 00:14:00,true,Cellular Maintenance,Base Station - CT-31,Cellular Maintenance,Field Technician,,Baseband-Unit-CT-31,,,false,,,2025-10-31 22:14:00
Inspect RRU connectors and weather sealing - Radio-Unit-CT-31,IN_PROGRESS,MEDIUM,"Inspect rru connectors and weather sealing for Ericsson Radio 4422 Remote Radio Unit installed at Antenna Array - CT-31. Assigned owner: Field Technician. Include functional checks, log review, and required remedial actions if deviations are found.",2026-01-12,2.0,770,175.0,2025-12-26 10:34:00,2025-12-28 13:34:00,false,Cellular Maintenance,Antenna Array - CT-31,Cellular Maintenance,Field Technician,,Radio-Unit-CT-31,,,false,,,2025-12-26 10:34:00
Validate gateway sensor polling and packet delivery - Sensor-Gateway-CT-31,ON_HOLD,HIGH,"Validate gateway sensor polling and packet delivery for Advantech WISE-6610 IoT Gateway installed at Storage Room - CT-31. Assigned owner: Facilities Supervisor. Include functional checks, log review, and required remedial actions if deviations are found.",2026-01-30,4.0,771,400.0,2025-09-21 09:02:00,2025-09-23 13:02:00,true,Preventive Maintenance,Storage Room - CT-31,Facilities,Facilities Supervisor,,Sensor-Gateway-CT-31,,,false,,,2025-09-21 09:02:00
Tune wireless controller profiles and client balancing - WiFi-Controller-CT-31,DONE,HIGH,"Tune wireless controller profiles and client balancing for Cisco Catalyst 9800-L Wireless Controller installed at Office Floor 1 - CT-31. Assigned owner: Network Engineer. Include functional checks, log review, and required remedial actions if deviations are found.",2025-07-10,4.0,772,450.0,2025-07-02 23:02:00,2025-07-08 02:02:00,true,Network Maintenance,Office Floor 1 - CT-31,Network Operations,Network Engineer,,WiFi-Controller-CT-31,Anh Hoang,2025-07-08 02:02:00,true,Task completed successfully. Asset is operating within expected thresholds.,,2025-07-02 23:02:00
Validate AP channel plan and client coverage - Access-Point-CT-31,OPEN,LOW,"Validate ap channel plan and client coverage for Aruba AP-515 Wireless Access Point installed at Office Floor 2 - CT-31. Assigned owner: Network Engineer. Include functional checks, log review, and required remedial actions if deviations are found.",2025-07-12,4.0,773,500.0,2025-04-09 06:51:00,2025-04-11 12:51:00,false,Network Maintenance,Office Floor 2 - CT-31,Network Operations,Network Engineer,,Access-Point-CT-31,,,false,,,2025-04-09 06:51:00
Review GPU thermals and update AI server firmware - AI-Analytics-Server-CT-31,IN_PROGRESS,HIGH,"Review gpu thermals and update ai server firmware for NVIDIA DGX A100 AI Analytics Server installed at Lab A - CT-31. Assigned owner: AI Specialist. Include functional checks, log review, and required remedial actions if deviations are found.",2026-03-23,3.0,774,412.5,2026-03-06 04:16:00,2026-03-08 11:16:00,false,Server Maintenance,Lab A - CT-31,AI Operations,AI Specialist,,AI-Analytics-Server-CT-31,,,false,,,2026-03-06 04:16:00
Verify monitoring appliance calibration and alerting - Monitoring-Appliance-CT-31,DONE,LOW,"Verify monitoring appliance calibration and alerting for Fluke OptiView XG Network Monitoring Appliance installed at Workshop - CT-31. Assigned owner: Network Engineer. Include functional checks, log review, and required remedial actions if deviations are found.",2025-02-22,4.0,775,600.0,2025-02-08 07:47:00,2025-02-14 15:47:00,false,Calibration,Workshop - CT-31,Network Operations,Network Engineer,,Monitoring-Appliance-CT-31,Nam Le,2025-02-14 15:47:00,true,Work order closed after verification by the site operations team.,,2025-02-08 07:47:00
Calibrate monitoring thresholds - Monitoring-System-BD-32,DONE,HIGH,"Calibrate monitoring thresholds for SolarWinds Hybrid Cloud Observability Appliance installed at Infrastructure Site - BD-32. Assigned owner: Network Engineer. Include functional checks, log review, and required remedial actions if deviations are found.",2025-10-08,4.0,776,650.0,2025-09-12 06:00:00,2025-09-18 07:00:00,false,Calibration,Infrastructure Site - BD-32,Network Operations,Network Engineer,,Monitoring-System-BD-32,Anh Hoang,2025-09-18 07:00:00,false,Inspection completed and no critical issues were found.,,2025-09-12 06:00:00
Quarterly preventive maintenance on core router - Core-Router-BD-32,OPEN,LOW,"Quarterly preventive maintenance on core router for Cisco ASR 9904 Core Router installed at Network Operations Center (NOC) - BD-32. Assigned owner: Network Engineer. Include functional checks, log review, and required remedial actions if deviations are found.",2025-06-30,8.0,777,600.0,2025-04-26 10:02:00,2025-04-28 20:02:00,false,Network Maintenance,Network Operations Center (NOC) - BD-32,Network Operations,Network Engineer,,Core-Router-BD-32,,,false,,,2025-04-26 10:02:00
Review VMS storage health and recording retention - Security-VMS-Server-BD-32,DONE,HIGH,"Review vms storage health and recording retention for Milestone Husky IVO 350R Video Management Server installed at Security Operations Center (SOC) - BD-32. Assigned owner: Security Officer. Include functional checks, log review, and required remedial actions if deviations are found.",2025-10-20,4.0,778,350.0,2025-10-08 12:26:00,2025-10-20 12:26:00,true,Security Maintenance,Security Operations Center (SOC) - BD-32,Security Operations,Security Officer,,Security-VMS-Server-BD-32,Tuan Hoang,2025-10-20 12:26:00,false,Inspection completed and no critical issues were found.,,2025-10-08 12:26:00
Patch hypervisor host and validate cluster health - Virtualization-Host-BD-32,IN_PROGRESS,MEDIUM,"Patch hypervisor host and validate cluster health for Dell PowerEdge R750 Virtualization Host installed at Server Room A - BD-32. Assigned owner: System Administrator. Include functional checks, log review, and required remedial actions if deviations are found.",2026-02-12,3.0,779,300.0,2026-01-28 13:31:00,2026-01-31 01:31:00,false,Server Maintenance,Server Room A - BD-32,Server Operations,System Administrator,,Virtualization-Host-BD-32,,,false,,,2026-01-28 13:31:00
Inspect storage array alerts and firmware status - Storage-Array-BD-32,DONE,MEDIUM,"Inspect storage array alerts and firmware status for NetApp AFF A250 Storage Array installed at Server Room B - BD-32. Assigned owner: Storage Administrator. Include functional checks, log review, and required remedial actions if deviations are found.",2025-08-25,1.0,780,112.5,2025-08-14 17:35:00,2025-08-25 17:35:00,false,Server Maintenance,Server Room B - BD-32,Server Operations,Storage Administrator,,Storage-Array-BD-32,Duy Nguyen,2025-08-25 17:35:00,true,Task completed successfully. Asset is operating within expected thresholds.,,2025-08-14 17:35:00
Validate switch port configuration and error counters - Access-Switch-BD-32,IN_PROGRESS,MEDIUM,"Validate switch port configuration and error counters for Juniper EX4300 Access Switch installed at Network Closet - BD-32. Assigned owner: Network Engineer. Include functional checks, log review, and required remedial actions if deviations are found.",2026-04-06,3.0,781,375.0,2026-03-21 12:56:00,2026-03-24 02:56:00,false,Network Maintenance,Network Closet - BD-32,Network Operations,Network Engineer,,Access-Switch-BD-32,,,false,,,2026-03-21 12:56:00
Update access control firmware and credential sync - Access-Control-Panel-BD-32,ON_HOLD,HIGH,"Update access control firmware and credential sync for Paxton Net2 Plus Access Control Panel installed at Access Control Room - BD-32. Assigned owner: Security Officer. Include functional checks, log review, and required remedial actions if deviations are found.",2025-08-04,4.0,782,550.0,2025-06-28 13:41:00,2025-07-01 04:41:00,false,Security Maintenance,Access Control Room - BD-32,Security Operations,Security Officer,,Access-Control-Panel-BD-32,,,false,,,2025-06-28 13:41:00
Inspect NVR recording capacity and camera retention - NVR-BD-32,DONE,MEDIUM,"Inspect nvr recording capacity and camera retention for Hikvision DS-9632NI-M8 Network Video Recorder installed at Video Surveillance Room - BD-32. Assigned owner: Security Officer. Include functional checks, log review, and required remedial actions if deviations are found.",2025-01-22,4.0,783,600.0,2025-01-03 01:57:00,2025-01-21 08:57:00,false,Security Maintenance,Video Surveillance Room - BD-32,Security Operations,Security Officer,,NVR-BD-32,Tuan Hoang,2025-01-21 08:57:00,true,Maintenance completed successfully. Performance is stable after service.,,2025-01-03 01:57:00
Perform UPS battery health check and load test - UPS-BD-32,OPEN,URGENT,"Perform ups battery health check and load test for APC Smart-UPS SRT 3000VA installed at UPS Room - BD-32. Assigned owner: Electrician. Include functional checks, log review, and required remedial actions if deviations are found.",2026-03-25,2.0,784,325.0,2026-03-06 08:43:00,2026-03-09 01:43:00,false,Power Maintenance,UPS Room - BD-32,Facilities,Electrician,,UPS-BD-32,,,false,,,2026-03-06 08:43:00
Test ATS failover sequence - ATS-Panel-BD-32,OPEN,URGENT,"Test ats failover sequence for Schneider EasyPact Automatic Transfer Switch installed at Electrical Room - BD-32. Assigned owner: Electrician. Include functional checks, log review, and required remedial actions if deviations are found.",2025-11-28,2.0,785,150.0,2025-07-11 02:14:00,2025-07-13 20:14:00,false,Power Maintenance,Electrical Room - BD-32,Facilities,Electrician,,ATS-Panel-BD-32,,,false,,Metro Cabling Partners,2025-07-11 02:14:00
Replace filters and inspect cooling performance - CRAC-Unit-BD-32,DONE,MEDIUM,"Replace filters and inspect cooling performance for Vertiv Liebert PDX Precision Cooling Unit installed at HVAC Plant - BD-32. Assigned owner: HVAC Technician. Include functional checks, log review, and required remedial actions if deviations are found.",2025-05-19,4.0,786,350.0,2025-05-08 15:27:00,2025-05-19 15:27:00,false,Preventive Maintenance,HVAC Plant - BD-32,Facilities,HVAC Technician,,CRAC-Unit-BD-32,Giang Vu,2025-05-19 15:27:00,true,Inspection completed and no critical issues were found.,,2025-05-08 15:27:00
Monthly backup generator test run - Generator-BD-32,DONE,HIGH,"Monthly backup generator test run for Cummins C275D5 Backup Generator installed at Generator Yard - BD-32. Assigned owner: Electrician. Include functional checks, log review, and required remedial actions if deviations are found.",2025-02-28,4.0,787,400.0,2025-02-21 13:59:00,2025-02-25 22:59:00,true,Power Maintenance,Generator Yard - BD-32,Facilities,Electrician,,Generator-BD-32,Khanh Truong,2025-02-25 22:59:00,false,Corrective action implemented and follow-up checks were satisfactory.,,2025-02-21 13:59:00
Clean and validate visitor kiosk peripherals - Visitor-Kiosk-BD-32,IN_PROGRESS,HIGH,"Clean and validate visitor kiosk peripherals for ZKTeco SpeedFace-V5L Visitor Kiosk installed at Reception - BD-32. Assigned owner: Security Officer. Include functional checks, log review, and required remedial actions if deviations are found.",2025-10-11,2.0,788,225.0,2025-08-05 11:53:00,2025-08-08 08:53:00,true,Preventive Maintenance,Reception - BD-32,Security Operations,Security Officer,,Visitor-Kiosk-BD-32,,,false,,,2025-08-05 11:53:00
Clean camera lens and verify image quality - Loading-Bay-Camera-BD-32,OPEN,URGENT,"Clean camera lens and verify image quality for Hikvision DS-2CD2686G2 Bullet Camera installed at Loading Bay - BD-32. Assigned owner: Security Officer. Include functional checks, log review, and required remedial actions if deviations are found.",2025-05-09,4.0,789,500.0,2025-03-09 11:03:00,2025-03-12 09:03:00,false,Security Maintenance,Loading Bay - BD-32,Security Operations,Security Officer,,Loading-Bay-Camera-BD-32,,,false,,,2025-03-09 11:03:00
Inspect backhaul alignment and RSSI stability - Microwave-Radio-BD-32,IN_PROGRESS,MEDIUM,"Inspect backhaul alignment and rssi stability for Ceragon IP-20C Microwave Radio installed at Roof - BD-32. Assigned owner: Field Technician. Include functional checks, log review, and required remedial actions if deviations are found.",2025-05-26,2.0,790,275.0,2025-01-24 11:18:00,2025-01-27 10:18:00,false,Network Maintenance,Roof - BD-32,Cellular Maintenance,Field Technician,,Microwave-Radio-BD-32,,,false,,,2025-01-24 11:18:00
Inspect and clean fiber terminations - Fiber-Patch-Panel-BD-32,DONE,HIGH,"Inspect and clean fiber terminations for Corning EDGE Fiber Patch Panel installed at IDF Room 1 - BD-32. Assigned owner: Cabling Technician. Include functional checks, log review, and required remedial actions if deviations are found.",2026-02-05,2.0,791,300.0,2026-01-11 19:39:00,2026-01-28 04:39:00,true,Preventive Maintenance,IDF Room 1 - BD-32,Infrastructure,Cabling Technician,,Fiber-Patch-Panel-BD-32,Phong Le,2026-01-28 04:39:00,false,Work order closed after verification by the site operations team.,,2026-01-11 19:39:00
Verify edge switch firmware and uplink stability - Edge-Switch-BD-32,OPEN,MEDIUM,"Verify edge switch firmware and uplink stability for Cisco Catalyst 9300 Edge Switch installed at IDF Room 2 - BD-32. Assigned owner: Network Engineer. Include functional checks, log review, and required remedial actions if deviations are found.",2025-05-26,4.0,792,650.0,2025-01-29 14:09:00,2025-02-01 15:09:00,false,Network Maintenance,IDF Room 2 - BD-32,Network Operations,Network Engineer,,Edge-Switch-BD-32,,,false,,,2025-01-29 14:09:00
Optimize antenna alignment and sector KPIs - 5G-Antenna-BD-32,OPEN,HIGH,"Optimize antenna alignment and sector kpis for Ericsson AIR 6488 Massive MIMO Antenna installed at Telecom Mast - BD-32. Assigned owner: Field Technician. Include functional checks, log review, and required remedial actions if deviations are found.",2025-11-07,2.0,793,150.0,2025-09-03 03:11:00,2025-09-03 05:11:00,false,Cellular Maintenance,Telecom Mast - BD-32,Cellular Maintenance,Field Technician,,5G-Antenna-BD-32,,,false,,,2025-09-03 03:11:00
Review baseband alarms and software health - Baseband-Unit-BD-32,DONE,LOW,"Review baseband alarms and software health for Nokia AirScale Baseband Unit installed at Base Station - BD-32. Assigned owner: Field Technician. Include functional checks, log review, and required remedial actions if deviations are found.",2025-10-01,4.0,794,350.0,2025-09-22 23:10:00,2025-10-01 23:10:00,false,Cellular Maintenance,Base Station - BD-32,Cellular Maintenance,Field Technician,,Baseband-Unit-BD-32,Tien Bui,2025-10-01 23:10:00,false,Work order closed after verification by the site operations team.,,2025-09-22 23:10:00
Inspect RRU connectors and weather sealing - Radio-Unit-BD-32,DONE,HIGH,"Inspect rru connectors and weather sealing for Ericsson Radio 4422 Remote Radio Unit installed at Antenna Array - BD-32. Assigned owner: Field Technician. Include functional checks, log review, and required remedial actions if deviations are found.",2025-04-29,4.0,795,400.0,2025-04-17 16:21:00,2025-04-21 01:21:00,false,Cellular Maintenance,Antenna Array - BD-32,Cellular Maintenance,Field Technician,,Radio-Unit-BD-32,Son Pham,2025-04-21 01:21:00,true,Work order closed after verification by the site operations team.,,2025-04-17 16:21:00
Validate gateway sensor polling and packet delivery - Sensor-Gateway-BD-32,DONE,MEDIUM,"Validate gateway sensor polling and packet delivery for Advantech WISE-6610 IoT Gateway installed at Storage Room - BD-32. Assigned owner: Facilities Supervisor. Include functional checks, log review, and required remedial actions if deviations are found.",2025-08-28,2.0,796,225.0,2025-08-10 19:40:00,2025-08-28 19:40:00,false,Preventive Maintenance,Storage Room - BD-32,Facilities,Facilities Supervisor,,Sensor-Gateway-BD-32,Uyen Pham,2025-08-28 19:40:00,false,Maintenance completed successfully. Performance is stable after service.,,2025-08-10 19:40:00
Tune wireless controller profiles and client balancing - WiFi-Controller-BD-32,IN_PROGRESS,HIGH,"Tune wireless controller profiles and client balancing for Cisco Catalyst 9800-L Wireless Controller installed at Office Floor 1 - BD-32. Assigned owner: Network Engineer. Include functional checks, log review, and required remedial actions if deviations are found.",2025-11-23,3.0,797,375.0,2025-09-05 13:45:00,2025-09-05 19:45:00,false,Network Maintenance,Office Floor 1 - BD-32,Network Operations,Network Engineer,,WiFi-Controller-BD-32,,,false,,,2025-09-05 13:45:00
Validate AP channel plan and client coverage - Access-Point-BD-32,OPEN,HIGH,"Validate ap channel plan and client coverage for Aruba AP-515 Wireless Access Point installed at Office Floor 2 - BD-32. Assigned owner: Network Engineer. Include functional checks, log review, and required remedial actions if deviations are found.",2026-03-16,4.0,798,550.0,2026-02-25 18:40:00,2026-02-26 01:40:00,false,Network Maintenance,Office Floor 2 - BD-32,Network Operations,Network Engineer,,Access-Point-BD-32,,,false,,,2026-02-25 18:40:00
Review GPU thermals and update AI server firmware - AI-Analytics-Server-BD-32,ON_HOLD,HIGH,"Review gpu thermals and update ai server firmware for NVIDIA DGX A100 AI Analytics Server installed at Lab A - BD-32. Assigned owner: AI Specialist. Include functional checks, log review, and required remedial actions if deviations are found.",2025-10-27,4.0,799,600.0,2025-08-31 14:05:00,2025-08-31 22:05:00,false,Server Maintenance,Lab A - BD-32,AI Operations,AI Specialist,,AI-Analytics-Server-BD-32,,,false,,,2025-08-31 14:05:00
Verify monitoring appliance calibration and alerting - Monitoring-Appliance-BD-32,OPEN,HIGH,"Verify monitoring appliance calibration and alerting for Fluke OptiView XG Network Monitoring Appliance installed at Workshop - BD-32. Assigned owner: Network Engineer. Include functional checks, log review, and required remedial actions if deviations are found.",2025-06-10,4.0,800,650.0,2025-03-25 07:25:00,2025-03-25 16:25:00,false,Calibration,Workshop - BD-32,Network Operations,Network Engineer,,Monitoring-Appliance-BD-32,,,false,,,2025-03-25 07:25:00
Calibrate monitoring thresholds - Monitoring-System-HN-33,OPEN,LOW,"Calibrate monitoring thresholds for SolarWinds Hybrid Cloud Observability Appliance installed at Infrastructure Site - HN-33. Assigned owner: Network Engineer. Include functional checks, log review, and required remedial actions if deviations are found.",2025-09-04,2.0,801,150.0,2025-07-12 15:08:00,2025-07-13 01:08:00,false,Calibration,Infrastructure Site - HN-33,Network Operations,Network Engineer,,Monitoring-System-HN-33,,,false,,,2025-07-12 15:08:00
Quarterly preventive maintenance on core router - Core-Router-HN-33,IN_PROGRESS,MEDIUM,"Quarterly preventive maintenance on core router for Cisco ASR 9904 Core Router installed at Network Operations Center (NOC) - HN-33. Assigned owner: Network Engineer. Include functional checks, log review, and required remedial actions if deviations are found.",2026-02-21,4.0,802,350.0,2026-02-01 05:12:00,2026-02-01 16:12:00,false,Network Maintenance,Network Operations Center (NOC) - HN-33,Network Operations,Network Engineer,,Core-Router-HN-33,,,false,,,2026-02-01 05:12:00
Review VMS storage health and recording retention - Security-VMS-Server-HN-33,IN_PROGRESS,MEDIUM,"Review vms storage health and recording retention for Milestone Husky IVO 350R Video Management Server installed at Security Operations Center (SOC) - HN-33. Assigned owner: Security Officer. Include functional checks, log review, and required remedial actions if deviations are found.",2025-08-13,4.0,803,400.0,2025-06-14 05:27:00,2025-06-14 17:27:00,false,Security Maintenance,Security Operations Center (SOC) - HN-33,Security Operations,Security Officer,,Security-VMS-Server-HN-33,,,false,,,2025-06-14 05:27:00
Patch hypervisor host and validate cluster health - Virtualization-Host-HN-33,OPEN,MEDIUM,"Patch hypervisor host and validate cluster health for Dell PowerEdge R750 Virtualization Host installed at Server Room A - HN-33. Assigned owner: System Administrator. Include functional checks, log review, and required remedial actions if deviations are found.",2025-12-12,6.0,804,675.0,2025-08-12 18:25:00,2025-08-13 07:25:00,false,Server Maintenance,Server Room A - HN-33,Server Operations,System Administrator,,Virtualization-Host-HN-33,,,false,,,2025-08-12 18:25:00
Inspect storage array alerts and firmware status - Storage-Array-HN-33,DONE,HIGH,"Inspect storage array alerts and firmware status for NetApp AFF A250 Storage Array installed at Server Room B - HN-33. Assigned owner: Storage Administrator. Include functional checks, log review, and required remedial actions if deviations are found.",2025-06-26,2.0,805,250.0,2025-05-29 19:34:00,2025-06-02 23:34:00,false,Server Maintenance,Server Room B - HN-33,Server Operations,Storage Administrator,,Storage-Array-HN-33,Thu Huynh,2025-06-02 23:34:00,true,Task completed successfully. Asset is operating within expected thresholds.,,2025-05-29 19:34:00
Validate switch port configuration and error counters - Access-Switch-HN-33,OPEN,HIGH,"Validate switch port configuration and error counters for Juniper EX4300 Access Switch installed at Network Closet - HN-33. Assigned owner: Network Engineer. Include functional checks, log review, and required remedial actions if deviations are found.",2025-06-19,3.0,806,412.5,2025-02-26 09:53:00,2025-02-27 00:53:00,false,Network Maintenance,Network Closet - HN-33,Network Operations,Network Engineer,,Access-Switch-HN-33,,,false,,,2025-02-26 09:53:00
Update access control firmware and credential sync - Access-Control-Panel-HN-33,IN_PROGRESS,MEDIUM,"Update access control firmware and credential sync for Paxton Net2 Plus Access Control Panel installed at Access Control Room - HN-33. Assigned owner: Security Officer. Include functional checks, log review, and required remedial actions if deviations are found.",2025-03-07,8.0,807,1200.0,2025-01-12 00:30:00,2025-01-12 16:30:00,false,Security Maintenance,Access Control Room - HN-33,Security Operations,Security Officer,,Access-Control-Panel-HN-33,,,false,,,2025-01-12 00:30:00
Inspect NVR recording capacity and camera retention - NVR-HN-33,DONE,HIGH,"Inspect nvr recording capacity and camera retention for Hikvision DS-9632NI-M8 Network Video Recorder installed at Video Surveillance Room - HN-33. Assigned owner: Security Officer. Include functional checks, log review, and required remedial actions if deviations are found.",2025-11-14,8.0,808,1300.0,2025-10-22 11:56:00,2025-10-27 15:56:00,true,Security Maintenance,Video Surveillance Room - HN-33,Security Operations,Security Officer,,NVR-HN-33,Long Pham,2025-10-27 15:56:00,false,Work order closed after verification by the site operations team.,,2025-10-22 11:56:00
Perform UPS battery health check and load test - UPS-HN-33,OPEN,HIGH,"Perform ups battery health check and load test for APC Smart-UPS SRT 3000VA installed at UPS Room - HN-33. Assigned owner: Electrician. Include functional checks, log review, and required remedial actions if deviations are found.",2025-08-30,6.0,809,450.0,2025-07-08 21:31:00,2025-07-09 15:31:00,true,Power Maintenance,UPS Room - HN-33,Facilities,Electrician,,UPS-HN-33,,,false,,,2025-07-08 21:31:00
Test ATS failover sequence - ATS-Panel-HN-33,IN_PROGRESS,LOW,"Test ats failover sequence for Schneider EasyPact Automatic Transfer Switch installed at Electrical Room - HN-33. Assigned owner: Electrician. Include functional checks, log review, and required remedial actions if deviations are found.",2025-12-21,6.0,810,525.0,2025-08-12 09:58:00,2025-08-13 04:58:00,false,Power Maintenance,Electrical Room - HN-33,Facilities,Electrician,,ATS-Panel-HN-33,,,false,,SaiGon MEP Solutions,2025-08-12 09:58:00
Replace filters and inspect cooling performance - CRAC-Unit-HN-33,IN_PROGRESS,HIGH,"Replace filters and inspect cooling performance for Vertiv Liebert PDX Precision Cooling Unit installed at HVAC Plant - HN-33. Assigned owner: HVAC Technician. Include functional checks, log review, and required remedial actions if deviations are found.",2025-09-14,8.0,811,800.0,2025-06-06 09:29:00,2025-06-07 05:29:00,true,Preventive Maintenance,HVAC Plant - HN-33,Facilities,HVAC Technician,,CRAC-Unit-HN-33,,,false,,,2025-06-06 09:29:00
Monthly backup generator test run - Generator-HN-33,DONE,LOW,"Monthly backup generator test run for Cummins C275D5 Backup Generator installed at Generator Yard - HN-33. Assigned owner: Electrician. Include functional checks, log review, and required remedial actions if deviations are found.",2025-11-01,2.0,812,225.0,2025-10-27 01:07:00,2025-11-01 01:07:00,false,Power Maintenance,Generator Yard - HN-33,Facilities,Electrician,,Generator-HN-33,Phong Pham,2025-11-01 01:07:00,false,Task completed successfully. Asset is operating within expected thresholds.,Red River Power Co.,2025-10-27 01:07:00
Clean and validate visitor kiosk peripherals - Visitor-Kiosk-HN-33,DONE,LOW,"Clean and validate visitor kiosk peripherals for ZKTeco SpeedFace-V5L Visitor Kiosk installed at Reception - HN-33. Assigned owner: Security Officer. Include functional checks, log review, and required remedial actions if deviations are found.",2025-11-19,2.0,813,250.0,2025-11-10 21:47:00,2025-11-19 21:47:00,false,Preventive Maintenance,Reception - HN-33,Security Operations,Security Officer,,Visitor-Kiosk-HN-33,Vy Do,2025-11-19 21:47:00,false,Inspection completed and no critical issues were found.,,2025-11-10 21:47:00
Clean camera lens and verify image quality - Loading-Bay-Camera-HN-33,DONE,URGENT,"Clean camera lens and verify image quality for Hikvision DS-2CD2686G2 Bullet Camera installed at Loading Bay - HN-33. Assigned owner: Security Officer. Include functional checks, log review, and required remedial actions if deviations are found.",2026-02-22,1.0,814,137.5,2026-02-16 22:24:00,2026-02-22 22:24:00,false,Security Maintenance,Loading Bay - HN-33,Security Operations,Security Officer,,Loading-Bay-Camera-HN-33,Ha Tran,2026-02-22 22:24:00,false,Task completed successfully. Asset is operating within expected thresholds.,Mekong Telecom Services,2026-02-16 22:24:00
Inspect backhaul alignment and RSSI stability - Microwave-Radio-HN-33,DONE,MEDIUM,"Inspect backhaul alignment and rssi stability for Ceragon IP-20C Microwave Radio installed at Roof - HN-33. Assigned owner: Field Technician. Include functional checks, log review, and required remedial actions if deviations are found.",2025-12-19,3.0,815,450.0,2025-11-27 07:45:00,2025-12-10 17:45:00,false,Network Maintenance,Roof - HN-33,Cellular Maintenance,Field Technician,,Microwave-Radio-HN-33,Hieu Do,2025-12-10 17:45:00,false,Corrective action implemented and follow-up checks were satisfactory.,,2025-11-27 07:45:00
Inspect and clean fiber terminations - Fiber-Patch-Panel-HN-33,DONE,MEDIUM,"Inspect and clean fiber terminations for Corning EDGE Fiber Patch Panel installed at IDF Room 1 - HN-33. Assigned owner: Cabling Technician. Include functional checks, log review, and required remedial actions if deviations are found.",2025-07-27,4.0,816,650.0,2025-07-10 12:58:00,2025-07-18 21:58:00,false,Preventive Maintenance,IDF Room 1 - HN-33,Infrastructure,Cabling Technician,,Fiber-Patch-Panel-HN-33,Loc Nguyen,2025-07-18 21:58:00,true,Inspection completed and no critical issues were found.,,2025-07-10 12:58:00
Verify edge switch firmware and uplink stability - Edge-Switch-HN-33,OPEN,MEDIUM,"Verify edge switch firmware and uplink stability for Cisco Catalyst 9300 Edge Switch installed at IDF Room 2 - HN-33. Assigned owner: Network Engineer. Include functional checks, log review, and required remedial actions if deviations are found.",2025-05-20,6.0,817,450.0,2025-03-22 11:38:00,2025-03-23 13:38:00,false,Network Maintenance,IDF Room 2 - HN-33,Network Operations,Network Engineer,,Edge-Switch-HN-33,,,false,,,2025-03-22 11:38:00
Optimize antenna alignment and sector KPIs - 5G-Antenna-HN-33,DONE,HIGH,"Optimize antenna alignment and sector kpis for Ericsson AIR 6488 Massive MIMO Antenna installed at Telecom Mast - HN-33. Assigned owner: Field Technician. Include functional checks, log review, and required remedial actions if deviations are found.",2025-04-15,8.0,818,700.0,2025-03-22 00:53:00,2025-03-29 04:53:00,true,Cellular Maintenance,Telecom Mast - HN-33,Cellular Maintenance,Field Technician,,5G-Antenna-HN-33,Hieu Do,2025-03-29 04:53:00,true,Sector alignment improved signal quality and throughput remained stable after tuning.,,2025-03-22 00:53:00
Review baseband alarms and software health - Baseband-Unit-HN-33,DONE,URGENT,"Review baseband alarms and software health for Nokia AirScale Baseband Unit installed at Base Station - HN-33. Assigned owner: Field Technician. Include functional checks, log review, and required remedial actions if deviations are found.",2025-04-12,8.0,819,800.0,2025-04-04 18:08:00,2025-04-12 18:08:00,true,Cellular Maintenance,Base Station - HN-33,Cellular Maintenance,Field Technician,,Baseband-Unit-HN-33,Duc Nguyen,2025-04-12 18:08:00,true,Maintenance completed successfully. Performance is stable after service.,,2025-04-04 18:08:00
Inspect RRU connectors and weather sealing - Radio-Unit-HN-33,DONE,LOW,"Inspect rru connectors and weather sealing for Ericsson Radio 4422 Remote Radio Unit installed at Antenna Array - HN-33. Assigned owner: Field Technician. Include functional checks, log review, and required remedial actions if deviations are found.",2025-07-30,2.0,820,225.0,2025-07-07 16:28:00,2025-07-09 00:28:00,false,Cellular Maintenance,Antenna Array - HN-33,Cellular Maintenance,Field Technician,,Radio-Unit-HN-33,Tien Bui,2025-07-09 00:28:00,false,Inspection completed and no critical issues were found.,,2025-07-07 16:28:00
Validate gateway sensor polling and packet delivery - Sensor-Gateway-HN-33,ON_HOLD,URGENT,"Validate gateway sensor polling and packet delivery for Advantech WISE-6610 IoT Gateway installed at Storage Room - HN-33. Assigned owner: Facilities Supervisor. Include functional checks, log review, and required remedial actions if deviations are found.",2026-04-25,4.0,821,500.0,2026-03-30 01:39:00,2026-03-31 07:39:00,true,Preventive Maintenance,Storage Room - HN-33,Facilities,Facilities Supervisor,,Sensor-Gateway-HN-33,,,false,,,2026-03-30 01:39:00
Tune wireless controller profiles and client balancing - WiFi-Controller-HN-33,IN_PROGRESS,LOW,"Tune wireless controller profiles and client balancing for Cisco Catalyst 9800-L Wireless Controller installed at Office Floor 1 - HN-33. Assigned owner: Network Engineer. Include functional checks, log review, and required remedial actions if deviations are found.",2026-04-18,2.0,822,275.0,2026-03-21 09:20:00,2026-03-22 16:20:00,false,Network Maintenance,Office Floor 1 - HN-33,Network Operations,Network Engineer,,WiFi-Controller-HN-33,,,false,,,2026-03-21 09:20:00
Validate AP channel plan and client coverage - Access-Point-HN-33,IN_PROGRESS,HIGH,"Validate ap channel plan and client coverage for Aruba AP-515 Wireless Access Point installed at Office Floor 2 - HN-33. Assigned owner: Network Engineer. Include functional checks, log review, and required remedial actions if deviations are found.",2025-09-13,4.0,823,600.0,2025-06-02 11:01:00,2025-06-03 19:01:00,true,Network Maintenance,Office Floor 2 - HN-33,Network Operations,Network Engineer,,Access-Point-HN-33,,,false,,,2025-06-02 11:01:00
Review GPU thermals and update AI server firmware - AI-Analytics-Server-HN-33,DONE,MEDIUM,"Review gpu thermals and update ai server firmware for NVIDIA DGX A100 AI Analytics Server installed at Lab A - HN-33. Assigned owner: AI Specialist. Include functional checks, log review, and required remedial actions if deviations are found.",2025-07-06,4.0,824,650.0,2025-06-08 21:53:00,2025-06-23 00:53:00,false,Server Maintenance,Lab A - HN-33,AI Operations,AI Specialist,,AI-Analytics-Server-HN-33,My Nguyen,2025-06-23 00:53:00,false,GPU temperatures normalized after maintenance and all accelerators passed diagnostics.,,2025-06-08 21:53:00
Verify monitoring appliance calibration and alerting - Monitoring-Appliance-HN-33,DONE,MEDIUM,"Verify monitoring appliance calibration and alerting for Fluke OptiView XG Network Monitoring Appliance installed at Workshop - HN-33. Assigned owner: Network Engineer. Include functional checks, log review, and required remedial actions if deviations are found.",2025-02-02,6.0,825,450.0,2025-01-28 14:51:00,2025-01-31 17:51:00,false,Calibration,Workshop - HN-33,Network Operations,Network Engineer,,Monitoring-Appliance-HN-33,Bao Nguyen,2025-01-31 17:51:00,true,Inspection completed and no critical issues were found.,,2025-01-28 14:51:00
Calibrate monitoring thresholds - Monitoring-System-HN-34,DONE,MEDIUM,"Calibrate monitoring thresholds for SolarWinds Hybrid Cloud Observability Appliance installed at Infrastructure Site - HN-34. Assigned owner: Network Engineer. Include functional checks, log review, and required remedial actions if deviations are found.",2025-05-26,4.0,826,350.0,2025-05-10 09:59:00,2025-05-16 19:59:00,false,Calibration,Infrastructure Site - HN-34,Network Operations,Network Engineer,,Monitoring-System-HN-34,Quoc Pham,2025-05-16 19:59:00,true,Corrective action implemented and follow-up checks were satisfactory.,,2025-05-10 09:59:00
Quarterly preventive maintenance on core router - Core-Router-HN-34,IN_PROGRESS,MEDIUM,"Quarterly preventive maintenance on core router for Cisco ASR 9904 Core Router installed at Network Operations Center (NOC) - HN-34. Assigned owner: Network Engineer. Include functional checks, log review, and required remedial actions if deviations are found.",2026-01-07,3.0,827,300.0,2025-12-13 00:48:00,2025-12-14 12:48:00,false,Network Maintenance,Network Operations Center (NOC) - HN-34,Network Operations,Network Engineer,,Core-Router-HN-34,,,false,,,2025-12-13 00:48:00
Review VMS storage health and recording retention - Security-VMS-Server-HN-34,OPEN,MEDIUM,"Review vms storage health and recording retention for Milestone Husky IVO 350R Video Management Server installed at Security Operations Center (SOC) - HN-34. Assigned owner: Security Officer. Include functional checks, log review, and required remedial actions if deviations are found.",2026-02-24,2.0,828,225.0,2026-02-21 05:28:00,2026-02-22 18:28:00,false,Security Maintenance,Security Operations Center (SOC) - HN-34,Security Operations,Security Officer,,Security-VMS-Server-HN-34,,,false,,,2026-02-21 05:28:00
Patch hypervisor host and validate cluster health - Virtualization-Host-HN-34,IN_PROGRESS,MEDIUM,"Patch hypervisor host and validate cluster health for Dell PowerEdge R750 Virtualization Host installed at Server Room A - HN-34. Assigned owner: System Administrator. Include functional checks, log review, and required remedial actions if deviations are found.",2025-07-07,2.0,829,250.0,2025-03-30 05:32:00,2025-03-31 19:32:00,false,Server Maintenance,Server Room A - HN-34,Server Operations,System Administrator,,Virtualization-Host-HN-34,,,false,,,2025-03-30 05:32:00
Inspect storage array alerts and firmware status - Storage-Array-HN-34,DONE,HIGH,"Inspect storage array alerts and firmware status for NetApp AFF A250 Storage Array installed at Server Room B - HN-34. Assigned owner: Storage Administrator. Include functional checks, log review, and required remedial actions if deviations are found.",2025-07-16,2.0,830,275.0,2025-07-07 02:55:00,2025-07-10 08:55:00,false,Server Maintenance,Server Room B - HN-34,Server Operations,Storage Administrator,,Storage-Array-HN-34,Trang Pham,2025-07-10 08:55:00,true,Task completed successfully. Asset is operating within expected thresholds.,,2025-07-07 02:55:00
Validate switch port configuration and error counters - Access-Switch-HN-34,ON_HOLD,LOW,"Validate switch port configuration and error counters for Juniper EX4300 Access Switch installed at Network Closet - HN-34. Assigned owner: Network Engineer. Include functional checks, log review, and required remedial actions if deviations are found.",2025-07-22,3.0,831,450.0,2025-05-19 19:56:00,2025-05-21 11:56:00,false,Network Maintenance,Network Closet - HN-34,Network Operations,Network Engineer,,Access-Switch-HN-34,,,false,,,2025-05-19 19:56:00
Update access control firmware and credential sync - Access-Control-Panel-HN-34,DONE,HIGH,"Update access control firmware and credential sync for Paxton Net2 Plus Access Control Panel installed at Access Control Room - HN-34. Assigned owner: Security Officer. Include functional checks, log review, and required remedial actions if deviations are found.",2025-12-11,4.0,832,650.0,2025-11-25 04:55:00,2025-12-04 10:55:00,true,Security Maintenance,Access Control Room - HN-34,Security Operations,Security Officer,,Access-Control-Panel-HN-34,Long Pham,2025-12-04 10:55:00,false,Task completed successfully. Asset is operating within expected thresholds.,,2025-11-25 04:55:00
Inspect NVR recording capacity and camera retention - NVR-HN-34,DONE,HIGH,"Inspect nvr recording capacity and camera retention for Hikvision DS-9632NI-M8 Network Video Recorder installed at Video Surveillance Room - HN-34. Assigned owner: Security Officer. Include functional checks, log review, and required remedial actions if deviations are found.",2025-02-01,2.0,833,150.0,2025-01-20 03:15:00,2025-02-01 03:15:00,true,Security Maintenance,Video Surveillance Room - HN-34,Security Operations,Security Officer,,NVR-HN-34,Long Pham,2025-02-01 03:15:00,true,Inspection completed and no critical issues were found.,,2025-01-20 03:15:00
Perform UPS battery health check and load test - UPS-HN-34,OPEN,HIGH,"Perform ups battery health check and load test for APC Smart-UPS SRT 3000VA installed at UPS Room - HN-34. Assigned owner: Electrician. Include functional checks, log review, and required remedial actions if deviations are found.",2026-03-21,1.0,834,87.5,2026-02-24 00:16:00,2026-02-25 19:16:00,true,Power Maintenance,UPS Room - HN-34,Facilities,Electrician,,UPS-HN-34,,,false,,,2026-02-24 00:16:00
Test ATS failover sequence - ATS-Panel-HN-34,DONE,HIGH,"Test ats failover sequence for Schneider EasyPact Automatic Transfer Switch installed at Electrical Room - HN-34. Assigned owner: Electrician. Include functional checks, log review, and required remedial actions if deviations are found.",2026-02-03,4.0,835,400.0,2026-01-27 19:36:00,2026-02-03 19:36:00,true,Power Maintenance,Electrical Room - HN-34,Facilities,Electrician,,ATS-Panel-HN-34,Dat Le,2026-02-03 19:36:00,false,Corrective action implemented and follow-up checks were satisfactory.,,2026-01-27 19:36:00
Replace filters and inspect cooling performance - CRAC-Unit-HN-34,DONE,LOW,"Replace filters and inspect cooling performance for Vertiv Liebert PDX Precision Cooling Unit installed at HVAC Plant - HN-34. Assigned owner: HVAC Technician. Include functional checks, log review, and required remedial actions if deviations are found.",2025-05-10,1.0,836,112.5,2025-04-28 06:57:00,2025-04-30 15:57:00,false,Preventive Maintenance,HVAC Plant - HN-34,Facilities,HVAC Technician,,CRAC-Unit-HN-34,Hung Bui,2025-04-30 15:57:00,true,Task completed successfully. Asset is operating within expected thresholds.,,2025-04-28 06:57:00
Monthly backup generator test run - Generator-HN-34,DONE,MEDIUM,"Monthly backup generator test run for Cummins C275D5 Backup Generator installed at Generator Yard - HN-34. Assigned owner: Electrician. Include functional checks, log review, and required remedial actions if deviations are found.",2025-07-24,2.0,837,250.0,2025-07-11 02:33:00,2025-07-20 11:33:00,false,Power Maintenance,Generator Yard - HN-34,Facilities,Electrician,,Generator-HN-34,Khanh Truong,2025-07-20 11:33:00,true,Work order closed after verification by the site operations team.,,2025-07-11 02:33:00
Clean and validate visitor kiosk peripherals - Visitor-Kiosk-HN-34,DONE,MEDIUM,"Clean and validate visitor kiosk peripherals for ZKTeco SpeedFace-V5L Visitor Kiosk installed at Reception - HN-34. Assigned owner: Security Officer. Include functional checks, log review, and required remedial actions if deviations are found.",2025-08-21,4.0,838,550.0,2025-07-29 14:09:00,2025-07-31 20:09:00,false,Preventive Maintenance,Reception - HN-34,Security Operations,Security Officer,,Visitor-Kiosk-HN-34,Ha Tran,2025-07-31 20:09:00,true,Inspection completed and no critical issues were found.,,2025-07-29 14:09:00
Clean camera lens and verify image quality - Loading-Bay-Camera-HN-34,OPEN,MEDIUM,"Clean camera lens and verify image quality for Hikvision DS-2CD2686G2 Bullet Camera installed at Loading Bay - HN-34. Assigned owner: Security Officer. Include functional checks, log review, and required remedial actions if deviations are found.",2025-05-28,3.0,839,450.0,2025-01-31 22:01:00,2025-02-02 22:01:00,false,Security Maintenance,Loading Bay - HN-34,Security Operations,Security Officer,,Loading-Bay-Camera-HN-34,,,false,,,2025-01-31 22:01:00
Inspect backhaul alignment and RSSI stability - Microwave-Radio-HN-34,OPEN,LOW,"Inspect backhaul alignment and rssi stability for Ceragon IP-20C Microwave Radio installed at Roof - HN-34. Assigned owner: Field Technician. Include functional checks, log review, and required remedial actions if deviations are found.",2026-03-12,4.0,840,650.0,2026-02-13 18:01:00,2026-02-15 19:01:00,false,Network Maintenance,Roof - HN-34,Cellular Maintenance,Field Technician,,Microwave-Radio-HN-34,,,false,,,2026-02-13 18:01:00
Inspect and clean fiber terminations - Fiber-Patch-Panel-HN-34,DONE,LOW,"Inspect and clean fiber terminations for Corning EDGE Fiber Patch Panel installed at IDF Room 1 - HN-34. Assigned owner: Cabling Technician. Include functional checks, log review, and required remedial actions if deviations are found.",2026-02-25,1.0,841,75.0,2026-02-15 21:22:00,2026-02-25 00:22:00,false,Preventive Maintenance,IDF Room 1 - HN-34,Infrastructure,Cabling Technician,,Fiber-Patch-Panel-HN-34,Kiet Tran,2026-02-25 00:22:00,false,Corrective action implemented and follow-up checks were satisfactory.,,2026-02-15 21:22:00
Verify edge switch firmware and uplink stability - Edge-Switch-HN-34,DONE,MEDIUM,"Verify edge switch firmware and uplink stability for Cisco Catalyst 9300 Edge Switch installed at IDF Room 2 - HN-34. Assigned owner: Network Engineer. Include functional checks, log review, and required remedial actions if deviations are found.",2025-06-14,2.0,842,175.0,2025-05-31 21:44:00,2025-06-10 01:44:00,false,Network Maintenance,IDF Room 2 - HN-34,Network Operations,Network Engineer,,Edge-Switch-HN-34,Quoc Pham,2025-06-10 01:44:00,true,Task completed successfully. Asset is operating within expected thresholds.,,2025-05-31 21:44:00
Optimize antenna alignment and sector KPIs - 5G-Antenna-HN-34,DONE,MEDIUM,"Optimize antenna alignment and sector kpis for Ericsson AIR 6488 Massive MIMO Antenna installed at Telecom Mast - HN-34. Assigned owner: Field Technician. Include functional checks, log review, and required remedial actions if deviations are found.",2025-05-29,4.0,843,400.0,2025-05-14 01:16:00,2025-05-24 04:16:00,false,Cellular Maintenance,Telecom Mast - HN-34,Cellular Maintenance,Field Technician,,5G-Antenna-HN-34,Khoa Le,2025-05-24 04:16:00,true,Sector alignment improved signal quality and throughput remained stable after tuning.,,2025-05-14 01:16:00
Review baseband alarms and software health - Baseband-Unit-HN-34,OPEN,MEDIUM,"Review baseband alarms and software health for Nokia AirScale Baseband Unit installed at Base Station - HN-34. Assigned owner: Field Technician. Include functional checks, log review, and required remedial actions if deviations are found.",2026-02-19,4.0,844,450.0,2026-02-15 16:37:00,2026-02-17 21:37:00,false,Cellular Maintenance,Base Station - HN-34,Cellular Maintenance,Field Technician,,Baseband-Unit-HN-34,,,false,,,2026-02-15 16:37:00
Inspect RRU connectors and weather sealing - Radio-Unit-HN-34,DONE,LOW,"Inspect rru connectors and weather sealing for Ericsson Radio 4422 Remote Radio Unit installed at Antenna Array - HN-34. Assigned owner: Field Technician. Include functional checks, log review, and required remedial actions if deviations are found.",2025-11-26,4.0,845,500.0,2025-10-31 03:54:00,2025-11-10 04:54:00,false,Cellular Maintenance,Antenna Array - HN-34,Cellular Maintenance,Field Technician,,Radio-Unit-HN-34,Hieu Do,2025-11-10 04:54:00,false,Inspection completed and no critical issues were found.,,2025-10-31 03:54:00
Validate gateway sensor polling and packet delivery - Sensor-Gateway-HN-34,IN_PROGRESS,MEDIUM,"Validate gateway sensor polling and packet delivery for Advantech WISE-6610 IoT Gateway installed at Storage Room - HN-34. Assigned owner: Facilities Supervisor. Include functional checks, log review, and required remedial actions if deviations are found.",2025-11-18,3.0,846,412.5,2025-09-22 08:46:00,2025-09-24 15:46:00,false,Preventive Maintenance,Storage Room - HN-34,Facilities,Facilities Supervisor,,Sensor-Gateway-HN-34,,,false,,,2025-09-22 08:46:00
Tune wireless controller profiles and client balancing - WiFi-Controller-HN-34,DONE,HIGH,"Tune wireless controller profiles and client balancing for Cisco Catalyst 9800-L Wireless Controller installed at Office Floor 1 - HN-34. Assigned owner: Network Engineer. Include functional checks, log review, and required remedial actions if deviations are found.",2025-09-01,1.0,847,150.0,2025-08-06 15:37:00,2025-08-10 21:37:00,true,Network Maintenance,Office Floor 1 - HN-34,Network Operations,Network Engineer,,WiFi-Controller-HN-34,Anh Hoang,2025-08-10 21:37:00,true,Corrective action implemented and follow-up checks were satisfactory.,,2025-08-06 15:37:00
Validate AP channel plan and client coverage - Access-Point-HN-34,DONE,MEDIUM,"Validate ap channel plan and client coverage for Aruba AP-515 Wireless Access Point installed at Office Floor 2 - HN-34. Assigned owner: Network Engineer. Include functional checks, log review, and required remedial actions if deviations are found.",2025-05-08,1.0,848,162.5,2025-04-15 14:40:00,2025-04-26 15:40:00,false,Network Maintenance,Office Floor 2 - HN-34,Network Operations,Network Engineer,,Access-Point-HN-34,Tuan Vo,2025-04-26 15:40:00,true,Task completed successfully. Asset is operating within expected thresholds.,,2025-04-15 14:40:00
Review GPU thermals and update AI server firmware - AI-Analytics-Server-HN-34,DONE,LOW,"Review gpu thermals and update ai server firmware for NVIDIA DGX A100 AI Analytics Server installed at Lab A - HN-34. Assigned owner: AI Specialist. Include functional checks, log review, and required remedial actions if deviations are found.",2025-10-28,4.0,849,300.0,2025-10-04 02:51:00,2025-10-08 09:51:00,false,Server Maintenance,Lab A - HN-34,AI Operations,AI Specialist,,AI-Analytics-Server-HN-34,Nhi Tran,2025-10-08 09:51:00,false,GPU temperatures normalized after maintenance and all accelerators passed diagnostics.,,2025-10-04 02:51:00
Verify monitoring appliance calibration and alerting - Monitoring-Appliance-HN-34,DONE,LOW,"Verify monitoring appliance calibration and alerting for Fluke OptiView XG Network Monitoring Appliance installed at Workshop - HN-34. Assigned owner: Network Engineer. Include functional checks, log review, and required remedial actions if deviations are found.",2025-04-06,8.0,850,700.0,2025-03-12 06:47:00,2025-03-16 15:47:00,false,Calibration,Workshop - HN-34,Network Operations,Network Engineer,,Monitoring-Appliance-HN-34,Anh Hoang,2025-03-16 15:47:00,true,Inspection completed and no critical issues were found.,,2025-03-12 06:47:00
Calibrate monitoring thresholds - Monitoring-System-HCM-35,IN_PROGRESS,LOW,"Calibrate monitoring thresholds for SolarWinds Hybrid Cloud Observability Appliance installed at Infrastructure Site - HCM-35. Assigned owner: Network Engineer. Include functional checks, log review, and required remedial actions if deviations are found.",2026-01-27,4.0,851,400.0,2026-01-18 22:22:00,2026-01-21 10:22:00,false,Calibration,Infrastructure Site - HCM-35,Network Operations,Network Engineer,,Monitoring-System-HCM-35,,,false,,,2026-01-18 22:22:00
Quarterly preventive maintenance on core router - Core-Router-HCM-35,DONE,URGENT,"Quarterly preventive maintenance on core router for Cisco ASR 9904 Core Router installed at Network Operations Center (NOC) - HCM-35. Assigned owner: Network Engineer. Include functional checks, log review, and required remedial actions if deviations are found.",2025-03-28,8.0,852,900.0,2025-03-02 00:24:00,2025-03-15 02:24:00,false,Network Maintenance,Network Operations Center (NOC) - HCM-35,Network Operations,Network Engineer,,Core-Router-HCM-35,Minh Tran,2025-03-15 02:24:00,true,Maintenance completed successfully. Router performance and routing tables are stable.,,2025-03-02 00:24:00
Review VMS storage health and recording retention - Security-VMS-Server-HCM-35,OPEN,HIGH,"Review vms storage health and recording retention for Milestone Husky IVO 350R Video Management Server installed at Security Operations Center (SOC) - HCM-35. Assigned owner: Security Officer. Include functional checks, log review, and required remedial actions if deviations are found.",2026-02-20,2.0,853,250.0,2026-02-12 16:54:00,2026-02-15 06:54:00,false,Security Maintenance,Security Operations Center (SOC) - HCM-35,Security Operations,Security Officer,,Security-VMS-Server-HCM-35,,,false,,,2026-02-12 16:54:00
Patch hypervisor host and validate cluster health - Virtualization-Host-HCM-35,DONE,MEDIUM,"Patch hypervisor host and validate cluster health for Dell PowerEdge R750 Virtualization Host installed at Server Room A - HCM-35. Assigned owner: System Administrator. Include functional checks, log review, and required remedial actions if deviations are found.",2025-04-07,1.0,854,137.5,2025-03-29 08:06:00,2025-04-07 08:06:00,false,Server Maintenance,Server Room A - HCM-35,Server Operations,System Administrator,,Virtualization-Host-HCM-35,Huy Truong,2025-04-07 08:06:00,true,Work order closed after verification by the site operations team.,,2025-03-29 08:06:00
Inspect storage array alerts and firmware status - Storage-Array-HCM-35,DONE,URGENT,"Inspect storage array alerts and firmware status for NetApp AFF A250 Storage Array installed at Server Room B - HCM-35. Assigned owner: Storage Administrator. Include functional checks, log review, and required remedial actions if deviations are found.",2025-04-25,1.0,855,150.0,2025-04-04 07:23:00,2025-04-17 13:23:00,false,Server Maintenance,Server Room B - HCM-35,Server Operations,Storage Administrator,,Storage-Array-HCM-35,Nhat Le,2025-04-17 13:23:00,false,Maintenance completed successfully. Performance is stable after service.,,2025-04-04 07:23:00
Validate switch port configuration and error counters - Access-Switch-HCM-35,DONE,HIGH,"Validate switch port configuration and error counters for Juniper EX4300 Access Switch installed at Network Closet - HCM-35. Assigned owner: Network Engineer. Include functional checks, log review, and required remedial actions if deviations are found.",2025-03-02,4.0,856,650.0,2025-02-25 09:54:00,2025-03-02 09:54:00,false,Network Maintenance,Network Closet - HCM-35,Network Operations,Network Engineer,,Access-Switch-HCM-35,Bao Nguyen,2025-03-02 09:54:00,true,Work order closed after verification by the site operations team.,,2025-02-25 09:54:00
Update access control firmware and credential sync - Access-Control-Panel-HCM-35,DONE,LOW,"Update access control firmware and credential sync for Paxton Net2 Plus Access Control Panel installed at Access Control Room - HCM-35. Assigned owner: Security Officer. Include functional checks, log review, and required remedial actions if deviations are found.",2025-11-21,2.0,857,150.0,2025-11-13 16:13:00,2025-11-21 16:13:00,false,Security Maintenance,Access Control Room - HCM-35,Security Operations,Security Officer,,Access-Control-Panel-HCM-35,Vy Do,2025-11-21 16:13:00,false,Corrective action implemented and follow-up checks were satisfactory.,,2025-11-13 16:13:00
Inspect NVR recording capacity and camera retention - NVR-HCM-35,OPEN,MEDIUM,"Inspect nvr recording capacity and camera retention for Hikvision DS-9632NI-M8 Network Video Recorder installed at Video Surveillance Room - HCM-35. Assigned owner: Security Officer. Include functional checks, log review, and required remedial actions if deviations are found.",2025-12-20,1.0,858,87.5,2025-09-20 15:05:00,2025-09-23 10:05:00,false,Security Maintenance,Video Surveillance Room - HCM-35,Security Operations,Security Officer,,NVR-HCM-35,,,false,,,2025-09-20 15:05:00
Perform UPS battery health check and load test - UPS-HCM-35,DONE,HIGH,"Perform ups battery health check and load test for APC Smart-UPS SRT 3000VA installed at UPS Room - HCM-35. Assigned owner: Electrician. Include functional checks, log review, and required remedial actions if deviations are found.",2025-02-12,4.0,859,400.0,2025-02-03 14:50:00,2025-02-12 14:50:00,true,Power Maintenance,UPS Room - HCM-35,Facilities,Electrician,,UPS-HCM-35,Phong Pham,2025-02-12 14:50:00,true,UPS battery strings passed the load test and runtime remained within target.,,2025-02-03 14:50:00
Test ATS failover sequence - ATS-Panel-HCM-35,DONE,MEDIUM,"Test ats failover sequence for Schneider EasyPact Automatic Transfer Switch installed at Electrical Room - HCM-35. Assigned owner: Electrician. Include functional checks, log review, and required remedial actions if deviations are found.",2025-04-19,1.0,860,112.5,2025-04-11 08:45:00,2025-04-13 17:45:00,false,Power Maintenance,Electrical Room - HCM-35,Facilities,Electrician,,ATS-Panel-HCM-35,Khanh Truong,2025-04-13 17:45:00,false,Maintenance completed successfully. Performance is stable after service.,,2025-04-11 08:45:00
Replace filters and inspect cooling performance - CRAC-Unit-HCM-35,DONE,MEDIUM,"Replace filters and inspect cooling performance for Vertiv Liebert PDX Precision Cooling Unit installed at HVAC Plant - HCM-35. Assigned owner: HVAC Technician. Include functional checks, log review, and required remedial actions if deviations are found.",2025-02-03,2.0,861,250.0,2025-01-22 12:20:00,2025-01-29 14:20:00,false,Preventive Maintenance,HVAC Plant - HCM-35,Facilities,HVAC Technician,,CRAC-Unit-HCM-35,Hung Bui,2025-01-29 14:20:00,false,Inspection completed and no critical issues were found.,,2025-01-22 12:20:00
Monthly backup generator test run - Generator-HCM-35,ON_HOLD,URGENT,"Monthly backup generator test run for Cummins C275D5 Backup Generator installed at Generator Yard - HCM-35. Assigned owner: Electrician. Include functional checks, log review, and required remedial actions if deviations are found.",2026-02-26,6.0,862,825.0,2026-01-31 17:51:00,2026-02-03 16:51:00,false,Power Maintenance,Generator Yard - HCM-35,Facilities,Electrician,,Generator-HCM-35,,,false,,,2026-01-31 17:51:00
Clean and validate visitor kiosk peripherals - Visitor-Kiosk-HCM-35,OPEN,HIGH,"Clean and validate visitor kiosk peripherals for ZKTeco SpeedFace-V5L Visitor Kiosk installed at Reception - HCM-35. Assigned owner: Security Officer. Include functional checks, log review, and required remedial actions if deviations are found.",2025-09-24,3.0,863,450.0,2025-08-14 21:27:00,2025-08-17 21:27:00,false,Preventive Maintenance,Reception - HCM-35,Security Operations,Security Officer,,Visitor-Kiosk-HCM-35,,,false,,,2025-08-14 21:27:00
Clean camera lens and verify image quality - Loading-Bay-Camera-HCM-35,DONE,MEDIUM,"Clean camera lens and verify image quality for Hikvision DS-2CD2686G2 Bullet Camera installed at Loading Bay - HCM-35. Assigned owner: Security Officer. Include functional checks, log review, and required remedial actions if deviations are found.",2025-09-05,2.0,864,325.0,2025-08-21 03:19:00,2025-09-02 13:19:00,false,Security Maintenance,Loading Bay - HCM-35,Security Operations,Security Officer,,Loading-Bay-Camera-HCM-35,Ha Tran,2025-09-02 13:19:00,false,Task completed successfully. Asset is operating within expected thresholds.,Alpha Secure Systems,2025-08-21 03:19:00
Inspect backhaul alignment and RSSI stability - Microwave-Radio-HCM-35,OPEN,MEDIUM,"Inspect backhaul alignment and rssi stability for Ceragon IP-20C Microwave Radio installed at Roof - HCM-35. Assigned owner: Field Technician. Include functional checks, log review, and required remedial actions if deviations are found.",2025-05-19,4.0,865,300.0,2025-01-15 08:33:00,2025-01-15 10:33:00,false,Network Maintenance,Roof - HCM-35,Cellular Maintenance,Field Technician,,Microwave-Radio-HCM-35,,,false,,,2025-01-15 08:33:00
Inspect and clean fiber terminations - Fiber-Patch-Panel-HCM-35,IN_PROGRESS,URGENT,"Inspect and clean fiber terminations for Corning EDGE Fiber Patch Panel installed at IDF Room 1 - HCM-35. Assigned owner: Cabling Technician. Include functional checks, log review, and required remedial actions if deviations are found.",2025-04-27,6.0,866,525.0,2025-01-13 14:02:00,2025-01-13 17:02:00,false,Preventive Maintenance,IDF Room 1 - HCM-35,Infrastructure,Cabling Technician,,Fiber-Patch-Panel-HCM-35,,,false,,,2025-01-13 14:02:00
Verify edge switch firmware and uplink stability - Edge-Switch-HCM-35,DONE,LOW,"Verify edge switch firmware and uplink stability for Cisco Catalyst 9300 Edge Switch installed at IDF Room 2 - HCM-35. Assigned owner: Network Engineer. Include functional checks, log review, and required remedial actions if deviations are found.",2026-01-09,2.0,867,200.0,2025-12-21 16:13:00,2026-01-03 02:13:00,false,Network Maintenance,IDF Room 2 - HCM-35,Network Operations,Network Engineer,,Edge-Switch-HCM-35,Anh Hoang,2026-01-03 02:13:00,false,Work order closed after verification by the site operations team.,,2025-12-21 16:13:00
Optimize antenna alignment and sector KPIs - 5G-Antenna-HCM-35,DONE,LOW,"Optimize antenna alignment and sector kpis for Ericsson AIR 6488 Massive MIMO Antenna installed at Telecom Mast - HCM-35. Assigned owner: Field Technician. Include functional checks, log review, and required remedial actions if deviations are found.",2025-09-07,4.0,868,450.0,2025-08-18 00:09:00,2025-09-07 00:09:00,false,Cellular Maintenance,Telecom Mast - HCM-35,Cellular Maintenance,Field Technician,,5G-Antenna-HCM-35,Tien Bui,2025-09-07 00:09:00,false,Sector alignment improved signal quality and throughput remained stable after tuning.,,2025-08-18 00:09:00
Review baseband alarms and software health - Baseband-Unit-HCM-35,OPEN,MEDIUM,"Review baseband alarms and software health for Nokia AirScale Baseband Unit installed at Base Station - HCM-35. Assigned owner: Field Technician. Include functional checks, log review, and required remedial actions if deviations are found.",2025-10-22,6.0,869,750.0,2025-06-23 13:32:00,2025-06-23 19:32:00,false,Cellular Maintenance,Base Station - HCM-35,Cellular Maintenance,Field Technician,,Baseband-Unit-HCM-35,,,false,,,2025-06-23 13:32:00
Inspect RRU connectors and weather sealing - Radio-Unit-HCM-35,DONE,LOW,"Inspect rru connectors and weather sealing for Ericsson Radio 4422 Remote Radio Unit installed at Antenna Array - HCM-35. Assigned owner: Field Technician. Include functional checks, log review, and required remedial actions if deviations are found.",2026-01-29,8.0,870,1100.0,2026-01-03 16:56:00,2026-01-17 17:56:00,false,Cellular Maintenance,Antenna Array - HCM-35,Cellular Maintenance,Field Technician,,Radio-Unit-HCM-35,Duc Nguyen,2026-01-17 17:56:00,false,Work order closed after verification by the site operations team.,,2026-01-03 16:56:00
Validate gateway sensor polling and packet delivery - Sensor-Gateway-HCM-35,IN_PROGRESS,MEDIUM,"Validate gateway sensor polling and packet delivery for Advantech WISE-6610 IoT Gateway installed at Storage Room - HCM-35. Assigned owner: Facilities Supervisor. Include functional checks, log review, and required remedial actions if deviations are found.",2025-09-18,4.0,871,600.0,2025-06-27 12:17:00,2025-06-27 20:17:00,false,Preventive Maintenance,Storage Room - HCM-35,Facilities,Facilities Supervisor,,Sensor-Gateway-HCM-35,,,false,,,2025-06-27 12:17:00
Tune wireless controller profiles and client balancing - WiFi-Controller-HCM-35,DONE,HIGH,"Tune wireless controller profiles and client balancing for Cisco Catalyst 9800-L Wireless Controller installed at Office Floor 1 - HCM-35. Assigned owner: Network Engineer. Include functional checks, log review, and required remedial actions if deviations are found.",2025-01-27,1.0,872,162.5,2025-01-14 22:12:00,2025-01-19 01:12:00,false,Network Maintenance,Office Floor 1 - HCM-35,Network Operations,Network Engineer,,WiFi-Controller-HCM-35,Tuan Vo,2025-01-19 01:12:00,false,Corrective action implemented and follow-up checks were satisfactory.,,2025-01-14 22:12:00
Validate AP channel plan and client coverage - Access-Point-HCM-35,DONE,MEDIUM,"Validate ap channel plan and client coverage for Aruba AP-515 Wireless Access Point installed at Office Floor 2 - HCM-35. Assigned owner: Network Engineer. Include functional checks, log review, and required remedial actions if deviations are found.",2025-05-10,2.0,873,150.0,2025-04-25 16:47:00,2025-05-04 18:47:00,false,Network Maintenance,Office Floor 2 - HCM-35,Network Operations,Network Engineer,,Access-Point-HCM-35,Tuan Vo,2025-05-04 18:47:00,false,Work order closed after verification by the site operations team.,,2025-04-25 16:47:00
Review GPU thermals and update AI server firmware - AI-Analytics-Server-HCM-35,DONE,MEDIUM,"Review gpu thermals and update ai server firmware for NVIDIA DGX A100 AI Analytics Server installed at Lab A - HCM-35. Assigned owner: AI Specialist. Include functional checks, log review, and required remedial actions if deviations are found.",2025-02-04,2.0,874,175.0,2025-01-12 22:22:00,2025-01-18 02:22:00,false,Server Maintenance,Lab A - HCM-35,AI Operations,AI Specialist,,AI-Analytics-Server-HCM-35,Tung Le,2025-01-18 02:22:00,false,GPU temperatures normalized after maintenance and all accelerators passed diagnostics.,,2025-01-12 22:22:00
Verify monitoring appliance calibration and alerting - Monitoring-Appliance-HCM-35,IN_PROGRESS,MEDIUM,"Verify monitoring appliance calibration and alerting for Fluke OptiView XG Network Monitoring Appliance installed at Workshop - HCM-35. Assigned owner: Network Engineer. Include functional checks, log review, and required remedial actions if deviations are found.",2025-07-26,4.0,875,400.0,2025-04-04 16:25:00,2025-04-05 04:25:00,false,Calibration,Workshop - HCM-35,Network Operations,Network Engineer,,Monitoring-Appliance-HCM-35,,,false,,,2025-04-04 16:25:00
Calibrate monitoring thresholds - Monitoring-System-HCM-36,DONE,MEDIUM,"Calibrate monitoring thresholds for SolarWinds Hybrid Cloud Observability Appliance installed at Infrastructure Site - HCM-36. Assigned owner: Network Engineer. Include functional checks, log review, and required remedial actions if deviations are found.",2026-02-28,1.0,876,112.5,2026-01-31 17:01:00,2026-02-07 01:01:00,false,Calibration,Infrastructure Site - HCM-36,Network Operations,Network Engineer,,Monitoring-System-HCM-36,Bao Nguyen,2026-02-07 01:01:00,false,Inspection completed and no critical issues were found.,,2026-01-31 17:01:00
Quarterly preventive maintenance on core router - Core-Router-HCM-36,IN_PROGRESS,HIGH,"Quarterly preventive maintenance on core router for Cisco ASR 9904 Core Router installed at Network Operations Center (NOC) - HCM-36. Assigned owner: Network Engineer. Include functional checks, log review, and required remedial actions if deviations are found.",2026-01-23,1.0,877,125.0,2025-10-31 18:40:00,2025-11-01 08:40:00,false,Network Maintenance,Network Operations Center (NOC) - HCM-36,Network Operations,Network Engineer,,Core-Router-HCM-36,,,false,,,2025-10-31 18:40:00
Review VMS storage health and recording retention - Security-VMS-Server-HCM-36,IN_PROGRESS,URGENT,"Review vms storage health and recording retention for Milestone Husky IVO 350R Video Management Server installed at Security Operations Center (SOC) - HCM-36. Assigned owner: Security Officer. Include functional checks, log review, and required remedial actions if deviations are found.",2025-11-18,1.0,878,137.5,2025-09-18 09:53:00,2025-09-19 00:53:00,false,Security Maintenance,Security Operations Center (SOC) - HCM-36,Security Operations,Security Officer,,Security-VMS-Server-HCM-36,,,false,,,2025-09-18 09:53:00
Patch hypervisor host and validate cluster health - Virtualization-Host-HCM-36,OPEN,LOW,"Patch hypervisor host and validate cluster health for Dell PowerEdge R750 Virtualization Host installed at Server Room A - HCM-36. Assigned owner: System Administrator. Include functional checks, log review, and required remedial actions if deviations are found.",2025-12-22,3.0,879,450.0,2025-09-07 23:11:00,2025-09-08 15:11:00,false,Server Maintenance,Server Room A - HCM-36,Server Operations,System Administrator,,Virtualization-Host-HCM-36,,,false,,,2025-09-07 23:11:00
Inspect storage array alerts and firmware status - Storage-Array-HCM-36,IN_PROGRESS,MEDIUM,"Inspect storage array alerts and firmware status for NetApp AFF A250 Storage Array installed at Server Room B - HCM-36. Assigned owner: Storage Administrator. Include functional checks, log review, and required remedial actions if deviations are found.",2025-10-01,8.0,880,1300.0,2025-06-21 14:37:00,2025-06-22 07:37:00,false,Server Maintenance,Server Room B - HCM-36,Server Operations,Storage Administrator,,Storage-Array-HCM-36,,,false,,,2025-06-21 14:37:00
Validate switch port configuration and error counters - Access-Switch-HCM-36,DONE,HIGH,"Validate switch port configuration and error counters for Juniper EX4300 Access Switch installed at Network Closet - HCM-36. Assigned owner: Network Engineer. Include functional checks, log review, and required remedial actions if deviations are found.",2026-01-08,6.0,881,450.0,2025-12-16 02:26:00,2025-12-21 08:26:00,true,Network Maintenance,Network Closet - HCM-36,Network Operations,Network Engineer,,Access-Switch-HCM-36,Tuan Vo,2025-12-21 08:26:00,false,Task completed successfully. Asset is operating within expected thresholds.,,2025-12-16 02:26:00
Update access control firmware and credential sync - Access-Control-Panel-HCM-36,DONE,URGENT,"Update access control firmware and credential sync for Paxton Net2 Plus Access Control Panel installed at Access Control Room - HCM-36. Assigned owner: Security Officer. Include functional checks, log review, and required remedial actions if deviations are found.",2026-01-24,2.0,882,175.0,2026-01-04 14:35:00,2026-01-24 14:35:00,false,Security Maintenance,Access Control Room - HCM-36,Security Operations,Security Officer,,Access-Control-Panel-HCM-36,Ha Tran,2026-01-24 14:35:00,false,Maintenance completed successfully. Performance is stable after service.,,2026-01-04 14:35:00
Inspect NVR recording capacity and camera retention - NVR-HCM-36,IN_PROGRESS,LOW,"Inspect nvr recording capacity and camera retention for Hikvision DS-9632NI-M8 Network Video Recorder installed at Video Surveillance Room - HCM-36. Assigned owner: Security Officer. Include functional checks, log review, and required remedial actions if deviations are found.",2025-10-07,3.0,883,300.0,2025-07-24 10:55:00,2025-07-25 06:55:00,false,Security Maintenance,Video Surveillance Room - HCM-36,Security Operations,Security Officer,,NVR-HCM-36,,,false,,,2025-07-24 10:55:00
Perform UPS battery health check and load test - UPS-HCM-36,OPEN,HIGH,"Perform ups battery health check and load test for APC Smart-UPS SRT 3000VA installed at UPS Room - HCM-36. Assigned owner: Electrician. Include functional checks, log review, and required remedial actions if deviations are found.",2026-01-27,4.0,884,450.0,2025-10-06 07:20:00,2025-10-07 04:20:00,true,Power Maintenance,UPS Room - HCM-36,Facilities,Electrician,,UPS-HCM-36,,,false,,,2025-10-06 07:20:00
Test ATS failover sequence - ATS-Panel-HCM-36,OPEN,HIGH,"Test ats failover sequence for Schneider EasyPact Automatic Transfer Switch installed at Electrical Room - HCM-36. Assigned owner: Electrician. Include functional checks, log review, and required remedial actions if deviations are found.",2025-07-09,2.0,885,250.0,2025-05-08 22:16:00,2025-05-09 20:16:00,true,Power Maintenance,Electrical Room - HCM-36,Facilities,Electrician,,ATS-Panel-HCM-36,,,false,,Mekong Telecom Services,2025-05-08 22:16:00
Replace filters and inspect cooling performance - CRAC-Unit-HCM-36,IN_PROGRESS,MEDIUM,"Replace filters and inspect cooling performance for Vertiv Liebert PDX Precision Cooling Unit installed at HVAC Plant - HCM-36. Assigned owner: HVAC Technician. Include functional checks, log review, and required remedial actions if deviations are found.",2026-01-07,8.0,886,1100.0,2025-09-26 06:37:00,2025-09-27 05:37:00,false,Preventive Maintenance,HVAC Plant - HCM-36,Facilities,HVAC Technician,,CRAC-Unit-HCM-36,,,false,,,2025-09-26 06:37:00
Monthly backup generator test run - Generator-HCM-36,OPEN,URGENT,"Monthly backup generator test run for Cummins C275D5 Backup Generator installed at Generator Yard - HCM-36. Assigned owner: Electrician. Include functional checks, log review, and required remedial actions if deviations are found.",2025-08-08,1.0,887,150.0,2025-05-12 08:40:00,2025-05-13 08:40:00,true,Power Maintenance,Generator Yard - HCM-36,Facilities,Electrician,,Generator-HCM-36,,,false,,VN Facilities Services,2025-05-12 08:40:00
Clean and validate visitor kiosk peripherals - Visitor-Kiosk-HCM-36,OPEN,MEDIUM,"Clean and validate visitor kiosk peripherals for ZKTeco SpeedFace-V5L Visitor Kiosk installed at Reception - HCM-36. Assigned owner: Security Officer. Include functional checks, log review, and required remedial actions if deviations are found.",2026-02-23,2.0,888,325.0,2025-11-06 17:57:00,2025-11-07 18:57:00,false,Preventive Maintenance,Reception - HCM-36,Security Operations,Security Officer,,Visitor-Kiosk-HCM-36,,,false,,,2025-11-06 17:57:00
Clean camera lens and verify image quality - Loading-Bay-Camera-HCM-36,DONE,MEDIUM,"Clean camera lens and verify image quality for Hikvision DS-2CD2686G2 Bullet Camera installed at Loading Bay - HCM-36. Assigned owner: Security Officer. Include functional checks, log review, and required remedial actions if deviations are found.",2025-05-11,2.0,889,150.0,2025-05-06 18:08:00,2025-05-11 18:08:00,false,Security Maintenance,Loading Bay - HCM-36,Security Operations,Security Officer,,Loading-Bay-Camera-HCM-36,Ha Tran,2025-05-11 18:08:00,false,Work order closed after verification by the site operations team.,,2025-05-06 18:08:00
Inspect backhaul alignment and RSSI stability - Microwave-Radio-HCM-36,DONE,HIGH,"Inspect backhaul alignment and rssi stability for Ceragon IP-20C Microwave Radio installed at Roof - HCM-36. Assigned owner: Field Technician. Include functional checks, log review, and required remedial actions if deviations are found.",2026-01-26,8.0,890,700.0,2026-01-17 22:36:00,2026-01-26 07:36:00,false,Network Maintenance,Roof - HCM-36,Cellular Maintenance,Field Technician,,Microwave-Radio-HCM-36,Khoa Le,2026-01-26 07:36:00,false,Inspection completed and no critical issues were found.,,2026-01-17 22:36:00
Inspect and clean fiber terminations - Fiber-Patch-Panel-HCM-36,IN_PROGRESS,MEDIUM,"Inspect and clean fiber terminations for Corning EDGE Fiber Patch Panel installed at IDF Room 1 - HCM-36. Assigned owner: Cabling Technician. Include functional checks, log review, and required remedial actions if deviations are found.",2025-11-01,8.0,891,800.0,2025-09-05 16:10:00,2025-09-06 20:10:00,false,Preventive Maintenance,IDF Room 1 - HCM-36,Infrastructure,Cabling Technician,,Fiber-Patch-Panel-HCM-36,,,false,,,2025-09-05 16:10:00
Verify edge switch firmware and uplink stability - Edge-Switch-HCM-36,DONE,MEDIUM,"Verify edge switch firmware and uplink stability for Cisco Catalyst 9300 Edge Switch installed at IDF Room 2 - HCM-36. Assigned owner: Network Engineer. Include functional checks, log review, and required remedial actions if deviations are found.",2025-12-16,2.0,892,225.0,2025-11-30 07:20:00,2025-12-16 07:20:00,false,Network Maintenance,IDF Room 2 - HCM-36,Network Operations,Network Engineer,,Edge-Switch-HCM-36,Quoc Pham,2025-12-16 07:20:00,false,Work order closed after verification by the site operations team.,,2025-11-30 07:20:00
Optimize antenna alignment and sector KPIs - 5G-Antenna-HCM-36,OPEN,MEDIUM,"Optimize antenna alignment and sector kpis for Ericsson AIR 6488 Massive MIMO Antenna installed at Telecom Mast - HCM-36. Assigned owner: Field Technician. Include functional checks, log review, and required remedial actions if deviations are found.",2025-03-28,2.0,893,250.0,2025-01-13 08:13:00,2025-01-14 14:13:00,false,Cellular Maintenance,Telecom Mast - HCM-36,Cellular Maintenance,Field Technician,,5G-Antenna-HCM-36,,,false,,,2025-01-13 08:13:00
Review baseband alarms and software health - Baseband-Unit-HCM-36,IN_PROGRESS,LOW,"Review baseband alarms and software health for Nokia AirScale Baseband Unit installed at Base Station - HCM-36. Assigned owner: Field Technician. Include functional checks, log review, and required remedial actions if deviations are found.",2025-07-18,4.0,894,550.0,2025-05-05 00:01:00,2025-05-06 07:01:00,false,Cellular Maintenance,Base Station - HCM-36,Cellular Maintenance,Field Technician,,Baseband-Unit-HCM-36,,,false,,,2025-05-05 00:01:00
Inspect RRU connectors and weather sealing - Radio-Unit-HCM-36,OPEN,MEDIUM,"Inspect rru connectors and weather sealing for Ericsson Radio 4422 Remote Radio Unit installed at Antenna Array - HCM-36. Assigned owner: Field Technician. Include functional checks, log review, and required remedial actions if deviations are found.",2025-12-04,2.0,895,300.0,2025-07-26 02:15:00,2025-07-27 10:15:00,false,Cellular Maintenance,Antenna Array - HCM-36,Cellular Maintenance,Field Technician,,Radio-Unit-HCM-36,,,false,,,2025-07-26 02:15:00
Validate gateway sensor polling and packet delivery - Sensor-Gateway-HCM-36,ON_HOLD,MEDIUM,"Validate gateway sensor polling and packet delivery for Advantech WISE-6610 IoT Gateway installed at Storage Room - HCM-36. Assigned owner: Facilities Supervisor. Include functional checks, log review, and required remedial actions if deviations are found.",2026-04-06,1.0,896,162.5,2026-03-18 09:48:00,2026-03-19 18:48:00,false,Preventive Maintenance,Storage Room - HCM-36,Facilities,Facilities Supervisor,,Sensor-Gateway-HCM-36,,,false,,,2026-03-18 09:48:00
Tune wireless controller profiles and client balancing - WiFi-Controller-HCM-36,DONE,MEDIUM,"Tune wireless controller profiles and client balancing for Cisco Catalyst 9800-L Wireless Controller installed at Office Floor 1 - HCM-36. Assigned owner: Network Engineer. Include functional checks, log review, and required remedial actions if deviations are found.",2025-12-08,1.0,897,75.0,2025-12-01 07:03:00,2025-12-06 08:03:00,false,Network Maintenance,Office Floor 1 - HCM-36,Network Operations,Network Engineer,,WiFi-Controller-HCM-36,Tuan Vo,2025-12-06 08:03:00,false,Maintenance completed successfully. Performance is stable after service.,,2025-12-01 07:03:00
Validate AP channel plan and client coverage - Access-Point-HCM-36,DONE,MEDIUM,"Validate ap channel plan and client coverage for Aruba AP-515 Wireless Access Point installed at Office Floor 2 - HCM-36. Assigned owner: Network Engineer. Include functional checks, log review, and required remedial actions if deviations are found.",2026-03-16,4.0,898,350.0,2026-02-26 12:52:00,2026-03-08 15:52:00,false,Network Maintenance,Office Floor 2 - HCM-36,Network Operations,Network Engineer,,Access-Point-HCM-36,Minh Tran,2026-03-08 15:52:00,false,Maintenance completed successfully. Performance is stable after service.,,2026-02-26 12:52:00
Review GPU thermals and update AI server firmware - AI-Analytics-Server-HCM-36,IN_PROGRESS,HIGH,"Review gpu thermals and update ai server firmware for NVIDIA DGX A100 AI Analytics Server installed at Lab A - HCM-36. Assigned owner: AI Specialist. Include functional checks, log review, and required remedial actions if deviations are found.",2025-06-11,8.0,899,800.0,2025-02-21 14:39:00,2025-02-23 02:39:00,false,Server Maintenance,Lab A - HCM-36,AI Operations,AI Specialist,,AI-Analytics-Server-HCM-36,,,false,,,2025-02-21 14:39:00
Verify monitoring appliance calibration and alerting - Monitoring-Appliance-HCM-36,DONE,MEDIUM,"Verify monitoring appliance calibration and alerting for Fluke OptiView XG Network Monitoring Appliance installed at Workshop - HCM-36. Assigned owner: Network Engineer. Include functional checks, log review, and required remedial actions if deviations are found.",2025-06-03,8.0,900,900.0,2025-05-20 09:35:00,2025-06-03 09:35:00,false,Calibration,Workshop - HCM-36,Network Operations,Network Engineer,,Monitoring-Appliance-HCM-36,Minh Tran,2025-06-03 09:35:00,true,Inspection completed and no critical issues were found.,,2025-05-20 09:35:00
Calibrate monitoring thresholds - Monitoring-System-DN-37,OPEN,URGENT,"Calibrate monitoring thresholds for SolarWinds Hybrid Cloud Observability Appliance installed at Infrastructure Site - DN-37. Assigned owner: Network Engineer. Include functional checks, log review, and required remedial actions if deviations are found.",2025-06-20,8.0,901,1000.0,2025-03-02 21:52:00,2025-03-04 11:52:00,false,Calibration,Infrastructure Site - DN-37,Network Operations,Network Engineer,,Monitoring-System-DN-37,,,false,,,2025-03-02 21:52:00
Quarterly preventive maintenance on core router - Core-Router-DN-37,DONE,MEDIUM,"Quarterly preventive maintenance on core router for Cisco ASR 9904 Core Router installed at Network Operations Center (NOC) - DN-37. Assigned owner: Network Engineer. Include functional checks, log review, and required remedial actions if deviations are found.",2026-01-03,2.0,902,275.0,2025-12-06 08:17:00,2025-12-11 14:17:00,false,Network Maintenance,Network Operations Center (NOC) - DN-37,Network Operations,Network Engineer,,Core-Router-DN-37,Quoc Pham,2025-12-11 14:17:00,false,Maintenance completed successfully. Router performance and routing tables are stable.,,2025-12-06 08:17:00
Review VMS storage health and recording retention - Security-VMS-Server-DN-37,DONE,HIGH,"Review vms storage health and recording retention for Milestone Husky IVO 350R Video Management Server installed at Security Operations Center (SOC) - DN-37. Assigned owner: Security Officer. Include functional checks, log review, and required remedial actions if deviations are found.",2025-02-13,1.0,903,150.0,2025-01-30 23:43:00,2025-02-08 05:43:00,false,Security Maintenance,Security Operations Center (SOC) - DN-37,Security Operations,Security Officer,,Security-VMS-Server-DN-37,Ha Tran,2025-02-08 05:43:00,true,Maintenance completed successfully. Performance is stable after service.,,2025-01-30 23:43:00
Patch hypervisor host and validate cluster health - Virtualization-Host-DN-37,DONE,MEDIUM,"Patch hypervisor host and validate cluster health for Dell PowerEdge R750 Virtualization Host installed at Server Room A - DN-37. Assigned owner: System Administrator. Include functional checks, log review, and required remedial actions if deviations are found.",2025-11-20,8.0,904,1300.0,2025-10-31 09:00:00,2025-11-02 10:00:00,false,Server Maintenance,Server Room A - DN-37,Server Operations,System Administrator,,Virtualization-Host-DN-37,Huy Truong,2025-11-02 10:00:00,false,Task completed successfully. Asset is operating within expected thresholds.,,2025-10-31 09:00:00
Inspect storage array alerts and firmware status - Storage-Array-DN-37,ON_HOLD,URGENT,"Inspect storage array alerts and firmware status for NetApp AFF A250 Storage Array installed at Server Room B - DN-37. Assigned owner: Storage Administrator. Include functional checks, log review, and required remedial actions if deviations are found.",2025-11-30,8.0,905,600.0,2025-09-24 11:06:00,2025-09-26 05:06:00,true,Server Maintenance,Server Room B - DN-37,Server Operations,Storage Administrator,,Storage-Array-DN-37,,,false,,,2025-09-24 11:06:00
Validate switch port configuration and error counters - Access-Switch-DN-37,ON_HOLD,URGENT,"Validate switch port configuration and error counters for Juniper EX4300 Access Switch installed at Network Closet - DN-37. Assigned owner: Network Engineer. Include functional checks, log review, and required remedial actions if deviations are found.",2025-10-01,6.0,906,525.0,2025-07-11 21:25:00,2025-07-13 16:25:00,false,Network Maintenance,Network Closet - DN-37,Network Operations,Network Engineer,,Access-Switch-DN-37,,,false,,,2025-07-11 21:25:00
Update access control firmware and credential sync - Access-Control-Panel-DN-37,IN_PROGRESS,MEDIUM,"Update access control firmware and credential sync for Paxton Net2 Plus Access Control Panel installed at Access Control Room - DN-37. Assigned owner: Security Officer. Include functional checks, log review, and required remedial actions if deviations are found.",2026-01-05,4.0,907,400.0,2025-09-22 13:31:00,2025-09-24 09:31:00,false,Security Maintenance,Access Control Room - DN-37,Security Operations,Security Officer,,Access-Control-Panel-DN-37,,,false,,,2025-09-22 13:31:00
Inspect NVR recording capacity and camera retention - NVR-DN-37,DONE,MEDIUM,"Inspect nvr recording capacity and camera retention for Hikvision DS-9632NI-M8 Network Video Recorder installed at Video Surveillance Room - DN-37. Assigned owner: Security Officer. Include functional checks, log review, and required remedial actions if deviations are found.",2025-10-09,2.0,908,225.0,2025-09-25 00:31:00,2025-10-09 00:31:00,false,Security Maintenance,Video Surveillance Room - DN-37,Security Operations,Security Officer,,NVR-DN-37,Vy Do,2025-10-09 00:31:00,false,Inspection completed and no critical issues were found.,,2025-09-25 00:31:00
Perform UPS battery health check and load test - UPS-DN-37,DONE,MEDIUM,"Perform ups battery health check and load test for APC Smart-UPS SRT 3000VA installed at UPS Room - DN-37. Assigned owner: Electrician. Include functional checks, log review, and required remedial actions if deviations are found.",2025-04-09,2.0,909,250.0,2025-03-21 17:31:00,2025-04-03 23:31:00,false,Power Maintenance,UPS Room - DN-37,Facilities,Electrician,,UPS-DN-37,Dat Le,2025-04-03 23:31:00,true,UPS battery strings passed the load test and runtime remained within target.,,2025-03-21 17:31:00
Test ATS failover sequence - ATS-Panel-DN-37,DONE,MEDIUM,"Test ats failover sequence for Schneider EasyPact Automatic Transfer Switch installed at Electrical Room - DN-37. Assigned owner: Electrician. Include functional checks, log review, and required remedial actions if deviations are found.",2026-04-06,8.0,910,1100.0,2026-03-11 06:38:00,2026-03-20 10:38:00,false,Power Maintenance,Electrical Room - DN-37,Facilities,Electrician,,ATS-Panel-DN-37,Tien Nguyen,2026-03-20 10:38:00,false,Task completed successfully. Asset is operating within expected thresholds.,,2026-03-11 06:38:00
Replace filters and inspect cooling performance - CRAC-Unit-DN-37,OPEN,HIGH,"Replace filters and inspect cooling performance for Vertiv Liebert PDX Precision Cooling Unit installed at HVAC Plant - DN-37. Assigned owner: HVAC Technician. Include functional checks, log review, and required remedial actions if deviations are found.",2026-02-24,8.0,911,1200.0,2026-02-03 06:09:00,2026-02-05 06:09:00,true,Preventive Maintenance,HVAC Plant - DN-37,Facilities,HVAC Technician,,CRAC-Unit-DN-37,,,false,,Red River Power Co.,2026-02-03 06:09:00
Monthly backup generator test run - Generator-DN-37,OPEN,MEDIUM,"Monthly backup generator test run for Cummins C275D5 Backup Generator installed at Generator Yard - DN-37. Assigned owner: Electrician. Include functional checks, log review, and required remedial actions if deviations are found.",2025-08-23,4.0,912,650.0,2025-06-13 14:08:00,2025-06-15 15:08:00,false,Power Maintenance,Generator Yard - DN-37,Facilities,Electrician,,Generator-DN-37,,,false,,Red River Power Co.,2025-06-13 14:08:00
Clean and validate visitor kiosk peripherals - Visitor-Kiosk-DN-37,ON_HOLD,HIGH,"Clean and validate visitor kiosk peripherals for ZKTeco SpeedFace-V5L Visitor Kiosk installed at Reception - DN-37. Assigned owner: Security Officer. Include functional checks, log review, and required remedial actions if deviations are found.",2025-09-20,2.0,913,150.0,2025-06-16 21:57:00,2025-06-18 23:57:00,false,Preventive Maintenance,Reception - DN-37,Security Operations,Security Officer,,Visitor-Kiosk-DN-37,,,false,,,2025-06-16 21:57:00
Clean camera lens and verify image quality - Loading-Bay-Camera-DN-37,DONE,HIGH,"Clean camera lens and verify image quality for Hikvision DS-2CD2686G2 Bullet Camera installed at Loading Bay - DN-37. Assigned owner: Security Officer. Include functional checks, log review, and required remedial actions if deviations are found.",2025-05-08,2.0,914,175.0,2025-04-27 14:21:00,2025-04-29 20:21:00,false,Security Maintenance,Loading Bay - DN-37,Security Operations,Security Officer,,Loading-Bay-Camera-DN-37,Vy Do,2025-04-29 20:21:00,true,Work order closed after verification by the site operations team.,,2025-04-27 14:21:00
Inspect backhaul alignment and RSSI stability - Microwave-Radio-DN-37,OPEN,MEDIUM,"Inspect backhaul alignment and rssi stability for Ceragon IP-20C Microwave Radio installed at Roof - DN-37. Assigned owner: Field Technician. Include functional checks, log review, and required remedial actions if deviations are found.",2026-03-10,2.0,915,200.0,2026-02-12 02:52:00,2026-02-14 06:52:00,false,Network Maintenance,Roof - DN-37,Cellular Maintenance,Field Technician,,Microwave-Radio-DN-37,,,false,,,2026-02-12 02:52:00
Inspect and clean fiber terminations - Fiber-Patch-Panel-DN-37,DONE,MEDIUM,"Inspect and clean fiber terminations for Corning EDGE Fiber Patch Panel installed at IDF Room 1 - DN-37. Assigned owner: Cabling Technician. Include functional checks, log review, and required remedial actions if deviations are found.",2026-02-18,4.0,916,450.0,2026-02-04 18:25:00,2026-02-10 21:25:00,false,Preventive Maintenance,IDF Room 1 - DN-37,Infrastructure,Cabling Technician,,Fiber-Patch-Panel-DN-37,Phong Le,2026-02-10 21:25:00,false,Maintenance completed successfully. Performance is stable after service.,,2026-02-04 18:25:00
Verify edge switch firmware and uplink stability - Edge-Switch-DN-37,IN_PROGRESS,LOW,"Verify edge switch firmware and uplink stability for Cisco Catalyst 9300 Edge Switch installed at IDF Room 2 - DN-37. Assigned owner: Network Engineer. Include functional checks, log review, and required remedial actions if deviations are found.",2026-03-14,6.0,917,750.0,2025-11-20 12:21:00,2025-11-22 18:21:00,false,Network Maintenance,IDF Room 2 - DN-37,Network Operations,Network Engineer,,Edge-Switch-DN-37,,,false,,,2025-11-20 12:21:00
Optimize antenna alignment and sector KPIs - 5G-Antenna-DN-37,IN_PROGRESS,MEDIUM,"Optimize antenna alignment and sector kpis for Ericsson AIR 6488 Massive MIMO Antenna installed at Telecom Mast - DN-37. Assigned owner: Field Technician. Include functional checks, log review, and required remedial actions if deviations are found.",2025-09-05,4.0,918,550.0,2025-04-18 16:35:00,2025-04-20 23:35:00,false,Cellular Maintenance,Telecom Mast - DN-37,Cellular Maintenance,Field Technician,,5G-Antenna-DN-37,,,false,,,2025-04-18 16:35:00
Review baseband alarms and software health - Baseband-Unit-DN-37,DONE,URGENT,"Review baseband alarms and software health for Nokia AirScale Baseband Unit installed at Base Station - DN-37. Assigned owner: Field Technician. Include functional checks, log review, and required remedial actions if deviations are found.",2025-12-22,4.0,919,600.0,2025-11-25 01:59:00,2025-12-15 06:59:00,false,Cellular Maintenance,Base Station - DN-37,Cellular Maintenance,Field Technician,,Baseband-Unit-DN-37,Son Pham,2025-12-15 06:59:00,false,Inspection completed and no critical issues were found.,,2025-11-25 01:59:00
Inspect RRU connectors and weather sealing - Radio-Unit-DN-37,ON_HOLD,HIGH,"Inspect rru connectors and weather sealing for Ericsson Radio 4422 Remote Radio Unit installed at Antenna Array - DN-37. Assigned owner: Field Technician. Include functional checks, log review, and required remedial actions if deviations are found.",2025-04-07,4.0,920,650.0,2025-03-06 18:49:00,2025-03-09 03:49:00,true,Cellular Maintenance,Antenna Array - DN-37,Cellular Maintenance,Field Technician,,Radio-Unit-DN-37,,,false,,,2025-03-06 18:49:00
Validate gateway sensor polling and packet delivery - Sensor-Gateway-DN-37,DONE,MEDIUM,"Validate gateway sensor polling and packet delivery for Advantech WISE-6610 IoT Gateway installed at Storage Room - DN-37. Assigned owner: Facilities Supervisor. Include functional checks, log review, and required remedial actions if deviations are found.",2025-07-07,2.0,921,150.0,2025-06-28 15:33:00,2025-07-03 17:33:00,false,Preventive Maintenance,Storage Room - DN-37,Facilities,Facilities Supervisor,,Sensor-Gateway-DN-37,Thao Ho,2025-07-03 17:33:00,false,Maintenance completed successfully. Performance is stable after service.,,2025-06-28 15:33:00
Tune wireless controller profiles and client balancing - WiFi-Controller-DN-37,DONE,MEDIUM,"Tune wireless controller profiles and client balancing for Cisco Catalyst 9800-L Wireless Controller installed at Office Floor 1 - DN-37. Assigned owner: Network Engineer. Include functional checks, log review, and required remedial actions if deviations are found.",2025-02-15,6.0,922,525.0,2025-01-27 13:52:00,2025-02-02 15:52:00,false,Network Maintenance,Office Floor 1 - DN-37,Network Operations,Network Engineer,,WiFi-Controller-DN-37,Minh Tran,2025-02-02 15:52:00,true,Maintenance completed successfully. Performance is stable after service.,,2025-01-27 13:52:00
Validate AP channel plan and client coverage - Access-Point-DN-37,DONE,LOW,"Validate ap channel plan and client coverage for Aruba AP-515 Wireless Access Point installed at Office Floor 2 - DN-37. Assigned owner: Network Engineer. Include functional checks, log review, and required remedial actions if deviations are found.",2026-02-01,3.0,923,300.0,2026-01-17 09:59:00,2026-02-01 09:59:00,false,Network Maintenance,Office Floor 2 - DN-37,Network Operations,Network Engineer,,Access-Point-DN-37,Tuan Vo,2026-02-01 09:59:00,false,Maintenance completed successfully. Performance is stable after service.,,2026-01-17 09:59:00
Review GPU thermals and update AI server firmware - AI-Analytics-Server-DN-37,DONE,URGENT,"Review gpu thermals and update ai server firmware for NVIDIA DGX A100 AI Analytics Server installed at Lab A - DN-37. Assigned owner: AI Specialist. Include functional checks, log review, and required remedial actions if deviations are found.",2026-02-13,4.0,924,450.0,2026-02-05 14:08:00,2026-02-08 23:08:00,false,Server Maintenance,Lab A - DN-37,AI Operations,AI Specialist,,AI-Analytics-Server-DN-37,Tung Le,2026-02-08 23:08:00,false,GPU temperatures normalized after maintenance and all accelerators passed diagnostics.,,2026-02-05 14:08:00
Verify monitoring appliance calibration and alerting - Monitoring-Appliance-DN-37,IN_PROGRESS,HIGH,"Verify monitoring appliance calibration and alerting for Fluke OptiView XG Network Monitoring Appliance installed at Workshop - DN-37. Assigned owner: Network Engineer. Include functional checks, log review, and required remedial actions if deviations are found.",2025-05-17,2.0,925,250.0,2025-03-24 13:23:00,2025-03-27 03:23:00,true,Calibration,Workshop - DN-37,Network Operations,Network Engineer,,Monitoring-Appliance-DN-37,,,false,,,2025-03-24 13:23:00
Calibrate monitoring thresholds - Monitoring-System-HP-38,OPEN,MEDIUM,"Calibrate monitoring thresholds for SolarWinds Hybrid Cloud Observability Appliance installed at Infrastructure Site - HP-38. Assigned owner: Network Engineer. Include functional checks, log review, and required remedial actions if deviations are found.",2025-05-06,2.0,926,275.0,2025-02-16 03:33:00,2025-02-18 18:33:00,false,Calibration,Infrastructure Site - HP-38,Network Operations,Network Engineer,,Monitoring-System-HP-38,,,false,,,2025-02-16 03:33:00
Quarterly preventive maintenance on core router - Core-Router-HP-38,OPEN,MEDIUM,"Quarterly preventive maintenance on core router for Cisco ASR 9904 Core Router installed at Network Operations Center (NOC) - HP-38. Assigned owner: Network Engineer. Include functional checks, log review, and required remedial actions if deviations are found.",2026-04-01,2.0,927,300.0,2026-03-06 15:55:00,2026-03-09 07:55:00,false,Network Maintenance,Network Operations Center (NOC) - HP-38,Network Operations,Network Engineer,,Core-Router-HP-38,,,false,,,2026-03-06 15:55:00
Review VMS storage health and recording retention - Security-VMS-Server-HP-38,OPEN,URGENT,"Review vms storage health and recording retention for Milestone Husky IVO 350R Video Management Server installed at Security Operations Center (SOC) - HP-38. Assigned owner: Security Officer. Include functional checks, log review, and required remedial actions if deviations are found.",2026-01-15,4.0,928,650.0,2025-12-21 12:58:00,2025-12-24 05:58:00,false,Security Maintenance,Security Operations Center (SOC) - HP-38,Security Operations,Security Officer,,Security-VMS-Server-HP-38,,,false,,,2025-12-21 12:58:00
Patch hypervisor host and validate cluster health - Virtualization-Host-HP-38,DONE,HIGH,"Patch hypervisor host and validate cluster health for Dell PowerEdge R750 Virtualization Host installed at Server Room A - HP-38. Assigned owner: System Administrator. Include functional checks, log review, and required remedial actions if deviations are found.",2025-05-07,4.0,929,300.0,2025-05-01 12:50:00,2025-05-07 12:50:00,false,Server Maintenance,Server Room A - HP-38,Server Operations,System Administrator,,Virtualization-Host-HP-38,Mai Vu,2025-05-07 12:50:00,true,Corrective action implemented and follow-up checks were satisfactory.,,2025-05-01 12:50:00
Inspect storage array alerts and firmware status - Storage-Array-HP-38,DONE,HIGH,"Inspect storage array alerts and firmware status for NetApp AFF A250 Storage Array installed at Server Room B - HP-38. Assigned owner: Storage Administrator. Include functional checks, log review, and required remedial actions if deviations are found.",2025-05-29,8.0,930,700.0,2025-05-22 10:14:00,2025-05-29 10:14:00,true,Server Maintenance,Server Room B - HP-38,Server Operations,Storage Administrator,,Storage-Array-HP-38,Trang Pham,2025-05-29 10:14:00,true,Inspection completed and no critical issues were found.,,2025-05-22 10:14:00
Validate switch port configuration and error counters - Access-Switch-HP-38,OPEN,MEDIUM,"Validate switch port configuration and error counters for Juniper EX4300 Access Switch installed at Network Closet - HP-38. Assigned owner: Network Engineer. Include functional checks, log review, and required remedial actions if deviations are found.",2025-05-11,3.0,931,300.0,2025-01-24 01:34:00,2025-01-26 21:34:00,false,Network Maintenance,Network Closet - HP-38,Network Operations,Network Engineer,,Access-Switch-HP-38,,,false,,,2025-01-24 01:34:00
Update access control firmware and credential sync - Access-Control-Panel-HP-38,IN_PROGRESS,HIGH,"Update access control firmware and credential sync for Paxton Net2 Plus Access Control Panel installed at Access Control Room - HP-38. Assigned owner: Security Officer. Include functional checks, log review, and required remedial actions if deviations are found.",2025-05-19,2.0,932,225.0,2025-02-28 20:51:00,2025-03-03 17:51:00,false,Security Maintenance,Access Control Room - HP-38,Security Operations,Security Officer,,Access-Control-Panel-HP-38,,,false,,,2025-02-28 20:51:00
Inspect NVR recording capacity and camera retention - NVR-HP-38,DONE,LOW,"Inspect nvr recording capacity and camera retention for Hikvision DS-9632NI-M8 Network Video Recorder installed at Video Surveillance Room - HP-38. Assigned owner: Security Officer. Include functional checks, log review, and required remedial actions if deviations are found.",2026-03-06,4.0,933,500.0,2026-02-24 21:22:00,2026-03-06 21:22:00,false,Security Maintenance,Video Surveillance Room - HP-38,Security Operations,Security Officer,,NVR-HP-38,Vy Do,2026-03-06 21:22:00,false,Work order closed after verification by the site operations team.,,2026-02-24 21:22:00
Perform UPS battery health check and load test - UPS-HP-38,IN_PROGRESS,HIGH,"Perform ups battery health check and load test for APC Smart-UPS SRT 3000VA installed at UPS Room - HP-38. Assigned owner: Electrician. Include functional checks, log review, and required remedial actions if deviations are found.",2025-07-27,1.0,934,137.5,2025-05-06 19:43:00,2025-05-09 18:43:00,true,Power Maintenance,UPS Room - HP-38,Facilities,Electrician,,UPS-HP-38,,,false,,,2025-05-06 19:43:00
Test ATS failover sequence - ATS-Panel-HP-38,DONE,MEDIUM,"Test ats failover sequence for Schneider EasyPact Automatic Transfer Switch installed at Electrical Room - HP-38. Assigned owner: Electrician. Include functional checks, log review, and required remedial actions if deviations are found.",2025-12-16,8.0,935,1200.0,2025-12-14 09:27:00,2025-12-16 09:27:00,false,Power Maintenance,Electrical Room - HP-38,Facilities,Electrician,,ATS-Panel-HP-38,Tien Nguyen,2025-12-16 09:27:00,false,Inspection completed and no critical issues were found.,HaNoi Cooling Services,2025-12-14 09:27:00
Replace filters and inspect cooling performance - CRAC-Unit-HP-38,DONE,HIGH,"Replace filters and inspect cooling performance for Vertiv Liebert PDX Precision Cooling Unit installed at HVAC Plant - HP-38. Assigned owner: HVAC Technician. Include functional checks, log review, and required remedial actions if deviations are found.",2026-01-08,2.0,936,325.0,2025-12-31 05:40:00,2026-01-08 05:40:00,true,Preventive Maintenance,HVAC Plant - HP-38,Facilities,HVAC Technician,,CRAC-Unit-HP-38,Son Nguyen,2026-01-08 05:40:00,false,Corrective action implemented and follow-up checks were satisfactory.,,2025-12-31 05:40:00
Monthly backup generator test run - Generator-HP-38,IN_PROGRESS,LOW,"Monthly backup generator test run for Cummins C275D5 Backup Generator installed at Generator Yard - HP-38. Assigned owner: Electrician. Include functional checks, log review, and required remedial actions if deviations are found.",2025-05-11,1.0,937,75.0,2025-03-18 21:13:00,2025-03-18 23:13:00,false,Power Maintenance,Generator Yard - HP-38,Facilities,Electrician,,Generator-HP-38,,,false,,VN Facilities Services,2025-03-18 21:13:00
Clean and validate visitor kiosk peripherals - Visitor-Kiosk-HP-38,DONE,MEDIUM,"Clean and validate visitor kiosk peripherals for ZKTeco SpeedFace-V5L Visitor Kiosk installed at Reception - HP-38. Assigned owner: Security Officer. Include functional checks, log review, and required remedial actions if deviations are found.",2026-01-20,4.0,938,350.0,2025-12-28 23:27:00,2026-01-05 05:27:00,false,Preventive Maintenance,Reception - HP-38,Security Operations,Security Officer,,Visitor-Kiosk-HP-38,Vy Do,2026-01-05 05:27:00,false,Corrective action implemented and follow-up checks were satisfactory.,,2025-12-28 23:27:00
Clean camera lens and verify image quality - Loading-Bay-Camera-HP-38,DONE,HIGH,"Clean camera lens and verify image quality for Hikvision DS-2CD2686G2 Bullet Camera installed at Loading Bay - HP-38. Assigned owner: Security Officer. Include functional checks, log review, and required remedial actions if deviations are found.",2025-02-25,1.0,939,100.0,2025-02-17 14:54:00,2025-02-25 14:54:00,true,Security Maintenance,Loading Bay - HP-38,Security Operations,Security Officer,,Loading-Bay-Camera-HP-38,Vy Do,2025-02-25 14:54:00,false,Corrective action implemented and follow-up checks were satisfactory.,,2025-02-17 14:54:00
Inspect backhaul alignment and RSSI stability - Microwave-Radio-HP-38,DONE,URGENT,"Inspect backhaul alignment and rssi stability for Ceragon IP-20C Microwave Radio installed at Roof - HP-38. Assigned owner: Field Technician. Include functional checks, log review, and required remedial actions if deviations are found.",2025-05-09,2.0,940,225.0,2025-05-07 22:37:00,2025-05-09 22:37:00,false,Network Maintenance,Roof - HP-38,Cellular Maintenance,Field Technician,,Microwave-Radio-HP-38,Tien Bui,2025-05-09 22:37:00,false,Corrective action implemented and follow-up checks were satisfactory.,,2025-05-07 22:37:00
Inspect and clean fiber terminations - Fiber-Patch-Panel-HP-38,DONE,MEDIUM,"Inspect and clean fiber terminations for Corning EDGE Fiber Patch Panel installed at IDF Room 1 - HP-38. Assigned owner: Cabling Technician. Include functional checks, log review, and required remedial actions if deviations are found.",2026-01-10,3.0,941,375.0,2026-01-07 13:58:00,2026-01-10 13:58:00,false,Preventive Maintenance,IDF Room 1 - HP-38,Infrastructure,Cabling Technician,,Fiber-Patch-Panel-HP-38,Loc Nguyen,2026-01-10 13:58:00,false,Task completed successfully. Asset is operating within expected thresholds.,,2026-01-07 13:58:00
Verify edge switch firmware and uplink stability - Edge-Switch-HP-38,DONE,LOW,"Verify edge switch firmware and uplink stability for Cisco Catalyst 9300 Edge Switch installed at IDF Room 2 - HP-38. Assigned owner: Network Engineer. Include functional checks, log review, and required remedial actions if deviations are found.",2026-02-07,2.0,942,275.0,2026-01-24 14:09:00,2026-01-26 17:09:00,false,Network Maintenance,IDF Room 2 - HP-38,Network Operations,Network Engineer,,Edge-Switch-HP-38,Tuan Vo,2026-01-26 17:09:00,false,Inspection completed and no critical issues were found.,,2026-01-24 14:09:00
Optimize antenna alignment and sector KPIs - 5G-Antenna-HP-38,DONE,MEDIUM,"Optimize antenna alignment and sector kpis for Ericsson AIR 6488 Massive MIMO Antenna installed at Telecom Mast - HP-38. Assigned owner: Field Technician. Include functional checks, log review, and required remedial actions if deviations are found.",2025-12-27,2.0,943,300.0,2025-12-24 21:26:00,2025-12-27 21:26:00,false,Cellular Maintenance,Telecom Mast - HP-38,Cellular Maintenance,Field Technician,,5G-Antenna-HP-38,Duc Nguyen,2025-12-27 21:26:00,false,Sector alignment improved signal quality and throughput remained stable after tuning.,,2025-12-24 21:26:00
Review baseband alarms and software health - Baseband-Unit-HP-38,OPEN,HIGH,"Review baseband alarms and software health for Nokia AirScale Baseband Unit installed at Base Station - HP-38. Assigned owner: Field Technician. Include functional checks, log review, and required remedial actions if deviations are found.",2025-07-09,1.0,944,162.5,2025-04-11 22:06:00,2025-04-12 07:06:00,true,Cellular Maintenance,Base Station - HP-38,Cellular Maintenance,Field Technician,,Baseband-Unit-HP-38,,,false,,,2025-04-11 22:06:00
Inspect RRU connectors and weather sealing - Radio-Unit-HP-38,DONE,LOW,"Inspect rru connectors and weather sealing for Ericsson Radio 4422 Remote Radio Unit installed at Antenna Array - HP-38. Assigned owner: Field Technician. Include functional checks, log review, and required remedial actions if deviations are found.",2025-06-30,6.0,945,450.0,2025-06-16 14:54:00,2025-06-27 18:54:00,false,Cellular Maintenance,Antenna Array - HP-38,Cellular Maintenance,Field Technician,,Radio-Unit-HP-38,Tien Bui,2025-06-27 18:54:00,true,Inspection completed and no critical issues were found.,,2025-06-16 14:54:00
Validate gateway sensor polling and packet delivery - Sensor-Gateway-HP-38,DONE,LOW,"Validate gateway sensor polling and packet delivery for Advantech WISE-6610 IoT Gateway installed at Storage Room - HP-38. Assigned owner: Facilities Supervisor. Include functional checks, log review, and required remedial actions if deviations are found.",2026-02-17,4.0,946,350.0,2026-02-10 00:00:00,2026-02-14 02:00:00,false,Preventive Maintenance,Storage Room - HP-38,Facilities,Facilities Supervisor,,Sensor-Gateway-HP-38,Uyen Pham,2026-02-14 02:00:00,false,Maintenance completed successfully. Performance is stable after service.,,2026-02-10 00:00:00
Tune wireless controller profiles and client balancing - WiFi-Controller-HP-38,IN_PROGRESS,LOW,"Tune wireless controller profiles and client balancing for Cisco Catalyst 9800-L Wireless Controller installed at Office Floor 1 - HP-38. Assigned owner: Network Engineer. Include functional checks, log review, and required remedial actions if deviations are found.",2026-03-04,1.0,947,100.0,2026-02-12 23:17:00,2026-02-13 11:17:00,false,Network Maintenance,Office Floor 1 - HP-38,Network Operations,Network Engineer,,WiFi-Controller-HP-38,,,false,,,2026-02-12 23:17:00
Validate AP channel plan and client coverage - Access-Point-HP-38,OPEN,MEDIUM,"Validate ap channel plan and client coverage for Aruba AP-515 Wireless Access Point installed at Office Floor 2 - HP-38. Assigned owner: Network Engineer. Include functional checks, log review, and required remedial actions if deviations are found.",2025-11-20,3.0,948,337.5,2025-08-12 00:43:00,2025-08-12 13:43:00,false,Network Maintenance,Office Floor 2 - HP-38,Network Operations,Network Engineer,,Access-Point-HP-38,,,false,,,2025-08-12 00:43:00
Review GPU thermals and update AI server firmware - AI-Analytics-Server-HP-38,IN_PROGRESS,HIGH,"Review gpu thermals and update ai server firmware for NVIDIA DGX A100 AI Analytics Server installed at Lab A - HP-38. Assigned owner: AI Specialist. Include functional checks, log review, and required remedial actions if deviations are found.",2025-04-22,4.0,949,500.0,2025-01-02 07:02:00,2025-01-02 21:02:00,false,Server Maintenance,Lab A - HP-38,AI Operations,AI Specialist,,AI-Analytics-Server-HP-38,,,false,,,2025-01-02 07:02:00
Verify monitoring appliance calibration and alerting - Monitoring-Appliance-HP-38,IN_PROGRESS,LOW,"Verify monitoring appliance calibration and alerting for Fluke OptiView XG Network Monitoring Appliance installed at Workshop - HP-38. Assigned owner: Network Engineer. Include functional checks, log review, and required remedial actions if deviations are found.",2026-01-01,6.0,950,825.0,2025-12-19 18:13:00,2025-12-20 09:13:00,false,Calibration,Workshop - HP-38,Network Operations,Network Engineer,,Monitoring-Appliance-HP-38,,,false,,,2025-12-19 18:13:00
Calibrate monitoring thresholds - Monitoring-System-CT-39,OPEN,LOW,"Calibrate monitoring thresholds for SolarWinds Hybrid Cloud Observability Appliance installed at Infrastructure Site - CT-39. Assigned owner: Network Engineer. Include functional checks, log review, and required remedial actions if deviations are found.",2025-06-01,2.0,951,300.0,2025-04-12 13:35:00,2025-04-13 05:35:00,false,Calibration,Infrastructure Site - CT-39,Network Operations,Network Engineer,,Monitoring-System-CT-39,,,false,,,2025-04-12 13:35:00
Quarterly preventive maintenance on core router - Core-Router-CT-39,DONE,MEDIUM,"Quarterly preventive maintenance on core router for Cisco ASR 9904 Core Router installed at Network Operations Center (NOC) - CT-39. Assigned owner: Network Engineer. Include functional checks, log review, and required remedial actions if deviations are found.",2025-05-10,4.0,952,650.0,2025-05-07 03:02:00,2025-05-10 03:02:00,false,Network Maintenance,Network Operations Center (NOC) - CT-39,Network Operations,Network Engineer,,Core-Router-CT-39,Quoc Pham,2025-05-10 03:02:00,false,Maintenance completed successfully. Router performance and routing tables are stable.,,2025-05-07 03:02:00
Review VMS storage health and recording retention - Security-VMS-Server-CT-39,OPEN,HIGH,"Review vms storage health and recording retention for Milestone Husky IVO 350R Video Management Server installed at Security Operations Center (SOC) - CT-39. Assigned owner: Security Officer. Include functional checks, log review, and required remedial actions if deviations are found.",2026-02-08,3.0,953,225.0,2025-11-28 08:55:00,2025-11-29 02:55:00,true,Security Maintenance,Security Operations Center (SOC) - CT-39,Security Operations,Security Officer,,Security-VMS-Server-CT-39,,,false,,,2025-11-28 08:55:00
Patch hypervisor host and validate cluster health - Virtualization-Host-CT-39,DONE,MEDIUM,"Patch hypervisor host and validate cluster health for Dell PowerEdge R750 Virtualization Host installed at Server Room A - CT-39. Assigned owner: System Administrator. Include functional checks, log review, and required remedial actions if deviations are found.",2025-09-15,1.0,954,87.5,2025-09-06 10:42:00,2025-09-15 10:42:00,false,Server Maintenance,Server Room A - CT-39,Server Operations,System Administrator,,Virtualization-Host-CT-39,Mai Vu,2025-09-15 10:42:00,false,Inspection completed and no critical issues were found.,,2025-09-06 10:42:00
Inspect storage array alerts and firmware status - Storage-Array-CT-39,DONE,MEDIUM,"Inspect storage array alerts and firmware status for NetApp AFF A250 Storage Array installed at Server Room B - CT-39. Assigned owner: Storage Administrator. Include functional checks, log review, and required remedial actions if deviations are found.",2026-02-03,8.0,955,800.0,2026-01-21 21:19:00,2026-02-03 21:19:00,false,Server Maintenance,Server Room B - CT-39,Server Operations,Storage Administrator,,Storage-Array-CT-39,Duy Nguyen,2026-02-03 21:19:00,false,Corrective action implemented and follow-up checks were satisfactory.,,2026-01-21 21:19:00
Validate switch port configuration and error counters - Access-Switch-CT-39,IN_PROGRESS,URGENT,"Validate switch port configuration and error counters for Juniper EX4300 Access Switch installed at Network Closet - CT-39. Assigned owner: Network Engineer. Include functional checks, log review, and required remedial actions if deviations are found.",2025-12-27,8.0,956,900.0,2025-09-28 15:47:00,2025-09-29 12:47:00,true,Network Maintenance,Network Closet - CT-39,Network Operations,Network Engineer,,Access-Switch-CT-39,,,false,,,2025-09-28 15:47:00
Update access control firmware and credential sync - Access-Control-Panel-CT-39,DONE,HIGH,"Update access control firmware and credential sync for Paxton Net2 Plus Access Control Panel installed at Access Control Room - CT-39. Assigned owner: Security Officer. Include functional checks, log review, and required remedial actions if deviations are found.",2025-02-19,2.0,957,250.0,2025-02-16 11:16:00,2025-02-19 11:16:00,true,Security Maintenance,Access Control Room - CT-39,Security Operations,Security Officer,,Access-Control-Panel-CT-39,An Nguyen,2025-02-19 11:16:00,true,Work order closed after verification by the site operations team.,,2025-02-16 11:16:00
Inspect NVR recording capacity and camera retention - NVR-CT-39,OPEN,MEDIUM,"Inspect nvr recording capacity and camera retention for Hikvision DS-9632NI-M8 Network Video Recorder installed at Video Surveillance Room - CT-39. Assigned owner: Security Officer. Include functional checks, log review, and required remedial actions if deviations are found.",2025-07-06,1.0,958,137.5,2025-05-07 01:33:00,2025-05-08 00:33:00,false,Security Maintenance,Video Surveillance Room - CT-39,Security Operations,Security Officer,,NVR-CT-39,,,false,,,2025-05-07 01:33:00
Perform UPS battery health check and load test - UPS-CT-39,DONE,URGENT,"Perform ups battery health check and load test for APC Smart-UPS SRT 3000VA installed at UPS Room - CT-39. Assigned owner: Electrician. Include functional checks, log review, and required remedial actions if deviations are found.",2025-03-30,8.0,959,1200.0,2025-03-26 08:39:00,2025-03-28 15:39:00,true,Power Maintenance,UPS Room - CT-39,Facilities,Electrician,,UPS-CT-39,Dat Le,2025-03-28 15:39:00,true,UPS battery strings passed the load test and runtime remained within target.,,2025-03-26 08:39:00
Test ATS failover sequence - ATS-Panel-CT-39,DONE,URGENT,"Test ats failover sequence for Schneider EasyPact Automatic Transfer Switch installed at Electrical Room - CT-39. Assigned owner: Electrician. Include functional checks, log review, and required remedial actions if deviations are found.",2025-03-17,4.0,960,650.0,2025-03-04 05:51:00,2025-03-17 05:51:00,false,Power Maintenance,Electrical Room - CT-39,Facilities,Electrician,,ATS-Panel-CT-39,Phong Pham,2025-03-17 05:51:00,true,Work order closed after verification by the site operations team.,,2025-03-04 05:51:00
Replace filters and inspect cooling performance - CRAC-Unit-CT-39,IN_PROGRESS,MEDIUM,"Replace filters and inspect cooling performance for Vertiv Liebert PDX Precision Cooling Unit installed at HVAC Plant - CT-39. Assigned owner: HVAC Technician. Include functional checks, log review, and required remedial actions if deviations are found.",2026-04-01,4.0,961,300.0,2026-03-16 06:48:00,2026-03-17 08:48:00,false,Preventive Maintenance,HVAC Plant - CT-39,Facilities,HVAC Technician,,CRAC-Unit-CT-39,,,false,,,2026-03-16 06:48:00
Monthly backup generator test run - Generator-CT-39,IN_PROGRESS,MEDIUM,"Monthly backup generator test run for Cummins C275D5 Backup Generator installed at Generator Yard - CT-39. Assigned owner: Electrician. Include functional checks, log review, and required remedial actions if deviations are found.",2025-07-20,3.0,962,262.5,2025-04-04 22:12:00,2025-04-06 01:12:00,false,Power Maintenance,Generator Yard - CT-39,Facilities,Electrician,,Generator-CT-39,,,false,,,2025-04-04 22:12:00
Clean and validate visitor kiosk peripherals - Visitor-Kiosk-CT-39,DONE,LOW,"Clean and validate visitor kiosk peripherals for ZKTeco SpeedFace-V5L Visitor Kiosk installed at Reception - CT-39. Assigned owner: Security Officer. Include functional checks, log review, and required remedial actions if deviations are found.",2025-05-24,3.0,963,300.0,2025-04-26 23:56:00,2025-05-02 07:56:00,false,Preventive Maintenance,Reception - CT-39,Security Operations,Security Officer,,Visitor-Kiosk-CT-39,Vy Do,2025-05-02 07:56:00,true,Task completed successfully. Asset is operating within expected thresholds.,,2025-04-26 23:56:00
Clean camera lens and verify image quality - Loading-Bay-Camera-CT-39,OPEN,MEDIUM,"Clean camera lens and verify image quality for Hikvision DS-2CD2686G2 Bullet Camera installed at Loading Bay - CT-39. Assigned owner: Security Officer. Include functional checks, log review, and required remedial actions if deviations are found.",2026-01-24,2.0,964,225.0,2025-09-14 21:49:00,2025-09-16 02:49:00,false,Security Maintenance,Loading Bay - CT-39,Security Operations,Security Officer,,Loading-Bay-Camera-CT-39,,,false,,Danang Engineering Works,2025-09-14 21:49:00
Inspect backhaul alignment and RSSI stability - Microwave-Radio-CT-39,DONE,LOW,"Inspect backhaul alignment and rssi stability for Ceragon IP-20C Microwave Radio installed at Roof - CT-39. Assigned owner: Field Technician. Include functional checks, log review, and required remedial actions if deviations are found.",2025-02-18,3.0,965,375.0,2025-01-30 08:16:00,2025-02-17 10:16:00,false,Network Maintenance,Roof - CT-39,Cellular Maintenance,Field Technician,,Microwave-Radio-CT-39,Hieu Do,2025-02-17 10:16:00,false,Corrective action implemented and follow-up checks were satisfactory.,,2025-01-30 08:16:00
Inspect and clean fiber terminations - Fiber-Patch-Panel-CT-39,OPEN,MEDIUM,"Inspect and clean fiber terminations for Corning EDGE Fiber Patch Panel installed at IDF Room 1 - CT-39. Assigned owner: Cabling Technician. Include functional checks, log review, and required remedial actions if deviations are found.",2025-06-29,4.0,966,550.0,2025-02-21 10:12:00,2025-02-22 17:12:00,false,Preventive Maintenance,IDF Room 1 - CT-39,Infrastructure,Cabling Technician,,Fiber-Patch-Panel-CT-39,,,false,,,2025-02-21 10:12:00
Verify edge switch firmware and uplink stability - Edge-Switch-CT-39,IN_PROGRESS,URGENT,"Verify edge switch firmware and uplink stability for Cisco Catalyst 9300 Edge Switch installed at IDF Room 2 - CT-39. Assigned owner: Network Engineer. Include functional checks, log review, and required remedial actions if deviations are found.",2026-02-13,8.0,967,1200.0,2026-01-22 06:59:00,2026-01-23 14:59:00,true,Network Maintenance,IDF Room 2 - CT-39,Network Operations,Network Engineer,,Edge-Switch-CT-39,,,false,,,2026-01-22 06:59:00
Optimize antenna alignment and sector KPIs - 5G-Antenna-CT-39,IN_PROGRESS,HIGH,"Optimize antenna alignment and sector kpis for Ericsson AIR 6488 Massive MIMO Antenna installed at Telecom Mast - CT-39. Assigned owner: Field Technician. Include functional checks, log review, and required remedial actions if deviations are found.",2025-06-26,4.0,968,650.0,2025-04-04 18:08:00,2025-04-06 03:08:00,true,Cellular Maintenance,Telecom Mast - CT-39,Cellular Maintenance,Field Technician,,5G-Antenna-CT-39,,,false,,,2025-04-04 18:08:00
Review baseband alarms and software health - Baseband-Unit-CT-39,IN_PROGRESS,URGENT,"Review baseband alarms and software health for Nokia AirScale Baseband Unit installed at Base Station - CT-39. Assigned owner: Field Technician. Include functional checks, log review, and required remedial actions if deviations are found.",2026-01-20,6.0,969,450.0,2026-01-13 01:27:00,2026-01-14 11:27:00,true,Cellular Maintenance,Base Station - CT-39,Cellular Maintenance,Field Technician,,Baseband-Unit-CT-39,,,false,,,2026-01-13 01:27:00
Inspect RRU connectors and weather sealing - Radio-Unit-CT-39,DONE,HIGH,"Inspect rru connectors and weather sealing for Ericsson Radio 4422 Remote Radio Unit installed at Antenna Array - CT-39. Assigned owner: Field Technician. Include functional checks, log review, and required remedial actions if deviations are found.",2026-04-14,8.0,970,700.0,2026-03-18 20:54:00,2026-03-27 23:54:00,true,Cellular Maintenance,Antenna Array - CT-39,Cellular Maintenance,Field Technician,,Radio-Unit-CT-39,Tien Bui,2026-03-27 23:54:00,false,Work order closed after verification by the site operations team.,,2026-03-18 20:54:00
Validate gateway sensor polling and packet delivery - Sensor-Gateway-CT-39,DONE,MEDIUM,"Validate gateway sensor polling and packet delivery for Advantech WISE-6610 IoT Gateway installed at Storage Room - CT-39. Assigned owner: Facilities Supervisor. Include functional checks, log review, and required remedial actions if deviations are found.",2026-02-10,2.0,971,200.0,2026-02-05 18:56:00,2026-02-09 01:56:00,false,Preventive Maintenance,Storage Room - CT-39,Facilities,Facilities Supervisor,,Sensor-Gateway-CT-39,Diem Nguyen,2026-02-09 01:56:00,false,Task completed successfully. Asset is operating within expected thresholds.,,2026-02-05 18:56:00
Tune wireless controller profiles and client balancing - WiFi-Controller-CT-39,DONE,LOW,"Tune wireless controller profiles and client balancing for Cisco Catalyst 9800-L Wireless Controller installed at Office Floor 1 - CT-39. Assigned owner: Network Engineer. Include functional checks, log review, and required remedial actions if deviations are found.",2025-07-30,2.0,972,225.0,2025-07-21 21:16:00,2025-07-30 21:16:00,false,Network Maintenance,Office Floor 1 - CT-39,Network Operations,Network Engineer,,WiFi-Controller-CT-39,Bao Nguyen,2025-07-30 21:16:00,false,Corrective action implemented and follow-up checks were satisfactory.,,2025-07-21 21:16:00
Validate AP channel plan and client coverage - Access-Point-CT-39,OPEN,HIGH,"Validate ap channel plan and client coverage for Aruba AP-515 Wireless Access Point installed at Office Floor 2 - CT-39. Assigned owner: Network Engineer. Include functional checks, log review, and required remedial actions if deviations are found.",2025-08-03,8.0,973,1000.0,2025-04-25 04:55:00,2025-04-26 18:55:00,false,Network Maintenance,Office Floor 2 - CT-39,Network Operations,Network Engineer,,Access-Point-CT-39,,,false,,,2025-04-25 04:55:00
Review GPU thermals and update AI server firmware - AI-Analytics-Server-CT-39,DONE,URGENT,"Review gpu thermals and update ai server firmware for NVIDIA DGX A100 AI Analytics Server installed at Lab A - CT-39. Assigned owner: AI Specialist. Include functional checks, log review, and required remedial actions if deviations are found.",2026-03-20,4.0,974,550.0,2026-03-01 21:42:00,2026-03-06 05:42:00,true,Server Maintenance,Lab A - CT-39,AI Operations,AI Specialist,,AI-Analytics-Server-CT-39,Nhi Tran,2026-03-06 05:42:00,false,GPU temperatures normalized after maintenance and all accelerators passed diagnostics.,,2026-03-01 21:42:00
Verify monitoring appliance calibration and alerting - Monitoring-Appliance-CT-39,DONE,URGENT,"Verify monitoring appliance calibration and alerting for Fluke OptiView XG Network Monitoring Appliance installed at Workshop - CT-39. Assigned owner: Network Engineer. Include functional checks, log review, and required remedial actions if deviations are found.",2026-04-05,4.0,975,600.0,2026-03-20 21:50:00,2026-04-05 21:50:00,false,Calibration,Workshop - CT-39,Network Operations,Network Engineer,,Monitoring-Appliance-CT-39,Nam Le,2026-04-05 21:50:00,false,Task completed successfully. Asset is operating within expected thresholds.,,2026-03-20 21:50:00
Calibrate monitoring thresholds - Monitoring-System-BD-40,OPEN,MEDIUM,"Calibrate monitoring thresholds for SolarWinds Hybrid Cloud Observability Appliance installed at Infrastructure Site - BD-40. Assigned owner: Network Engineer. Include functional checks, log review, and required remedial actions if deviations are found.",2025-11-28,2.0,976,325.0,2025-09-07 00:55:00,2025-09-08 17:55:00,false,Calibration,Infrastructure Site - BD-40,Network Operations,Network Engineer,,Monitoring-System-BD-40,,,false,,,2025-09-07 00:55:00
Quarterly preventive maintenance on core router - Core-Router-BD-40,DONE,HIGH,"Quarterly preventive maintenance on core router for Cisco ASR 9904 Core Router installed at Network Operations Center (NOC) - BD-40. Assigned owner: Network Engineer. Include functional checks, log review, and required remedial actions if deviations are found.",2025-03-31,2.0,977,150.0,2025-03-13 09:45:00,2025-03-31 09:45:00,false,Network Maintenance,Network Operations Center (NOC) - BD-40,Network Operations,Network Engineer,,Core-Router-BD-40,Quoc Pham,2025-03-31 09:45:00,false,Maintenance completed successfully. Router performance and routing tables are stable.,,2025-03-13 09:45:00
Review VMS storage health and recording retention - Security-VMS-Server-BD-40,DONE,MEDIUM,"Review vms storage health and recording retention for Milestone Husky IVO 350R Video Management Server installed at Security Operations Center (SOC) - BD-40. Assigned owner: Security Officer. Include functional checks, log review, and required remedial actions if deviations are found.",2025-05-21,8.0,978,700.0,2025-04-28 04:20:00,2025-04-30 09:20:00,false,Security Maintenance,Security Operations Center (SOC) - BD-40,Security Operations,Security Officer,,Security-VMS-Server-BD-40,Ha Tran,2025-04-30 09:20:00,true,Maintenance completed successfully. Performance is stable after service.,,2025-04-28 04:20:00
Patch hypervisor host and validate cluster health - Virtualization-Host-BD-40,ON_HOLD,HIGH,"Patch hypervisor host and validate cluster health for Dell PowerEdge R750 Virtualization Host installed at Server Room A - BD-40. Assigned owner: System Administrator. Include functional checks, log review, and required remedial actions if deviations are found.",2025-07-04,4.0,979,400.0,2025-03-11 00:35:00,2025-03-12 20:35:00,true,Server Maintenance,Server Room A - BD-40,Server Operations,System Administrator,,Virtualization-Host-BD-40,,,false,,,2025-03-11 00:35:00
Inspect storage array alerts and firmware status - Storage-Array-BD-40,IN_PROGRESS,MEDIUM,"Inspect storage array alerts and firmware status for NetApp AFF A250 Storage Array installed at Server Room B - BD-40. Assigned owner: Storage Administrator. Include functional checks, log review, and required remedial actions if deviations are found.",2026-03-20,6.0,980,675.0,2026-03-07 00:36:00,2026-03-08 21:36:00,false,Server Maintenance,Server Room B - BD-40,Server Operations,Storage Administrator,,Storage-Array-BD-40,,,false,,,2026-03-07 00:36:00
Validate switch port configuration and error counters - Access-Switch-BD-40,DONE,LOW,"Validate switch port configuration and error counters for Juniper EX4300 Access Switch installed at Network Closet - BD-40. Assigned owner: Network Engineer. Include functional checks, log review, and required remedial actions if deviations are found.",2025-11-30,6.0,981,750.0,2025-11-06 14:12:00,2025-11-17 00:12:00,false,Network Maintenance,Network Closet - BD-40,Network Operations,Network Engineer,,Access-Switch-BD-40,Minh Tran,2025-11-17 00:12:00,false,Work order closed after verification by the site operations team.,,2025-11-06 14:12:00
Update access control firmware and credential sync - Access-Control-Panel-BD-40,IN_PROGRESS,URGENT,"Update access control firmware and credential sync for Paxton Net2 Plus Access Control Panel installed at Access Control Room - BD-40. Assigned owner: Security Officer. Include functional checks, log review, and required remedial actions if deviations are found.",2026-01-18,1.0,982,137.5,2025-11-30 18:53:00,2025-12-02 17:53:00,false,Security Maintenance,Access Control Room - BD-40,Security Operations,Security Officer,,Access-Control-Panel-BD-40,,,false,,,2025-11-30 18:53:00
Inspect NVR recording capacity and camera retention - NVR-BD-40,DONE,HIGH,"Inspect nvr recording capacity and camera retention for Hikvision DS-9632NI-M8 Network Video Recorder installed at Video Surveillance Room - BD-40. Assigned owner: Security Officer. Include functional checks, log review, and required remedial actions if deviations are found.",2026-04-06,6.0,983,900.0,2026-03-27 19:56:00,2026-04-01 20:56:00,false,Security Maintenance,Video Surveillance Room - BD-40,Security Operations,Security Officer,,NVR-BD-40,An Nguyen,2026-04-01 20:56:00,false,Corrective action implemented and follow-up checks were satisfactory.,,2026-03-27 19:56:00
Perform UPS battery health check and load test - UPS-BD-40,OPEN,MEDIUM,"Perform ups battery health check and load test for APC Smart-UPS SRT 3000VA installed at UPS Room - BD-40. Assigned owner: Electrician. Include functional checks, log review, and required remedial actions if deviations are found.",2026-02-01,6.0,984,975.0,2026-01-26 02:23:00,2026-01-28 03:23:00,false,Power Maintenance,UPS Room - BD-40,Facilities,Electrician,,UPS-BD-40,,,false,,,2026-01-26 02:23:00
Test ATS failover sequence - ATS-Panel-BD-40,DONE,MEDIUM,"Test ats failover sequence for Schneider EasyPact Automatic Transfer Switch installed at Electrical Room - BD-40. Assigned owner: Electrician. Include functional checks, log review, and required remedial actions if deviations are found.",2026-02-16,6.0,985,450.0,2026-02-14 19:53:00,2026-02-16 19:53:00,false,Power Maintenance,Electrical Room - BD-40,Facilities,Electrician,,ATS-Panel-BD-40,Dat Le,2026-02-16 19:53:00,false,Maintenance completed successfully. Performance is stable after service.,,2026-02-14 19:53:00
Replace filters and inspect cooling performance - CRAC-Unit-BD-40,DONE,MEDIUM,"Replace filters and inspect cooling performance for Vertiv Liebert PDX Precision Cooling Unit installed at HVAC Plant - BD-40. Assigned owner: HVAC Technician. Include functional checks, log review, and required remedial actions if deviations are found.",2025-08-10,2.0,986,175.0,2025-07-13 04:22:00,2025-07-27 06:22:00,false,Preventive Maintenance,HVAC Plant - BD-40,Facilities,HVAC Technician,,CRAC-Unit-BD-40,Son Nguyen,2025-07-27 06:22:00,true,Work order closed after verification by the site operations team.,,2025-07-13 04:22:00
Monthly backup generator test run - Generator-BD-40,IN_PROGRESS,HIGH,"Monthly backup generator test run for Cummins C275D5 Backup Generator installed at Generator Yard - BD-40. Assigned owner: Electrician. Include functional checks, log review, and required remedial actions if deviations are found.",2025-03-22,2.0,987,200.0,2025-02-04 08:19:00,2025-02-06 12:19:00,true,Power Maintenance,Generator Yard - BD-40,Facilities,Electrician,,Generator-BD-40,,,false,,,2025-02-04 08:19:00
Clean and validate visitor kiosk peripherals - Visitor-Kiosk-BD-40,IN_PROGRESS,MEDIUM,"Clean and validate visitor kiosk peripherals for ZKTeco SpeedFace-V5L Visitor Kiosk installed at Reception - BD-40. Assigned owner: Security Officer. Include functional checks, log review, and required remedial actions if deviations are found.",2025-11-16,2.0,988,225.0,2025-08-23 23:19:00,2025-08-26 04:19:00,false,Preventive Maintenance,Reception - BD-40,Security Operations,Security Officer,,Visitor-Kiosk-BD-40,,,false,,,2025-08-23 23:19:00
Clean camera lens and verify image quality - Loading-Bay-Camera-BD-40,IN_PROGRESS,HIGH,"Clean camera lens and verify image quality for Hikvision DS-2CD2686G2 Bullet Camera installed at Loading Bay - BD-40. Assigned owner: Security Officer. Include functional checks, log review, and required remedial actions if deviations are found.",2025-03-28,8.0,989,1000.0,2025-01-23 06:42:00,2025-01-25 12:42:00,false,Security Maintenance,Loading Bay - BD-40,Security Operations,Security Officer,,Loading-Bay-Camera-BD-40,,,false,,,2025-01-23 06:42:00
Inspect backhaul alignment and RSSI stability - Microwave-Radio-BD-40,DONE,HIGH,"Inspect backhaul alignment and rssi stability for Ceragon IP-20C Microwave Radio installed at Roof - BD-40. Assigned owner: Field Technician. Include functional checks, log review, and required remedial actions if deviations are found.",2026-04-05,1.0,990,137.5,2026-03-22 13:52:00,2026-04-05 13:52:00,true,Network Maintenance,Roof - BD-40,Cellular Maintenance,Field Technician,,Microwave-Radio-BD-40,Tien Bui,2026-04-05 13:52:00,false,Task completed successfully. Asset is operating within expected thresholds.,,2026-03-22 13:52:00
Inspect and clean fiber terminations - Fiber-Patch-Panel-BD-40,DONE,HIGH,"Inspect and clean fiber terminations for Corning EDGE Fiber Patch Panel installed at IDF Room 1 - BD-40. Assigned owner: Cabling Technician. Include functional checks, log review, and required remedial actions if deviations are found.",2025-04-06,2.0,991,300.0,2025-03-23 13:37:00,2025-04-01 22:37:00,false,Preventive Maintenance,IDF Room 1 - BD-40,Infrastructure,Cabling Technician,,Fiber-Patch-Panel-BD-40,Loc Nguyen,2025-04-01 22:37:00,true,Corrective action implemented and follow-up checks were satisfactory.,,2025-03-23 13:37:00
Verify edge switch firmware and uplink stability - Edge-Switch-BD-40,DONE,HIGH,"Verify edge switch firmware and uplink stability for Cisco Catalyst 9300 Edge Switch installed at IDF Room 2 - BD-40. Assigned owner: Network Engineer. Include functional checks, log review, and required remedial actions if deviations are found.",2025-11-22,4.0,992,650.0,2025-11-04 18:45:00,2025-11-14 20:45:00,true,Network Maintenance,IDF Room 2 - BD-40,Network Operations,Network Engineer,,Edge-Switch-BD-40,Tuan Vo,2025-11-14 20:45:00,false,Maintenance completed successfully. Performance is stable after service.,,2025-11-04 18:45:00
Optimize antenna alignment and sector KPIs - 5G-Antenna-BD-40,DONE,LOW,"Optimize antenna alignment and sector kpis for Ericsson AIR 6488 Massive MIMO Antenna installed at Telecom Mast - BD-40. Assigned owner: Field Technician. Include functional checks, log review, and required remedial actions if deviations are found.",2025-02-11,2.0,993,150.0,2025-02-08 15:01:00,2025-02-11 15:01:00,false,Cellular Maintenance,Telecom Mast - BD-40,Cellular Maintenance,Field Technician,,5G-Antenna-BD-40,Son Pham,2025-02-11 15:01:00,true,Sector alignment improved signal quality and throughput remained stable after tuning.,,2025-02-08 15:01:00
Review baseband alarms and software health - Baseband-Unit-BD-40,ON_HOLD,MEDIUM,"Review baseband alarms and software health for Nokia AirScale Baseband Unit installed at Base Station - BD-40. Assigned owner: Field Technician. Include functional checks, log review, and required remedial actions if deviations are found.",2025-06-20,1.0,994,87.5,2025-02-25 00:02:00,2025-02-27 11:02:00,false,Cellular Maintenance,Base Station - BD-40,Cellular Maintenance,Field Technician,,Baseband-Unit-BD-40,,,false,,,2025-02-25 00:02:00
Inspect RRU connectors and weather sealing - Radio-Unit-BD-40,IN_PROGRESS,MEDIUM,"Inspect rru connectors and weather sealing for Ericsson Radio 4422 Remote Radio Unit installed at Antenna Array - BD-40. Assigned owner: Field Technician. Include functional checks, log review, and required remedial actions if deviations are found.",2025-09-19,2.0,995,200.0,2025-06-11 05:23:00,2025-06-13 17:23:00,false,Cellular Maintenance,Antenna Array - BD-40,Cellular Maintenance,Field Technician,,Radio-Unit-BD-40,,,false,,,2025-06-11 05:23:00
Validate gateway sensor polling and packet delivery - Sensor-Gateway-BD-40,OPEN,MEDIUM,"Validate gateway sensor polling and packet delivery for Advantech WISE-6610 IoT Gateway installed at Storage Room - BD-40. Assigned owner: Facilities Supervisor. Include functional checks, log review, and required remedial actions if deviations are found.",2026-01-04,4.0,996,450.0,2025-10-22 16:45:00,2025-10-25 05:45:00,false,Preventive Maintenance,Storage Room - BD-40,Facilities,Facilities Supervisor,,Sensor-Gateway-BD-40,,,false,,,2025-10-22 16:45:00
Tune wireless controller profiles and client balancing - WiFi-Controller-BD-40,IN_PROGRESS,MEDIUM,"Tune wireless controller profiles and client balancing for Cisco Catalyst 9800-L Wireless Controller installed at Office Floor 1 - BD-40. Assigned owner: Network Engineer. Include functional checks, log review, and required remedial actions if deviations are found.",2025-05-05,6.0,997,750.0,2025-02-06 19:21:00,2025-02-09 09:21:00,false,Network Maintenance,Office Floor 1 - BD-40,Network Operations,Network Engineer,,WiFi-Controller-BD-40,,,false,,,2025-02-06 19:21:00
Validate AP channel plan and client coverage - Access-Point-BD-40,IN_PROGRESS,MEDIUM,"Validate ap channel plan and client coverage for Aruba AP-515 Wireless Access Point installed at Office Floor 2 - BD-40. Assigned owner: Network Engineer. Include functional checks, log review, and required remedial actions if deviations are found.",2026-02-01,6.0,998,825.0,2026-01-22 18:08:00,2026-01-25 09:08:00,false,Network Maintenance,Office Floor 2 - BD-40,Network Operations,Network Engineer,,Access-Point-BD-40,,,false,,,2026-01-22 18:08:00
Review GPU thermals and update AI server firmware - AI-Analytics-Server-BD-40,IN_PROGRESS,MEDIUM,"Review gpu thermals and update ai server firmware for NVIDIA DGX A100 AI Analytics Server installed at Lab A - BD-40. Assigned owner: AI Specialist. Include functional checks, log review, and required remedial actions if deviations are found.",2025-12-21,8.0,999,1200.0,2025-09-02 19:19:00,2025-09-05 11:19:00,false,Server Maintenance,Lab A - BD-40,AI Operations,AI Specialist,,AI-Analytics-Server-BD-40,,,false,,,2025-09-02 19:19:00
Verify monitoring appliance calibration and alerting - Monitoring-Appliance-BD-40,IN_PROGRESS,URGENT,"Verify monitoring appliance calibration and alerting for Fluke OptiView XG Network Monitoring Appliance installed at Workshop - BD-40. Assigned owner: Network Engineer. Include functional checks, log review, and required remedial actions if deviations are found.",2025-12-07,1.0,1000,162.5,2025-09-06 01:19:00,2025-09-08 18:19:00,true,Calibration,Workshop - BD-40,Network Operations,Network Engineer,,Monitoring-Appliance-BD-40,,,false,,,2025-09-06 01:19:00
